CODIGO BIP,NOMBRE INICIATIVA,REGION,COMUNA,ETAPA POSTULA,COSTO TOTAL M$,AÑO POSTULACION,RATE,FECHA RATE,SECTOR,MAGNITUD,MAGNITUD VALOR,FUENTE FINANCIERA
40071742-0,"MEJORAMIENTO TERMINAL DE BUSES, PERQUENCO",REGION DE LA ARAUCANIA,PERQUENCO,EJECUCION,173881,2026,,,TRANSPORTE,METROS CUADRADOS,243,FNDR
40070768-0,"CONSTRUCCION SEDE SOCIAL PELAHUENCO GRANDE, COMUNA DE GALVARINO",REGION DE LA ARAUCANIA,GALVARINO,EJECUCION,158853,2026,,,MULTISECTORIAL,METROS CUADRADOS,142,FNDR
30461075-0,MEJORAMIENTO RUTA S-61 SECTOR: MELIPEUCO - ICALMA - PASO ICALMA,REGION DE LA ARAUCANIA,,EJECUCION,10255626,2026,RS,2025-12-22,TRANSPORTE,KILÓMETROS,25,SECT
40067788-0,"MEJORAMIENTO CAMINO LAUTARO TEMUCO, TRAMO KM 6.61 AL KM 17.34",REGION DE LA ARAUCANIA,,EJECUCION,8495973,2026,RE,2025-11-26,TRANSPORTE,KILÓMETROS,11,SECT
40026213-0,"CONSTRUCCION INFRAESTRUCTURAS SANITARIAS LLANGUI, SAAVEDRA",REGION DE LA ARAUCANIA,SAAVEDRA,EJECUCION,348595,2026,FI,,VIVIENDA Y DESARROLLO URBANO,UNIDAD,23,FNDR
40024540-0,"MEJORAMIENTO BARRIO ALTO CARAHUE 1, COMUNA DE CARAHUE",REGION DE LA ARAUCANIA,CARAHUE,EJECUCION,467629,2026,RS,2025-12-18,VIVIENDA Y DESARROLLO URBANO,METROS CUADRADOS,2996,SECT
40006156-0,REPOSICION POSTA DE SALUD RURAL LIUMALLA COMUNA DE VILLARRICA,REGION DE LA ARAUCANIA,,EJECUCION,1474098,2026,,,SALUD,METROS CUADRADOS,300,FNDR
40023710-0,"REPOSICION SEDE SOCIAL LA ESMERALDA PAILAHUEQUE, COMUNA DE ERCILLA",REGION DE LA ARAUCANIA,ERCILLA,EJECUCION,162795,2026,,,MULTISECTORIAL,METROS CUADRADOS,112,FNDR
40039772-0,"CONSTRUCCION PAVIMENTOS PARTICIPATIVOS,32 PROCESO, REGIÓN ARAUCANÍA",REGION DE LA ARAUCANIA,,EJECUCION,9992269,2026,RS,2025-12-04,TRANSPORTE,KILÓMETROS,12,SECT
40048296-0,"MEJORAMIENTO BARRIO EL ESFUERZO, COMUNA DE PUREN",REGION DE LA ARAUCANIA,PUREN,EJECUCION,611491,2026,RS,2025-12-05,VIVIENDA Y DESARROLLO URBANO,METROS CUADRADOS,2000,SECT
40072338-0,"ADQUISICION DE COSECHADORA DE ALGAS, COMUNA DE NUEVA IMPERIAL",REGION DE LA ARAUCANIA,NUEVA IMPERIAL,EJECUCION,251631,2026,,,RECURSOS NATURALES Y MEDIO AMBIENTE,UNIDAD,1,FNDR
40072723-0,"CONSERVACION CAMINO CAYUL, COMUNA DE PERQUENCO",REGION DE LA ARAUCANIA,PERQUENCO,EJECUCION,59579,2026,,,TRANSPORTE,METROS,1245,FNDR
40062583-0,"REPOSICION Y ADQUISICIÓN DE  BUSES PARA TRANSPORTE ESCOLAR, VILCUN",REGION DE LA ARAUCANIA,VILCUN,EJECUCION,1281496,2026,,,EDUCACIÓN,UNIDAD,6,FNDR
40049358-0,CONSERVACION HOSPITAL TRAIGUÉN REGION DE LA ARAUCANÍA,REGION DE LA ARAUCANIA,TRAIGUEN,EJECUCION,2447701,2026,AD,2026-01-15,SALUD,METROS CUADRADOS,6298,SECT
40068634-0,CONSTRUCCION VARADERO Y OBRAS COMPLEMENTARIAS CALETA QUEULE,REGION DE LA ARAUCANIA,TOLTEN,EJECUCION,3760053,2026,,,PESCA,METROS CUADRADOS,1000,SECT
40063364-0,"CONSERVACION RED VIAL PROVINCIAS DE MALLECO Y CAUTIN, ZONAS URBANAS GLOSA 5 2024-2025",REGION DE LA ARAUCANIA,,EJECUCION,357518,2026,,,TRANSPORTE,METROS,1242,SECT
40070704-0,"REPOSICION MULTICANCHA SECTOR NAHUELBUTA, COMUNA DE ANGOL",REGION DE LA ARAUCANIA,ANGOL,EJECUCION,91423,2026,,,DEPORTES,METROS CUADRADOS,805,FNDR
30080556-0,MEJORAMIENTO AVENIDA BERNARDO O´HIGGINS CIUDAD DE LAUTARO,REGION DE LA ARAUCANIA,LAUTARO,EJECUCION,5201011,2026,FI,2026-01-06,VIVIENDA Y DESARROLLO URBANO,METROS CUADRADOS,15692,FNDR
40023943-0,"REPOSICION PARADOR DE ARTESANOS, MELIPEUCO",REGION DE LA ARAUCANIA,MELIPEUCO,EJECUCION,868359,2026,OT,2026-05-05,TURISMO Y COMERCIO,METROS CUADRADOS,355,FNDR
40075222-0,"CONSTRUCCION CLÍNICA VETERINARIA MUNICIPAL, COMUNA DE MELIPEUCO",REGION DE LA ARAUCANIA,MELIPEUCO,EJECUCION,160000,2026,,,MULTISECTORIAL,UNIDAD,1,FNDR
40002036-0,"CONSTRUCCION SISTEMA AGUA POTABLE RURAL LA SIERRA, SAAVEDRA",REGION DE LA ARAUCANIA,SAAVEDRA,EJECUCION,8469394,2026,RS,2026-07-20,RECURSOS HIDRICOS,NRO. DE ARRANQUES TOTALES,286,FNDR
40053490-0,"CONSTRUCCION PAVIMENTOS PARTICIPATIVOS, 34 PROCESO, REGIÓN DE LA ARAUCANÍA",REGION DE LA ARAUCANIA,,EJECUCION,3497894,2026,RS,2025-12-04,TRANSPORTE,KILÓMETROS,9,SECT
30460172-0,MEJORAMIENTO RUTA S-95-T SECTOR:VILLARRICA - LICAN RAY ,REGION DE LA ARAUCANIA,VILLARRICA,DISEÑO,1329055,2026,RS,2026-01-15,TRANSPORTE,KILÓMETROS,23,SECT
40075310-0,CONSTRUCCION COSAM COMUNA DE TRAIGUEN,REGION DE LA ARAUCANIA,,DISEÑO,115359,2026,,,SALUD,METROS CUADRADOS,1700,FNDR
40069653-0,"INSTALACION SISTEMA AGUA POTABLE  HUIÑOCO CHANLELFU, LONCOCHE ",REGION DE LA ARAUCANIA,,PREFACTIBILIDAD,165269,2026,,,RECURSOS HIDRICOS,NRO. DE ARRANQUES TOTALES,100,SECT
30231672-0,AMPLIACION RUTA S-839 (SEGUNDA FAJA AL VOLCAN) VILLARRICA,REGION DE LA ARAUCANIA,VILLARRICA,EJECUCION,22482785,2026,RS,2026-08-19,TRANSPORTE,KILÓMETROS,3,SECT
40020211-0,"MEJORAMIENTO CBI PUTUE BAJO RINCONADA Y CRUCE RUTA S-91 RINCONADA, VILLARRICA",REGION DE LA ARAUCANIA,VILLARRICA,EJECUCION,1395525,2026,RS,2026-01-14,TRANSPORTE,KILÓMETROS,10,SECT
40049870-0,CONSERVACION CAMINOS EN COMUNIDADES INDÍGENAS PROVINCIAS DE MALLECO Y CAUTIN 2024 – 2026 ,REGION DE LA ARAUCANIA,,EJECUCION,21702451,2026,RS,2026-03-27,TRANSPORTE,KILÓMETROS,216,SECT
40068747-0,"MEJORAMIENTO CEMENTERIO INDIGENA SECTOR CALOF, COMUNA DE SAAVEDRA",REGION DE LA ARAUCANIA,SAAVEDRA,EJECUCION,68983,2026,,,MULTISECTORIAL,METROS CUADRADOS,87,FNDR
40070472-0,"MEJORAMIENTO PLAZA PORTAL QUEULE, TOLTEN",REGION DE LA ARAUCANIA,TOLTEN,DISEÑO,114240,2026,,,VIVIENDA Y DESARROLLO URBANO,METROS CUADRADOS,5470,SECT
40002246-0,"ADQUISICION CLINICA VETERINARIA MOVIL, COMUNA DE TEODORO SCHMIDT",REGION DE LA ARAUCANIA,TEODORO SCHMIDT,EJECUCION,164220,2026,,,SALUD,UNIDAD,1,FNDR
40073569-0,"CONSERVACION DE RIBERAS CON ENROCADO EN RÍO TOLTÉN SECTOR COMUY, COMUNA DE PITRUFQUÉN",REGION DE LA ARAUCANIA,PITRUFQUEN,EJECUCION,309299,2026,,,RECURSOS HIDRICOS,METROS CUBICOS,2250,SECT
40069568-0,CONSTRUCCION REGULACION RIEGO SECTOR ALTO RIO CAUTIN,REGION DE LA ARAUCANIA,CURACAUTIN,DISEÑO,1754915,2026,,,RECURSOS HIDRICOS,HECTAREA,15000,SECT
40029327-0,"MEJORAMIENTO GIMNASIO MUNICIPAL CAMPOS DEPORTIVOS , TEMUCO",REGION DE LA ARAUCANIA,TEMUCO,EJECUCION,1227032,2026,FI,2026-01-09,DEPORTES,METROS CUADRADOS,951,FNDR
40019783-0,"MEJORAMIENTO DE LA ESCUELA E-77 GUSTAVO VASQUEZ DIAZ, LOS SAUCES",REGION DE LA ARAUCANIA,LOS SAUCES,DISEÑO,354289,2026,RS,2026-01-09,"EDUCACION, CULTURA Y PATRIMONIO",METROS CUADRADOS,3937,FNDR
40069986-0,"CONSTRUCCION CENTRO MULTIUSO TENENCIA RESPONSABLE DE MASCOTAS, PERQUENCO",REGION DE LA ARAUCANIA,PERQUENCO,EJECUCION,167000,2026,,,MULTISECTORIAL,METROS CUADRADOS,170,FNDR
40076159-0,"CONSERVACION LICEO BICENTENARIO DE EXCELENCIA POLITECNICO VILLARRICA, COMUNA VILLARRICA ",REGION DE LA ARAUCANIA,VILLARRICA,EJECUCION,15465,2026,,,EDUCACIÓN,METROS CUADRADOS,26,SECT
40000938-0,"REPOSICION CUARTEL SEGUNDA COMPAÑIA DE BOMBEROS, NUEVA IMPERIAL",REGION DE LA ARAUCANIA,NUEVA IMPERIAL,DISEÑO,86676,2026,RS,2026-01-13,SEGURIDAD PUBLICA,METROS CUADRADOS,557,FNDR
40000938-0,"REPOSICION CUARTEL SEGUNDA COMPAÑIA DE BOMBEROS, NUEVA IMPERIAL",REGION DE LA ARAUCANIA,NUEVA IMPERIAL,EJECUCION,2511147,2026,RS,2026-08-20,SEGURIDAD PUBLICA,METROS CUADRADOS,557,FNDR
40060096-0,"MEJORAMIENTO Y AMPLIACIÓN SSR PUERTO DOMINGUEZ, SAAVEDRA,",REGION DE LA ARAUCANIA,SAAVEDRA,EJECUCION,4025481,2026,,,RECURSOS HIDRICOS,NRO. DE ARRANQUES TOTALES,200,SECT
40038515-0,CONSERVACION GLOBAL DE CAMINOS REGION DE LA ARAUCANIA 2023-2025,REGION DE LA ARAUCANIA,,EJECUCION,14450420,2026,AD,2025-12-03,TRANSPORTE,KILÓMETROS,100,SECT
40004714-0,"MEJORAMIENTO COMPLEJO DEPORTIVO MARILUAN Y REPOSICION CANCHA N°1, VICTORIA",REGION DE LA ARAUCANIA,VICTORIA,EJECUCION,2333874,2026,RS,2026-01-08,DEPORTES,METROS CUADRADOS,4500,FNDR
40046643-0,CONSERVACION RED VIAL PROVINCIAS DE MALLECO Y CAUTIN 2023-2025,REGION DE LA ARAUCANIA,,EJECUCION,15313420,2026,,,TRANSPORTE,METROS CUADRADOS,1,SECT
40075027-0,"CONSERVACION INFRAESTRUCTURA EDIFICIOS MOP, TEMUCO",REGION DE LA ARAUCANIA,TEMUCO,EJECUCION,243692,2026,,,MULTISECTORIAL,METROS CUADRADOS,315,SECT
40071066-0,"REPOSICION VEREDAS LEÓN GALLO DE CRUZ A CHOMIO, ZENTENO DE LEÓN GALLO A SAN JOSÉ, TEMUCO",REGION DE LA ARAUCANIA,TEMUCO,EJECUCION,169000,2026,,,TRANSPORTE,METROS,940,FNDR
40074756-0,"CONSERVACION JARDÍN INFANTIL RAYITO DE LUZ, PILLANLELBUN",REGION DE LA ARAUCANIA,LAUTARO,EJECUCION,123463,2026,,,EDUCACIÓN,METROS CUADRADOS,205,SECT
40032741-0,REPOSICION PLAZA DE ARMAS VILLARRICA,REGION DE LA ARAUCANIA,VILLARRICA,DISEÑO,82674,2026,,,VIVIENDA Y DESARROLLO URBANO,METROS CUADRADOS,10760,SECT
40060674-0,MEJORAMIENTO Y CONSERVACIÓN DE CAMINOS RURALES CURARREHUE,REGION DE LA ARAUCANIA,CURARREHUE,EJECUCION,159600,2026,,,TRANSPORTE,METROS,34300,FNDR
40061328-0,"CONSERVACION ESCUELA ANTONIO LADINO, COMUNA SAAVEDRA.",REGION DE LA ARAUCANIA,SAAVEDRA,EJECUCION,851173,2026,,2026-01-12,EDUCACIÓN,METROS CUADRADOS,1237,SECT
30485337-0,"REPOSICION POSTA SALUD RURAL RARI RUCA, COMUNA DE CURACAUTÍN",REGION DE LA ARAUCANIA,CURACAUTIN,EJECUCION,798910,2026,FI,,SALUD,METROS CUADRADOS,368,FNDR
40031216-0,CONSERVACION JARDIN INFANTIL Y SALA CUNA LA UNION,REGION DE LA ARAUCANIA,CUNCO,EJECUCION,277777,2026,,,"EDUCACION, CULTURA Y PATRIMONIO",METROS CUADRADOS,320,SECT
40069570-0,CONSTRUCCION RED TERCIARIA CANAL LOS PINOS,REGION DE LA ARAUCANIA,PITRUFQUEN,EJECUCION,4126213,2026,,,RECURSOS HIDRICOS,HECTAREA,500,SECT
40066867-0,REPOSICION MOBILIARIO CLÍNICO HOSPITALIZADOS H. VICTORIA,REGION DE LA ARAUCANIA,VICTORIA,EJECUCION,1133645,2026,,,SALUD,UNIDAD,86,FNDR
40019575-0,"MEJORAMIENTO ACCESO VILLA HUMBERTO TORO, QUEPE, FREIRE",REGION DE LA ARAUCANIA,FREIRE,DISEÑO,57359,2026,RS,2026-01-09,TRANSPORTE,METROS CUADRADOS,11003,SECT
40006083-0,CONSTRUCCION UNIDAD DE ONCOLOGÍA INTEGRAL REGIÓN DE LA ARAUCANÍA,REGION DE LA ARAUCANIA,TEMUCO,EJECUCION,142180403,2027,RS,2026-08-14,SALUD,METROS CUADRADOS,11347,SECT
40006083-0,CONSTRUCCION UNIDAD DE ONCOLOGÍA INTEGRAL REGIÓN DE LA ARAUCANÍA,REGION DE LA ARAUCANIA,TEMUCO,EJECUCION,142180403,2027,RS,2026-08-14,SALUD,METROS CUADRADOS,11347,FNDR
40006083-0,CONSTRUCCION UNIDAD DE ONCOLOGÍA INTEGRAL REGIÓN DE LA ARAUCANÍA,REGION DE LA ARAUCANIA,TEMUCO,DISEÑO,722285,2026,RS,2026-01-08,SALUD,METROS CUADRADOS,11347,FNDR
40030672-0,CONSERVACION GLOBAL DE CAMINOS REGION DE LA ARAUCANIA 2022-2025,REGION DE LA ARAUCANIA,,EJECUCION,16038392,2026,,,TRANSPORTE,KILÓMETROS,600,SECT
30467433-0,"REPOSICION TERMINAL DE BUSES HUALPÍN, COMUNA T.SCHMIDT",REGION DE LA ARAUCANIA,TEODORO SCHMIDT,EJECUCION,2641226,2026,RS,2026-01-08,TRANSPORTE,METROS CUADRADOS,412,FNDR
40069577-0,"ADQUISICION CAMIONES TOLVA Y CAMA BAJA Y REPOSICION DE CAMION PLANO, COMUNA DE CHOLCHOL",REGION DE LA ARAUCANIA,CHOL CHOL,EJECUCION,740999,2026,,,TRANSPORTE,UNIDAD,6,FNDR
30073030-0,"INSTALACION AGUA POTABLE RURAL UNION RIO BLANCO, CURACAUTIN",REGION DE LA ARAUCANIA,CURACAUTIN,EJECUCION,2899210,2026,RS,2025-11-11,RECURSOS HIDRICOS,NRO. DE ARRANQUES TOTALES,124,SECT
20153304-2,"MEJORAMIENTO RUTAS S-46 ,S-618 SECTOR:  PTO. DOMINGUEZ -  HUALPIN",REGION DE LA ARAUCANIA,,EJECUCION,10944193,2026,FI,,TRANSPORTE,KILÓMETROS,31,SECT
30345076-0,REPOSICION CENTRO CULTURAL DE GALVARINO,REGION DE LA ARAUCANIA,GALVARINO,DISEÑO,109051,2026,RS,,"EDUCACION, CULTURA Y PATRIMONIO",METROS CUADRADOS,1315,FNDR
30081138-0,MEJORAMIENTO RUTAS S-464 Y S-488; ALMAGRO - BARROS ARANA,REGION DE LA ARAUCANIA,,EJECUCION,16838188,2026,RS,2026-06-09,TRANSPORTE,KILÓMETROS,27,FNDR
30463675-0,"INSTALACION SISTEMA APR  PEHUENCO, LONQUIMAY",REGION DE LA ARAUCANIA,LONQUIMAY,EJECUCION,2781808,2026,FI,2025-11-11,RECURSOS HIDRICOS,NRO. DE ARRANQUES TOTALES,170,SECT
40081680-0,"CONSTRUCCION DE REFUGIOS PEATONALES EN SECTORES RURALES, COMUNA DE LUMACO",REGION DE LA ARAUCANIA,LUMACO,EJECUCION,225842,2026,,,TRANSPORTE,UNIDAD,31,FNDR
40079833-0,"MEJORAMIENTO PATIO ESCUELA PATRICIO CHÁVEZ SOTO, CURACAUTÍN",REGION DE LA ARAUCANIA,CURACAUTIN,EJECUCION,201325,2026,,,EDUCACIÓN,METROS CUADRADOS,955,FNDR
30384722-0,"REPOSICION ESCUELA BASICA LICANCURA, CURARREHUE",REGION DE LA ARAUCANIA,CURARREHUE,EJECUCION,10993065,2026,RS,2026-01-09,"EDUCACION, CULTURA Y PATRIMONIO",METROS CUADRADOS,3059,FNDR
30384722-0,"REPOSICION ESCUELA BASICA LICANCURA, CURARREHUE",REGION DE LA ARAUCANIA,CURARREHUE,EJECUCION,10993065,2026,RS,2026-01-09,"EDUCACION, CULTURA Y PATRIMONIO",METROS CUADRADOS,3059,SECT
40080829-0,ADQUISICION DE VEHÌCULO PARA FORTALECER LA RESPUESTA ANTE SITUACIONES DE EMERGENCIA DE LA COMUNA DE GORBEA.,REGION DE LA ARAUCANIA,GORBEA,EJECUCION,137945,2026,,,MULTISECTORIAL,UNIDAD,1,FNDR
40081868-0,"MEJORAMIENTO SISTEMA SANITARIO RURAL HUECHE HUENULAF, TEMUCO ",REGION DE LA ARAUCANIA,TEMUCO,EJECUCION,2549421,2026,,,RECURSOS HIDRICOS,NRO. DE ARRANQUES TOTALES,260,SECT
40081027-0,ADQUISICION VEHÍCULO PARA FORTALECER LA RESP. ANTE SITUACIONES DE EMERGENCIA EN LA COMUNA DE CURACAUTÍN,REGION DE LA ARAUCANIA,CURACAUTIN,EJECUCION,137945,2026,,,SEGURIDAD PUBLICA,UNIDAD,1,FNDR
30442127-0,NORMALIZACION CUADRA PERSONAL CCP VICTORIA ,REGION DE LA ARAUCANIA,VICTORIA,EJECUCION,3382813,2026,RS,,JUSTICIA,METROS CUADRADOS,1124,SECT
30442127-0,NORMALIZACION CUADRA PERSONAL CCP VICTORIA ,REGION DE LA ARAUCANIA,VICTORIA,EJECUCION,3382813,2026,RS,,JUSTICIA,METROS CUADRADOS,1124,FNDR
30459418-0,"REPOSICION ESTADIO QUEULE, COMUNA DE TOLTEN",REGION DE LA ARAUCANIA,TOLTEN,EJECUCION,1364650,2026,FI,2026-01-13,DEPORTES,METROS CUADRADOS,13344,FNDR
40067538-0,"REPOSICION CARROBOMBA TERCERA COMPAÑÍA DE BOMBEROS, VICTORIA",REGION DE LA ARAUCANIA,VICTORIA,EJECUCION,460648,2026,,,SEGURIDAD PUBLICA,UNIDAD,1,FNDR
40059794-0,NORMALIZACION SUPERFICIE LIMITADORA OBSTÁCULOS AD. PUCON,REGION DE LA ARAUCANIA,PUCON,EJECUCION,1915329,2026,RS,2026-02-02,TRANSPORTE,METROS CUADRADOS,136505,SECT
40071683-0,ADQUISICION DE CAMION ALJIBE. COMUNA DE TRAIGUEN. ,REGION DE LA ARAUCANIA,TRAIGUEN,EJECUCION,196313,2026,,,MULTISECTORIAL,UNIDAD,1,FNDR
40057641-0,CONSERVACION VARIOS PUENTES MENORES PROVINCIA DE CAUTÍN 2025- 2027,REGION DE LA ARAUCANIA,,EJECUCION,8247701,2026,AD,2025-11-22,TRANSPORTE,METROS,95,SECT
40080564-0,"CONSTRUCCION REDUCTORES DE VELOCIDAD AÑO 2026, VICTORIA",REGION DE LA ARAUCANIA,VICTORIA,EJECUCION,140000,2026,,,TRANSPORTE,UNIDAD,28,FNDR
40082872-0,ADQUISICION EQUIPOS ELECTROGENOS,REGION DE LA ARAUCANIA,FREIRE,EJECUCION,28131600,2026,,,RECURSOS HIDRICOS,NRO. DE ARRANQUES TOTALES,509,FNDR
40072091-0,"CONSTRUCCION SERVICIO SANITARIO RURAL SECTOR COLPI SUR Y QUETRE, COMUNA DE GALVARINO",REGION DE LA ARAUCANIA,GALVARINO,DISEÑO,105900,2026,FI,2026-07-08,RECURSOS HIDRICOS,NRO. DE ARRANQUES TOTALES,131,FNDR
40020031-0,"CONSTRUCCION CANCHA DE PASTO SINTÉTICO VILLA COSTANERA, COMUNA DE SAAVEDRA",REGION DE LA ARAUCANIA,SAAVEDRA,EJECUCION,115520,2026,,,DEPORTES,METROS CUADRADOS,671,FNDR
40020031-0,"CONSTRUCCION CANCHA DE PASTO SINTÉTICO VILLA COSTANERA, COMUNA DE SAAVEDRA",REGION DE LA ARAUCANIA,SAAVEDRA,EJECUCION,115520,2026,,,DEPORTES,METROS CUADRADOS,671,MUNIC
40070172-0,"CONSERVACION RED VIAL, PROVINCIAS CAUTIN y MALLECO, REGION DE LA ARAUCANÍA.",REGION DE LA ARAUCANIA,,EJECUCION,5897770,2026,AD,2025-12-19,TRANSPORTE,KILÓMETROS,24,SECT
40080471-0,"ADQUISICION DE VEHICULO PARA FORTALECER LA RESPUESTA ANTE SITUACIONES DE EMERGENCIA, COMUNA DE PUREN",REGION DE LA ARAUCANIA,PUREN,EJECUCION,114954,2026,,,SEGURIDAD PUBLICA,UNIDAD,1,FNDR
40070751-0,"REPOSICION FERIA MUNICIPAL WE MONGEN, NUEVA IMPERIAL",REGION DE LA ARAUCANIA,NUEVA IMPERIAL,EJECUCION,300000,2026,,,TURISMO Y COMERCIO,METROS CUADRADOS,2687,FNDR
40058954-0,"MEJORAMIENTO DE CAMINOS VECINALES  SECTOR VENECIA Y SANTA ELENA,  COMUNA DE RENAICO",REGION DE LA ARAUCANIA,RENAICO,EJECUCION,241280,2026,,,TRANSPORTE,KILÓMETROS,2530,FNDR
40070928-0,"CONSTRUCCION OBRAS MENORES CANCHA DE FUTBOL ESTADIO LOS LAURELES, COMUNA DE CUNCO",REGION DE LA ARAUCANIA,CUNCO,EJECUCION,64500,2026,,,MULTISECTORIAL,METROS,402,FNDR
40081923-0,"MEJORAMIENTO SISTEMA SANITARIO RURAL CARILAFQUEN, PITRUFQUEN ",REGION DE LA ARAUCANIA,,EJECUCION,5120437,2026,,,RECURSOS HIDRICOS,NRO. DE ARRANQUES TOTALES,254,SECT
40069640-0,AMPLIACION Y MEJORAMIENTO SSR CATRIMALAL TEMUCO,REGION DE LA ARAUCANIA,TEMUCO,EJECUCION,1393292,2026,,,RECURSOS HIDRICOS,NRO. DE ARRANQUES TOTALES,201,SECT
40059375-0,REPOSICION INFRAESTRUCTURA FERROVIARIA SECTOR TEMUCO - GORBEA,REGION DE LA ARAUCANIA,,EJECUCION,85186014,2026,RS,2025-12-22,TRANSPORTE,KILÓMETROS,45,EMPRE
40080376-0,"REPOSICION DOS MINIBUSES PARA TRANSPORTE ESCOLAR Y SOCIAL, ERCILLA",REGION DE LA ARAUCANIA,ERCILLA,EJECUCION,125428,2026,,,MULTISECTORIAL,HABITANTE BENEFICIADO,700,FNDR
40077920-0,"ADQUISICION CATRES CLÍNICOS PARA USUARIOS CON DEPENDENCIA SEVERA PADDS, REGION DE LA ARAUCANIA",REGION DE LA ARAUCANIA,,EJECUCION,1100000,2026,,,SALUD,UNIDAD,1295,FNDR
40081748-0,"CONSTRUCCION SISTEMA SANITARIO RURAL LOS CALABOZOS, PUCON  ",REGION DE LA ARAUCANIA,,DISEÑO,155883,2027,,,RECURSOS HIDRICOS,NRO. DE ARRANQUES NUEVOS,230,SECT
40080392-0,"CONSTRUCCION ALUMBRADO PUBLICO PARA PARADEROS EN SECTOR SÉPTIMA FAJA, CHEILLACO Y HUALAPULLI,  VILLARRICA",REGION DE LA ARAUCANIA,VILLARRICA,EJECUCION,55666,2026,,,TRANSPORTE,NÚMERO DE EMPALMES,3,FNDR
40071316-0,"CONSTRUCCION Y REPOSICIÓN PARADEROS  URBANOS Y RURALES, COMUNA DE CHOLCHOL",REGION DE LA ARAUCANIA,CHOL CHOL,EJECUCION,114027667,2026,,,MULTISECTORIAL,METROS CUADRADOS,24,FNDR
40081620-0,ADQUISICION DE VEHICULO DE RESPUESTA ANTE SITUACIONES DE EMERGENCIA PARA LA COMUNA DE LAUTARO,REGION DE LA ARAUCANIA,LAUTARO,EJECUCION,137945,2026,,,SEGURIDAD PUBLICA,UNIDAD,1,FNDR
40081872-0,"MEJORAMIENTO SISTEMA SANITARIO RURAL BOYECO,PUREN ",REGION DE LA ARAUCANIA,,EJECUCION,2774545,2026,,,RECURSOS HIDRICOS,NRO. DE ARRANQUES TOTALES,196,SECT
30064321-0,"INSTALACION SAPR CATRIMALAL, TEMUCO",REGION DE LA ARAUCANIA,TEMUCO,EJECUCION,3360679,2026,RS,2025-11-12,RECURSOS HIDRICOS,NRO. DE ARRANQUES NUEVOS,201,SECT
40080665-0,"CONSERVACION CICLOVÍA, MEJORAMIENTO VIAL, CAMINO INT., COMUNA DE PUCÓN",REGION DE LA ARAUCANIA,PUCON,EJECUCION,347710,2026,,,TRANSPORTE,UNIDAD,25000,FNDR
40076256-0,"CONSERVACION ESC. BASICA AMELIA GODOY PEÑA, LAUTARO",REGION DE LA ARAUCANIA,LAUTARO,EJECUCION,12640,2026,,,EDUCACIÓN,METROS CUADRADOS,48,SECT
40009622-0,"CONSTRUCCION SALON MULTIPROPOSITO COMUNIDAD LIEMPI COLIPI, CURACAUTIN",REGION DE LA ARAUCANIA,CURACAUTIN,EJECUCION,45460,2026,,,MULTISECTORIAL,METROS CUADRADOS,78,FNDR
40032089-0,"REPOSICION POSTA SANTA JULIA, CURACAUTIN",REGION DE LA ARAUCANIA,CURACAUTIN,EJECUCION,841228,2026,,,SALUD,METROS,112,FNDR
40068747-0,"MEJORAMIENTO CEMENTERIO INDIGENA SECTOR CALOF, COMUNA DE SAAVEDRA",REGION DE LA ARAUCANIA,SAAVEDRA,EJECUCION,68983,2026,,,MULTISECTORIAL,METROS,292,FNDR
20178168-0,"INSTALACION SISTEMA AGUA POTABLE RURAL CHALLUPEN BAJO, VILLARRICA",REGION DE LA ARAUCANIA,VILLARRICA,DISEÑO,193197,2026,RS,2026-05-25,RECURSOS HIDRICOS,NRO. DE ARRANQUES TOTALES,90,FNDR
30370369-0,"CONSTRUCCION DEFENSAS FLUVIALES RÍO CAUTÍN EN LABRANZA, TEMUCO",REGION DE LA ARAUCANIA,TEMUCO,DISEÑO,303736,2026,,,RECURSOS HIDRICOS,UNIDAD,1,SECT
30267380-0,"REPOSICION INTEGRAL ESTADIO MUNICIPAL, COMUNA DE COLLIPULLI",REGION DE LA ARAUCANIA,COLLIPULLI,EJECUCION,3322934,2026,RS,2026-01-07,DEPORTES,METROS CUADRADOS,11561,FNDR
20054441-0,"NORMALIZACION HOSPITAL DR. OSCAR HERNANDEZ ESCOBAR, CURACAUTIN",REGION DE LA ARAUCANIA,CURACAUTIN,EJECUCION,52509689,2026,RS,2026-01-23,SALUD,METROS CUADRADOS,8871,SECT
30083093-0,MEJORAMIENTO RUTA R-925-S CURACAUTIN-CONGUILLIO S:HUEÑIVALES-CAPTREN,REGION DE LA ARAUCANIA,CURACAUTIN,EJECUCION,8170450,2026,RS,,TRANSPORTE,KILÓMETROS,13,SECT
30123000-0,CONSERVACION  GLOBAL MIXTA REGION DE LA ARAUCANIA AÑO 2013,REGION DE LA ARAUCANIA,,EJECUCION,58878608,2026,,,TRANSPORTE,KILÓMETROS,1000,SECT
30126159-0,CONSTRUCCION COMPLEJO ASISTENCIAL PADRE LAS CASAS,REGION DE LA ARAUCANIA,PADRE LAS CASAS,EJECUCION,103237978,2026,RS,2026-01-21,SALUD,METROS CUADRADOS,30151,SECT
20088311-0,NORMALIZACION HOSPITAL VILLARRICA                                    ,REGION DE LA ARAUCANIA,VILLARRICA,EJECUCION,96137481,2026,RS,2026-01-26,SALUD,METROS CUADRADOS,20789,SECT
30370477-0,CONSERVACION CAMINOS PLAN INDIGENA 2016 R. DE LA ARAUCANIA,REGION DE LA ARAUCANIA,,EJECUCION,8020177,2026,,,TRANSPORTE,KILÓMETROS,100,SECT
30070275-0,"CONSTRUCCION EDIFICIO CONSISTORIAL, VICTORIA",REGION DE LA ARAUCANIA,VICTORIA,DISEÑO,330728,2026,OT,,MULTISECTORIAL,METROS CUADRADOS,3000,FNDR
30096349-0,RESTAURACION TEATRO MUNICIPAL DE TRAIGUEN,REGION DE LA ARAUCANIA,TRAIGUEN,EJECUCION,8752976,2026,OT,2026-08-07,"EDUCACION, CULTURA Y PATRIMONIO",METROS CUADRADOS,1457,FNDR
40057734-0,"ADQUISICION MOTONIVELADORA 6X6, COMUNA DE MELIPEUCO",REGION DE LA ARAUCANIA,MELIPEUCO,EJECUCION,540742,2026,,,TRANSPORTE,UNIDAD,1,FNDR
40045730-0,"MEJORAMIENTO DE CAMINOS VECINALES, COMUNA DE GORBEA",REGION DE LA ARAUCANIA,GORBEA,EJECUCION,74390,2026,,,TRANSPORTE,METROS,4939,FNDR
40069637-0,"CONSERVACION SISTEMA APR ANTINAO PAILLAL, LAUTARO",REGION DE LA ARAUCANIA,LAUTARO,EJECUCION,708296,2026,,,RECURSOS HIDRICOS,NRO. DE ARRANQUES NUEVOS,150,SECT
40063270-0,"MEJORAMIENTO PARQUE PULMAHUE, PADRE LAS CASAS",REGION DE LA ARAUCANIA,PADRE LAS CASAS,EJECUCION,274576,2026,,,VIVIENDA Y DESARROLLO URBANO,METROS CUADRADOS,36287,SECT
40066766-0,"CONSERVACION SSR NUEVA QUEULE, TOLTÉN, PROVINCIA DE CAUTÍN, REGIÓN DE LA ARAUCANIA",REGION DE LA ARAUCANIA,TOLTEN,EJECUCION,274838,2026,,,RECURSOS HIDRICOS,NRO. DE ARRANQUES TOTALES,804,SECT
30484502-0,"REPOSICION CESFAM VILLA ALEGRE PEDRO PASTOR ARAYA, TEMUCO",REGION DE LA ARAUCANIA,TEMUCO,EJECUCION,16105195,2026,RS,2026-01-13,SALUD,METROS CUADRADOS,3108,FNDR
40051808-0,"CONSERVACION ESCUELA PUBLICA JUAN XXIII, NUEVA IMPERIAL",REGION DE LA ARAUCANIA,NUEVA IMPERIAL,EJECUCION,1694033,2026,,2026-01-12,EDUCACIÓN,METROS CUADRADOS,3470,SECT
40070027-0,"REPOSICION ESTACIÓN MÉDICO RURAL DE BOROA NORTE, COMUNA TOLTÉN",REGION DE LA ARAUCANIA,TOLTEN,EJECUCION,150000,2026,,,SALUD,METROS CUADRADOS,105,FNDR
40080708-0,MEJORAMIENTO Y REPOSICIÓN DE REFUGIOS PEATONALES URBANOS EN LA COMUNA DE VILCÚN,REGION DE LA ARAUCANIA,VILCUN,EJECUCION,290830,2026,,,TRANSPORTE,UNIDAD,43,FNDR
40045133-0,"REPOSICION GARITAS CAMINERAS DIVERSOS SECTORES, COMUNA DE  COLLIPULLI",REGION DE LA ARAUCANIA,COLLIPULLI,EJECUCION,188000,2026,,,TRANSPORTE,METROS CUADRADOS,327,FNDR
40081878-0,"MEJORAMIENTO SERVICIO SANITARIO RURAL HUEDAQUINTUE, CARAHUE",REGION DE LA ARAUCANIA,,EJECUCION,1356175,2026,,,RECURSOS HIDRICOS,NRO. DE ARRANQUES TOTALES,119,SECT
40058271-0,"ADQUISICION POOL DE MAQUINARIAS PARA EL MANEJO INTEGRAL DE RESIDUOS, COMUNA DE SAAVEDRA.",REGION DE LA ARAUCANIA,SAAVEDRA,EJECUCION,797485,2026,,,RECURSOS NATURALES Y MEDIO AMBIENTE,UNIDAD,10,FNDR
40055736-0,"REPOSICION POSTA SALUD RURAL SANTA JULIA, COMUNA DE CURACAUTIN",REGION DE LA ARAUCANIA,CURACAUTIN,EJECUCION,1804306,2026,FI,2026-05-14,SALUD,METROS CUADRADOS,404,SECT
40070930-0,"CONSTRUCCION BAñoS PuBLICOS Y OBRAS COMPLEMENTARIAS EN CALLE PEDRO AGUIRRE CERDA, CUNCO",REGION DE LA ARAUCANIA,CUNCO,EJECUCION,107331,2026,,,MULTISECTORIAL,METROS CUADRADOS,468,FNDR
40079658-0,CONSERVACION HOGAR MASCULINO DE LONCOCHE,REGION DE LA ARAUCANIA,,EJECUCION,200000,2027,,,EDUCACIÓN,METROS CUADRADOS,2000,SECT
40081922-0,"MEJORAMIENTO SISTEMA SANITARIO RURAL LA CASCADA, PITRUQUEN ",REGION DE LA ARAUCANIA,,EJECUCION,2040778,2026,,,RECURSOS HIDRICOS,NRO. DE ARRANQUES TOTALES,49,SECT
40067093-0,CONSTRUCCION COSAM COMUNA DE VICTORIA,REGION DE LA ARAUCANIA,,DISEÑO,118930,2026,,,SALUD,METROS CUADRADOS,1753,FNDR
40072792-0,"CONSTRUCCION  LETRAS VOLUMÉTRICAS TURÍSTICAS, COMUNA DE LONQUIMAY",REGION DE LA ARAUCANIA,LONQUIMAY,EJECUCION,45680,2026,,,TURISMO Y COMERCIO,UNIDAD,13,FNDR
30096407-0,"REPOSICION POSTA SALUD RURAL DEL SECTOR DE RULO, NUEVA IMPERIAL ",REGION DE LA ARAUCANIA,NUEVA IMPERIAL,EJECUCION,1727741,2026,RS,2026-01-07,SALUD,METROS CUADRADOS,352,FNDR
40082320-0,ADQUISICION TRASLADO DE RONDAS MÉDICAS,REGION DE LA ARAUCANIA,,EJECUCION,65000,2026,,,SALUD,UNIDAD,13,FNDR
20178214-0,"CONSTRUCCION SERVICIO ALCANTARILLADO SANITARIO NEHUENTUE, CARAHUE",REGION DE LA ARAUCANIA,CARAHUE,EJECUCION,15216362,2026,RS,2026-08-26,RECURSOS HIDRICOS,NÚMERO DE SOLUCIONES,307,FNDR
40053038-0,"REPOSICION ESCUELA SECTOR TEMULEMU, TRAIGUEN ",REGION DE LA ARAUCANIA,TRAIGUEN,DISEÑO,105709,2026,FI,,"EDUCACION, CULTURA Y PATRIMONIO",METROS CUADRADOS,1096,FNDR
40048281-0,"MEJORAMIENTO BARRIO NUEVA CHIVILCAN, COMUNA DE TEMUCO",REGION DE LA ARAUCANIA,TEMUCO,EJECUCION,610467,2026,RS,2025-12-04,VIVIENDA Y DESARROLLO URBANO,METROS CUADRADOS,2000,SECT
40069990-0,"CONSTRUCCION ""AREAS VERDES Y DE EQUIPAMIENTO, DISTINTOS SECTORES DE LAUTARO""",REGION DE LA ARAUCANIA,LAUTARO,EJECUCION,50000,2026,,,VIVIENDA Y DESARROLLO URBANO,UNIDAD,5,FNDR
40071044-0,"REPOSICION ESCUELA ANINIR, TRAIGUEN ",REGION DE LA ARAUCANIA,TRAIGUEN,EJECUCION,300000,2026,,,EDUCACIÓN,METROS CUADRADOS,342,FNDR
40061077-0,"CONSERVACION SSR RARIRUCA DE CURACAUTÍN, COMUNA DE  CURACAUTIN. REGIÓN DE LA ARAUCANÍA ",REGION DE LA ARAUCANIA,CURACAUTIN,EJECUCION,416844,2026,,,RECURSOS HIDRICOS,NRO. DE ARRANQUES TOTALES,103,SECT
40079585-0,"REPOSICION DE CARGADOR FRONTAL PARA MANTENCIÓN DE RED VIAL,  COMUNA DE NUEVA IMPERIAL",REGION DE LA ARAUCANIA,NUEVA IMPERIAL,EJECUCION,270076,2026,,,TRANSPORTE,UNIDAD,1,FNDR
40071126-0,"REPOSICION CALLE MANUEL BULNES, ENTRE AVDA. J. M BALMACEDA Y PUENTE, LONCOCHE",REGION DE LA ARAUCANIA,LONCOCHE,EJECUCION,2615907,2026,RS,2026-05-12,TRANSPORTE,METROS CUADRADOS,10275,FNDR
50001322-0,"MEJORAMIENTO Y AMPLIACIÓN SSR PAILLANAO, PADRE LAS CASAS.",REGION DE LA ARAUCANIA,PADRE LAS CASAS,EJECUCION,2740453,2026,,,RECURSOS HIDRICOS,METROS CUADRADOS,277,SECT
40080304-0,"ADQUISICION ADQUISICION DE BUS, PARA LA MUNICIPALIDAD DE CHOLCHOL",REGION DE LA ARAUCANIA,CHOL CHOL,EJECUCION,283596,2026,,,MULTISECTORIAL,UNIDAD,1,FNDR
40072225-0,"ADQUISICION DE MEDIOS DE TRANSPORTE DE USUARIOS DE PROGRAMAS MUNICIPALES, COMUNA DE CARAHUE",REGION DE LA ARAUCANIA,CARAHUE,EJECUCION,315383,2026,,,MULTISECTORIAL,UNIDAD,2,FNDR
40056943-0,ADQUISICION DE MAQUINARIA PARA EL MEJORAMIENTO VIAL EN ZONAS RURALES DE LA COMUNA VILLARRICA,REGION DE LA ARAUCANIA,VILLARRICA,EJECUCION,866444,2026,,,TRANSPORTE,UNIDAD,7,FNDR
40080580-0,"CONSTRUCCION  DE ESTACIONAMIENTOS CALLE B. OHIGGINS ENTRE ANIBAL PINCHEIRA Y AV. PEDRO AGUIRRE CERDA, MELIPEUCO",REGION DE LA ARAUCANIA,MELIPEUCO,EJECUCION,65500,2026,,,TRANSPORTE,METROS,1000,FNDR
40061096-0,"MEJORAMIENTO Y AMPLIACION SISTEMA APR TRUF TRUF, PADRE LAS CASAS ",REGION DE LA ARAUCANIA,PADRE LAS CASAS,DISEÑO,227350,2026,,,RECURSOS HIDRICOS,NRO. DE ARRANQUES TOTALES,500,SECT
40078736-0,"CONSERVACION ESCUELA ARMANDO QUINTULEN, FREIRE",REGION DE LA ARAUCANIA,FREIRE,EJECUCION,17801,2027,,,EDUCACIÓN,METROS CUADRADOS,44,SECT
40078736-0,"CONSERVACION ESCUELA ARMANDO QUINTULEN, FREIRE",REGION DE LA ARAUCANIA,FREIRE,EJECUCION,17801,2026,,,EDUCACIÓN,METROS CUADRADOS,44,SECT
40035371-0,"INSTALACION SISTEMA APR COLONIA MENDOZA, VILCÚN",REGION DE LA ARAUCANIA,VILCUN,EJECUCION,5340653,2026,FI,2025-11-11,RECURSOS HIDRICOS,NRO. DE ARRANQUES NUEVOS,209,SECT
40008405-0,"REPOSICION ESCUELA CRUZACO, COMUNA LONQUIMAY",REGION DE LA ARAUCANIA,LONQUIMAY,DISEÑO,179498,2026,RS,2026-01-13,EDUCACIÓN,METROS CUADRADOS,1648,FNDR
30484483-0,"REPOSICION PLAZA ACCESO PRINCIPAL, PERQUENCO",REGION DE LA ARAUCANIA,PERQUENCO,EJECUCION,917297,2026,RS,2026-05-05,VIVIENDA Y DESARROLLO URBANO,METROS CUADRADOS,3338,FNDR
40082479-0,"ADQUISICION GENERADORES PARA CONTINUIDAD OPERATIVA DE SISTEMA APR, CHAURA Y VIDA NUEVA, COMUNA DE VILLARRICA",REGION DE LA ARAUCANIA,VILLARRICA,EJECUCION,9994,2026,,,MULTISECTORIAL,UNIDAD,2,FNDR
40082483-0,"ADQUISICION  KIT PAÑALES A FAMILIAS AFECTADS, COMUNA E LOS SAUCES",REGION DE LA ARAUCANIA,LOS SAUCES,EJECUCION,2151,2026,,,MULTISECTORIAL,HABITANTE BENEFICIADO,22,FNDR
40082406-0,"CONSTRUCCION CALLE ARICA ENTRE CHUMAY Y TERMINO DE CALLE, CALLE CHUMAY ENTRE ARICA Y TACNA, TRAIGUÉN",REGION DE LA ARAUCANIA,TRAIGUEN,EJECUCION,256709,2026,,,VIVIENDA Y DESARROLLO URBANO,UNIDAD,4,FNDR
40079667-0,CONSERVACION GLOBAL 2028-2031 DE INFRAESTRUCTURA PORTUARIA REGIÓN DE LA ARAUCANÍA,REGION DE LA ARAUCANIA,,EJECUCION,1212311,2027,,,VIVIENDA Y DESARROLLO URBANO,HABITANTE BENEFICIADO,1010423,SECT
30099413-0,CONSTRUCCION OBRAS FLUVIALES RÍO LUMACO - LUMACO,REGION DE LA ARAUCANIA,LUMACO,DISEÑO,519246,2026,FI,2025-11-17,RECURSOS HIDRICOS,HABITANTE BENEFICIADO,900,SECT
40080476-0,"CONSTRUCCION ELECTRIFICACION RURAL SECTORES EL CAPRICHO Y PELAHUENCO CHICO, GALVARINO",REGION DE LA ARAUCANIA,GALVARINO,EJECUCION,324296,2026,,,ENERGIA,NÚMERO DE EMPALMES,39,FNDR
40027818-0,CONSERVACION RED VIAL REGION DE LA ARAUCANIA 2020-2022 PLAN RECUPERACIÓN,REGION DE LA ARAUCANIA,,EJECUCION,11354729,2026,,,TRANSPORTE,KILÓMETROS,500,SECT
40075864-0,CONSTRUCCION SERVICIO FERROVIARIO DE PASAJEROS AL PONIENTE DE TEMUCO,REGION DE LA ARAUCANIA,TEMUCO,PREFACTIBILIDAD,587100,2026,OT,2026-07-30,TRANSPORTE,KILÓMETROS,16,EMPRE
40082168-0,ADQUISICION DE INSUMOS Y MATERIALES PARA RESPUESTA INMEDIATA EMERGENCIA ERCILLA,REGION DE LA ARAUCANIA,ERCILLA,EJECUCION,346984,2026,,,MULTISECTORIAL,HABITANTE BENEFICIADO,4000,FNDR
30466033-0,MEJORAMIENTO PASADA URBANA RUTA S-95-T EN LA CIUDAD DE VILLARRICA,REGION DE LA ARAUCANIA,VILLARRICA,DISEÑO,1993599,2026,RS,2026-05-12,TRANSPORTE,METROS,2500,SECT
40068976-0,"REPOSICION CAMION HIDROELEVADOR, COMUNA DE PITRUFQUEN",REGION DE LA ARAUCANIA,PITRUFQUEN,EJECUCION,163982,2026,,,TRANSPORTE,UNIDAD,1,FNDR
40060083-0,"MEJORAMIENTO  Y AMPLIACIÓN SSR STA FILOMENA PEDREGOSO,VILLARRICA ",REGION DE LA ARAUCANIA,VILLARRICA,EJECUCION,3093932,2026,,,RECURSOS HIDRICOS,NRO. DE ARRANQUES TOTALES,358,SECT
40004758-0,"REPOSICION PLAZA BRASIL, COMUNA DE PUCÓN",REGION DE LA ARAUCANIA,PUCON,EJECUCION,812652,2026,FI,,MULTISECTORIAL,METROS CUADRADOS,10000,FNDR
30061964-0,"REPOSICION CENTRO DE SALUD FAMILIAR, NUEVA IMPERIAL",REGION DE LA ARAUCANIA,NUEVA IMPERIAL,DISEÑO,270538,2026,RS,2026-01-06,SALUD,METROS CUADRADOS,2778,FNDR
40061063-0,"CONSTRUCCION SISTEMA DE APR MARI KIÑE LOF, SAAVEDRA",REGION DE LA ARAUCANIA,SAAVEDRA,PREFACTIBILIDAD,122462,2026,OT,2026-06-17,RECURSOS HIDRICOS,NRO. DE ARRANQUES TOTALES,400,FNDR
40061063-0,"CONSTRUCCION SISTEMA DE APR MARI KIÑE LOF, SAAVEDRA",REGION DE LA ARAUCANIA,SAAVEDRA,FACTIBILIDAD,202836,2026,OT,2026-08-07,RECURSOS HIDRICOS,NRO. DE ARRANQUES TOTALES,400,FNDR
40046641-0,CONSERVACION CAMINOS BASICOS PROVINCIA DE MALLECO Y CAUTIN 2023,REGION DE LA ARAUCANIA,,EJECUCION,20974831,2026,,,TRANSPORTE,KILÓMETROS,10,SECT
40075075-0,CONSERVACION DE RIBERA EN ESTERO SIN NOMBRE CON CONGLOMERADO Y DESEMBANQUE,REGION DE LA ARAUCANIA,,EJECUCION,206200,2026,,,RECURSOS HIDRICOS,METROS CUBICOS,950,SECT
40081210-0,ADQUISICION de VEHÍCULO PARA FORTALECER LA RESPUESTA ANTE SITUACIONES DE EMERGENCIA EN ERCILLA,REGION DE LA ARAUCANIA,ERCILLA,EJECUCION,114954,2026,,,MULTISECTORIAL,HABITANTE BENEFICIADO,9895,FNDR
40064582-0,REPOSICION DE 6 AMBULANCIAS SAMU PARA LOS SERVICIOS DE SALUD DE LA REGIÓN DE LA ARAUCANIA,REGION DE LA ARAUCANIA,,EJECUCION,1042022,2026,,,SALUD,UNIDAD,6,FNDR
40050304-0,CONSERVACION ELEMENTOS DE SEGURIDAD VIAL REGION DE LA ARAUCANIA 2025-2026,REGION DE LA ARAUCANIA,,EJECUCION,1043371,2026,AD,2025-11-29,TRANSPORTE,KILÓMETROS,277,SECT
40078104-0,"CONSTRUCCION CENTRO DE PRETRATAMIENTO DE RESIDUOS RECICLABLES Y/O REUTILIZABLES, PITRUFQUEN",REGION DE LA ARAUCANIA,PITRUFQUEN,EJECUCION,2000000,2026,,,RECURSOS NATURALES Y MEDIO AMBIENTE,METROS CUADRADOS,2341,FNDR
30136315-0,"REPOSICION IGLESIA SAN JUAN EVANGELISTA, PITRUFQUEN.",REGION DE LA ARAUCANIA,PITRUFQUEN,EJECUCION,2837217,2026,RS,2026-01-07,"EDUCACION, CULTURA Y PATRIMONIO",METROS CUADRADOS,1292,FNDR
40081411-0,ADQUISICION DE VEHÍCULO PARA MEJORAR LA RESPUESTA FRENTE A SITUACIONES DE EMERGENCIA EN LA COMUNA DE CARAHUE,REGION DE LA ARAUCANIA,CARAHUE,EJECUCION,114954,2026,,,SEGURIDAD PUBLICA,UNIDAD,1,FNDR
40048275-0,MEJORAMIENTO BARRIO SEGUNDA FAJA 2 COMUNA DE VILLARRICA,REGION DE LA ARAUCANIA,VILLARRICA,EJECUCION,606138,2026,RS,2026-03-31,VIVIENDA Y DESARROLLO URBANO,METROS CUADRADOS,6188,SECT
40057423-0,"CONSERVACION LICEO REINO DE SUECIA, SAAVEDRA",REGION DE LA ARAUCANIA,SAAVEDRA,EJECUCION,2679014,2026,AD,2026-01-12,EDUCACIÓN,METROS CUADRADOS,3484,SECT
40080484-0,"ADQUISICION DE VEHICULO PARA FORTALECER LA RESPUESTA ANTE SITUACIONES DE EMERGENCIA, LONCOCHE",REGION DE LA ARAUCANIA,LONCOCHE,EJECUCION,137945,2026,,,SEGURIDAD PUBLICA,UNIDAD,1,FNDR
40080009-0,"ADQUISICION DE VEHICULO PARA FORTALECER LA RESPUESTA ANTE SITUACIONES DE EMERGENCIA, COMUNA DE NUEVA IMPERIAL",REGION DE LA ARAUCANIA,NUEVA IMPERIAL,EJECUCION,137945,2026,,,SEGURIDAD PUBLICA,UNIDAD,1,FNDR
30482321-0,MEJORAMIENTO BORDE COSTERO CALETA LA BARRA,REGION DE LA ARAUCANIA,TOLTEN,EJECUCION,10546049,2026,RS,2025-11-04,VIVIENDA Y DESARROLLO URBANO,METROS CUADRADOS,3990,SECT
40072275-0,"ADQUISICION Y REPOSICION DE MAQUINARIA PARA RED VIAL, COMUNA DE ERCILLA",REGION DE LA ARAUCANIA,ERCILLA,EJECUCION,1308760,2026,,,TRANSPORTE,UNIDAD,9,FNDR
30407522-0,"REPOSICION ESCUELA BASICA EPU KLEI  DE LICAN RAY, COMUNA DE VILLARRICA",REGION DE LA ARAUCANIA,VILLARRICA,DISEÑO,273986,2026,FI,,"EDUCACION, CULTURA Y PATRIMONIO",METROS CUADRADOS,3968,SECT
40079674-0,CONSERVACION CONSERVACION HOGAR FEMENINO DE PITRUFQUEN JUNAEB,REGION DE LA ARAUCANIA,,EJECUCION,182129,2027,,,EDUCACIÓN,METROS CUADRADOS,2000,SECT
40050506-0,"REPOSICION SEDE JUAN CHAVARRIA, LAUTARO",REGION DE LA ARAUCANIA,LAUTARO,EJECUCION,105352,2026,,,MULTISECTORIAL,METROS CUADRADOS,65,FNDR
40069047-0,"REPOSICION DE RETROEXVACADORA PARA MANTENCION DE RED VIAL, COMUNA DE NUEVA IMPERIAL",REGION DE LA ARAUCANIA,NUEVA IMPERIAL,EJECUCION,169462,2026,,,TRANSPORTE,UNIDAD,1,FNDR
40077151-0,"CONSTRUCCION  POSTA SALUD RURAL LLUFQUENTUE, GALVARINO",REGION DE LA ARAUCANIA,GALVARINO,DISEÑO,94476,2026,,,SALUD,METROS CUADRADOS,358,SECT
40052889-0,"MEJORAMIENTO CBI HUALLEPENCO RINCONADA, PERQUENCO",REGION DE LA ARAUCANIA,PERQUENCO,EJECUCION,12735470,2026,RS,2026-06-23,TRANSPORTE,KILÓMETROS,20,SECT
40077315-0,"MEJORAMIENTO CANALIZO ACCESO CALETA QUEULE, TOLTEN",REGION DE LA ARAUCANIA,TOLTEN,DISEÑO,515500,2026,,,PESCA,METROS,550,SECT
40074365-0,"MEJORAMIENTO CAMINOS VECINALES SECTOR LAS JUNTAS Y TRES ESQUINAS, COMUNA DE CUNCO",REGION DE LA ARAUCANIA,CUNCO,EJECUCION,80280,2026,,,TRANSPORTE,METROS,2000,FNDR
40077338-0,"MEJORAMIENTO BARRIO COPAHUE, RENAICO",REGION DE LA ARAUCANIA,RENAICO,EJECUCION,515562,2027,RS,2026-05-28,VIVIENDA Y DESARROLLO URBANO,METROS CUADRADOS,1,SECT
40077338-0,"MEJORAMIENTO BARRIO COPAHUE, RENAICO",REGION DE LA ARAUCANIA,RENAICO,EJECUCION,515562,2026,RS,2026-05-07,VIVIENDA Y DESARROLLO URBANO,METROS CUADRADOS,1,SECT
40002869-0,REPOSICION GIMNASIO MUNICIPAL DE TEODORO SCHMIDT,REGION DE LA ARAUCANIA,TEODORO SCHMIDT,EJECUCION,6597748,2026,RS,2026-01-13,DEPORTES,METROS CUADRADOS,2626,FNDR
40078045-0,"CONSERVACION POSTA SALUD RURAL TRICAUCO, ERCILLA",REGION DE LA ARAUCANIA,ERCILLA,EJECUCION,350000,2026,,,SALUD,METROS CUADRADOS,351,SECT
40082424-0,"CONSERVACION DE EMERGENCIA COLECTORES PRIMARIOS DE AGUAS LLUVIAS, COMUNAS TEMUCO Y PADRE LAS CASAS, LA ARAUCANÍA",REGION DE LA ARAUCANIA,,EJECUCION,264061,2026,,,RECURSOS HIDRICOS,METROS,9400,SECT
40073101-0,"CONSTRUCCION SALA CUNA Y JARDÍN INFANTIL LICAN RAY, VILLARRICA",REGION DE LA ARAUCANIA,VILLARRICA,DISEÑO,90098,2026,RS,2025-11-06,EDUCACIÓN,METROS CUADRADOS,780,SECT
30100226-0,"REPOSICION AV. MUÑOZ VARGAS ENTRE LA RUTA R-181 Y CALLE CHORRILLOS, VICTORIA",REGION DE LA ARAUCANIA,VICTORIA,EJECUCION,2111401,2026,RS,,VIVIENDA Y DESARROLLO URBANO,METROS CUADRADOS,15874,FNDR
40036755-0,"CONSERVACION ESCUELA PUBLICA RAYEN MAHUIDA, NUEVA IMPERIAL.",REGION DE LA ARAUCANIA,NUEVA IMPERIAL,EJECUCION,385688,2026,AD,2026-01-12,EDUCACIÓN,METROS CUADRADOS,1337,SECT
40080286-0,REPOSICION CUBIERTA Y REVESTIMIENTO DE MUROS EDIFICIO JUZGADO DE LETRAS DE TOLTEN,REGION DE LA ARAUCANIA,TOLTEN,EJECUCION,203053,2026,,,JUSTICIA,METROS CUADRADOS,472,SECT
40050434-0,"CONSTRUCCION MULTICANCHA DEPORTIVO CAUTIN, LAUTARO",REGION DE LA ARAUCANIA,LAUTARO,EJECUCION,90000,2026,,,DEPORTES,METROS CUADRADOS,450,FNDR
40052127-0,"CONSTRUCCION INFRAESTRUCTURA SANITARIA, LOCALIDAD DE QUINO, COMUNA DE VICTORIA",REGION DE LA ARAUCANIA,VICTORIA,PREFACTIBILIDAD,98948,2026,,,RECURSOS HIDRICOS,NRO. DE ARRANQUES TOTALES,247,FNDR
40080535-0,MEJORAMIENTO DE VÍAS EXCLUSIVAS SECTOR CENTRO DE TEMUCO,REGION DE LA ARAUCANIA,TEMUCO,EJECUCION,299586,2026,,,TRANSPORTE,KILÓMETROS,2,FNDR
40080881-0,"CONSERVACION SSR PAYA, COMUNA DE LONCOCHE",REGION DE LA ARAUCANIA,LONCOCHE,EJECUCION,1063148,2026,,,RECURSOS HIDRICOS,NRO. DE ARRANQUES TOTALES,140,SECT
50000664-0,"REPOSICION Aceras calles P.L. Gallo, B. O’Higgins, P. Montt, J. Zegers y las Industrias, Comuna de Villarrica",REGION DE LA ARAUCANIA,VILLARRICA,EJECUCION,107002,2026,,,VIVIENDA Y DESARROLLO URBANO,METROS CUADRADOS,1217,FNDR
40080600-0,"CONSTRUCCION CAMARAS FISCALIZADORAS SECTOR RURAL, COMUNA DE LOS SAUCES ",REGION DE LA ARAUCANIA,LOS SAUCES,EJECUCION,196602,2026,,,TRANSPORTE,UNIDAD,15,FNDR
40069567-0,"MEJORAMIENTO SISTEMA DE RIEGO CANAL IMPERIAL, NUEVA IMPERIAL, TEMUCO",REGION DE LA ARAUCANIA,NUEVA IMPERIAL,DISEÑO,619785,2026,,,RECURSOS HIDRICOS,HECTAREA,3000,SECT
40069580-0,"CONSTRUCCION SISTEMA DE AGUAS LLUVIAS WEBER - LAUTARO, VILLARRICA",REGION DE LA ARAUCANIA,VILLARRICA,DISEÑO,620301,2026,,,RECURSOS HIDRICOS,METROS,500,SECT
40020021-0,"MEJORAMIENTO VARIANTE ZANJA KM 0 AL 2, PADRE LAS CASAS",REGION DE LA ARAUCANIA,PADRE LAS CASAS,EJECUCION,2271813,2026,RS,2026-02-05,TRANSPORTE,KILÓMETROS,2,SECT
40075064-0,"CONSERVACION POR EMERGENCIA PUENTE EDUARDO FREI MONTALVA, REGION DE LA ARAUCANIA 2025-2026",REGION DE LA ARAUCANIA,,EJECUCION,3007991,2026,AD,2025-12-03,TRANSPORTE,METROS,237,SECT
40061646-0,CONSERVACION HOGAR JUNAEB ANGOL - REGION DE LA ARAUCANÍA,REGION DE LA ARAUCANIA,ANGOL,EJECUCION,1211394,2026,AD,2026-02-19,EDUCACIÓN,METROS CUADRADOS,2800,SECT
40052125-0,"CONSTRUCCION INFRAESTRUCTURA SANITARIA LOCALIDAD DE VILLA CAUTIN, COMUNA DE VICTORIA",REGION DE LA ARAUCANIA,VICTORIA,PREFACTIBILIDAD,74486,2026,,,RECURSOS HIDRICOS,NRO. DE ARRANQUES TOTALES,27,FNDR
30131841-0,"CONSTRUCCION CESFAM NUEVO AMANECER, TEMUCO",REGION DE LA ARAUCANIA,TEMUCO,EJECUCION,13876117,2026,RS,2026-08-14,SALUD,METROS CUADRADOS,3172,FNDR
30131841-0,"CONSTRUCCION CESFAM NUEVO AMANECER, TEMUCO",REGION DE LA ARAUCANIA,TEMUCO,EJECUCION,13876117,2026,RS,2026-08-14,SALUD,METROS CUADRADOS,3172,SECT
40069145-0,"CONSTRUCCION CONEXIÓN VIAL, PUENTE QUEULE, TOLTÉN",REGION DE LA ARAUCANIA,TOLTEN,DISEÑO,820874,2026,RS,2025-11-23,TRANSPORTE,METROS,160,SECT
40070834-0,"MEJORAMIENTO PARQUE ISABEL RIQUELME, COMUNA DE LAUTARO",REGION DE LA ARAUCANIA,LAUTARO,DISEÑO,362242,2026,RS,2025-12-23,VIVIENDA Y DESARROLLO URBANO,METROS CUADRADOS,500900,FNDR
40025709-0,"ADQUISICION DE EQUIPOS Y EQUIPAMIENTO SERVICIO DE BANCO DE SANGRE, HHHA TEMUCO",REGION DE LA ARAUCANIA,,EJECUCION,95792,2026,,,SALUD,UNIDAD,76,FNDR
40032335-0,CONSERVACION Y MONITORIZACION PUENTE TRENG TRENG Y KAY KAY,REGION DE LA ARAUCANIA,,EJECUCION,1880372,2026,,2025-12-10,TRANSPORTE,METROS,240,SECT
40024424-0,"MEJORAMIENTO BARRIO VILLAS UNIDAS, COMUNA DE NUEVA IMPERIAL",REGION DE LA ARAUCANIA,NUEVA IMPERIAL,EJECUCION,628594,2026,RS,2026-08-17,VIVIENDA Y DESARROLLO URBANO,METROS CUADRADOS,6003,SECT
40080131-0,"REPOSICION PARADEROS EN RUTA S-60 ENTRE TEODORO SCHMIDT Y HUALPIN, COMUNA T. SCHMIDT",REGION DE LA ARAUCANIA,TEODORO SCHMIDT,EJECUCION,297069,2026,,,TRANSPORTE,METROS CUADRADOS,2500,FNDR
40082354-0,"ADQUISICION DE GENERADORES DE RESPALDO PARA SISTEMAS APR, COMUNA DE CHOLCHOL",REGION DE LA ARAUCANIA,CHOL CHOL,EJECUCION,92708,2026,,,MULTISECTORIAL,UNIDAD,6,FNDR
40077153-0,"ADQUISICION 1 RETROEXCAVADORA, 1 MOTONIVELADORA, 2 CAMIONES TOLVA  Y  1 CAMION  ALIJEBE,GALVARINO",REGION DE LA ARAUCANIA,GALVARINO,EJECUCION,762462,2027,,,MULTISECTORIAL,UNIDAD,5,FNDR
40069610-0,"CONSERVACION SISTEMA SANITARIO RURAL SAN ANDRES RADAL, COLLIPULLI",REGION DE LA ARAUCANIA,COLLIPULLI,EJECUCION,920934,2026,,,RECURSOS HIDRICOS,NRO. DE ARRANQUES TOTALES,86,SECT
30081385-0,MEJORAMIENTO PAVIMENTO RUTA S-20 TEMUCO-CHOLCHOL,REGION DE LA ARAUCANIA,,DISEÑO,1069668,2026,RS,2025-12-15,TRANSPORTE,KILÓMETROS,24,SECT
40049682-0,"CONSERVACION PORTICO ACCESO, COMUNA DE PERQUENCO",REGION DE LA ARAUCANIA,PERQUENCO,EJECUCION,50000,2026,,,TRANSPORTE,METROS CUADRADOS,226,FNDR
40075741-0,"CONSERVACION EMERGENCIA ESCUELA TROMEN QUEPE, PADRE LAS CASAS",REGION DE LA ARAUCANIA,PADRE LAS CASAS,EJECUCION,290679,2026,,,EDUCACIÓN,METROS CUADRADOS,570,SECT
40078039-0,"CONSERVACION POSTA SALUD RURAL LOLEN, LONQUIMAY",REGION DE LA ARAUCANIA,LONQUIMAY,EJECUCION,350000,2026,,,SALUD,METROS CUADRADOS,351,SECT
40008080-0,"MEJORAMIENTO CAMINO VECINAL MIRAFLORES-SAN RAMON CENTRAL, COMUNA DE LOS  SAUCES",REGION DE LA ARAUCANIA,LOS SAUCES,EJECUCION,94038,2026,,,TRANSPORTE,METROS,1920,FNDR
40068741-0,"MEJORAMIENTO PLAZA BRASIL, TRAIGUÉN",REGION DE LA ARAUCANIA,TRAIGUEN,EJECUCION,233346,2026,,,VIVIENDA Y DESARROLLO URBANO,METROS CUADRADOS,1,FNDR
30361046-0,"NORMALIZACION URGENCIA HOSPITAL HERNAN HENRIQUEZ ARAVENA, TEMUCO",REGION DE LA ARAUCANIA,TEMUCO,EJECUCION,3975706,2026,RS,2026-01-12,SALUD,METROS,2475,FNDR
30475049-0,"RESTAURACION  COMPLEJO IGLESIA PERPETUO SOCORRO, TEMUCO",REGION DE LA ARAUCANIA,TEMUCO,EJECUCION,16806950,2026,RS,2026-08-27,CULTURA Y PATRIMONIO,METROS CUADRADOS,2801,FNDR
40066861-0,ADQUISICION DE CAMIÓN ¾ PARA FORTALECER EL RECICLAJE EN LOS SECTORES RURALES DE P L CASAS,REGION DE LA ARAUCANIA,PADRE LAS CASAS,EJECUCION,42158,2026,,,RECURSOS NATURALES Y MEDIO AMBIENTE,UNIDAD,1,FNDR
30256122-0,"CONSTRUCCION CUARTEL DE BOMBEROS BRIGADA DE METRENCO, PLC",REGION DE LA ARAUCANIA,PADRE LAS CASAS,EJECUCION,1321563,2026,FI,,SEGURIDAD PUBLICA,METROS CUADRADOS,318,FNDR
40061778-0,"MEJORAMIENTO  BARRIO VILLA LAS FLORES, COMUNA DE PITRUFQUÉN ",REGION DE LA ARAUCANIA,PITRUFQUEN,EJECUCION,469082,2026,RS,2025-12-04,VIVIENDA Y DESARROLLO URBANO,METROS CUADRADOS,1,SECT
30486050-0,MEJORAMIENTO DESEMBOCADURA AL MAR RIO QUEULE,REGION DE LA ARAUCANIA,TOLTEN,DISEÑO,1009120,2026,RS,2025-11-28,PESCA,UNIDAD,1,SECT
40060088-0,"MEJORAMIENTO  SISTEMA DE  APR  COMUY,  COMUNA  PITRUFQUÉN (RES. DOH N°1012/2023)",REGION DE LA ARAUCANIA,PITRUFQUEN,EJECUCION,1722640,2026,,,RECURSOS HIDRICOS,NRO. DE ARRANQUES NUEVOS,109,SECT
40053774-0,"CONSTRUCCION INFRAESTRUCTURAS SANITARIAS  URBANO,CUADRANTE SUR, SAAVEDRA ",REGION DE LA ARAUCANIA,SAAVEDRA,EJECUCION,766132,2026,FI,2026-07-30,VIVIENDA Y DESARROLLO URBANO,UNIDAD,55,FNDR
40082441-0,"HABILITACION EMERGENCIA  ALCANTARILLAS, SECTOR NOROESTE DE LA COMUNA DE LOS SAUCES",REGION DE LA ARAUCANIA,LOS SAUCES,EJECUCION,6667,2026,,,TRANSPORTE,UNIDAD,3,FNDR
40082673-0,"ADQUISICION FURGÓN PARA TRASLADO DE PERSONAS CON DISCAPACIDAD, COMUNA DE CURARREHUE",REGION DE LA ARAUCANIA,CURARREHUE,EJECUCION,65000,2026,,,SALUD,UNIDAD,1,FNDR
40026368-0,"REPOSICION ESCUELA AYELEN, LAUTARO",REGION DE LA ARAUCANIA,LAUTARO,DISEÑO,222321,2026,,,"EDUCACION, CULTURA Y PATRIMONIO",METROS CUADRADOS,4000,FNDR
40075151-0,"REPOSICION CAMIONES TOLVA Y ADQUISICIÓN CARGADOR FRONTAL, COMUNA DE MELIPEUCO",REGION DE LA ARAUCANIA,MELIPEUCO,EJECUCION,641418,2026,,,TRANSPORTE,KILÓMETROS,173,FNDR
40074827-0,CONSTRUCCION EMERGENCIA ESCUELA SANTA ROSA  ,REGION DE LA ARAUCANIA,LAUTARO,EJECUCION,412400,2026,,,EDUCACIÓN,METROS CUADRADOS,277,SECT
40082411-0,"HABILITACION DE CONECTIVIDAD RURAL E INFRAESTRUCTURA PRODUCTIVA POR EMERGENCIA CLIMATICA, VICTORIA",REGION DE LA ARAUCANIA,VICTORIA,EJECUCION,346245,2026,,,MULTISECTORIAL,METROS CUADRADOS,2422,FNDR
40082421-0,"MEJORAMIENTO RUTA S-449 SAN RAMON -  RADAL , FREIRE - PADRE LAS CASAS",REGION DE LA ARAUCANIA,,EJECUCION,11562519,2027,,,TRANSPORTE,KILÓMETROS,13045,SECT
40024103-0,"CONSTRUCCION PISCINA CENTRO ELIGE VIVIR SANO, COMUNA DE PUCÓN",REGION DE LA ARAUCANIA,PUCON,EJECUCION,8528469,2026,RS,,DEPORTES,METROS CUADRADOS,2514,SECT
40024103-0,"CONSTRUCCION PISCINA CENTRO ELIGE VIVIR SANO, COMUNA DE PUCÓN",REGION DE LA ARAUCANIA,PUCON,EJECUCION,8528469,2026,RS,,DEPORTES,METROS CUADRADOS,2514,SECT
40072406-0,"CONSERVACION VIVIENDAS SERVIU ADULTO MAYOR, REGIÓN DE LA ARAUCANÍA 2026 - 2027",REGION DE LA ARAUCANIA,,EJECUCION,150000,2026,,,VIVIENDA Y DESARROLLO URBANO,UNIDAD,12,FNDR
40072436-0,"CONSTRUCCION PASEO SEMIPEATONAL Y SOTERRADO CALLE CAMILO HENRÍQUEZ, VILLARRICA",REGION DE LA ARAUCANIA,VILLARRICA,EJECUCION,2988031,2026,FI,2026-07-20,VIVIENDA Y DESARROLLO URBANO,METROS CUADRADOS,7463,SECT
40070356-0,"MEJORAMIENTO SEDE DEL ADULTO MAYOR, COMUNA DE LOS SAUCES ",REGION DE LA ARAUCANIA,LOS SAUCES,EJECUCION,145000,2026,,,MULTISECTORIAL,METROS CUADRADOS,322,FNDR
40031093-0,REPOSICION VARIOS PUENTES MENORES REGION DE LA ARAUCANIA,REGION DE LA ARAUCANIA,,DISEÑO,3028460,2026,RS,2026-01-30,TRANSPORTE,METROS,100,SECT
40076440-0,ADQUISICION UNIDAD DE ALERTA TEMPRANA MOVIL SENAPRED REGION DE LA ARAUCANIA,REGION DE LA ARAUCANIA,,EJECUCION,459936,2026,,,MULTISECTORIAL,UNIDAD,1,FNDR
40001791-0,HABILITACION TERMINAL DE BUSES INTERURBANOS CIUDAD DE CURACAUTIN,REGION DE LA ARAUCANIA,CURACAUTIN,EJECUCION,2809855,2026,RS,2026-04-30,TRANSPORTE,METROS CUADRADOS,904,FNDR
40032580-0,"REPOSICION SISTEMA APR  VILLA TRINTRE Y AMPLIACIÓN A COLONIA MIRAFLORES, LOS SAUCES ",REGION DE LA ARAUCANIA,LOS SAUCES,EJECUCION,2344270,2026,RS,2026-01-28,RECURSOS HIDRICOS,NRO. DE ARRANQUES TOTALES,145,SECT
40011167-0,CONSERVACION CAMINOS BASICOS REGION DE LA ARAUCANIA 2020,REGION DE LA ARAUCANIA,,EJECUCION,15955956,2026,,,TRANSPORTE,KILÓMETROS,80,SECT
40009621-0,"CONSTRUCCION SALON MULTIPROPOSITO COMUNIDAD BENANCIO HUENCHUPÁN, CURACAUTIN",REGION DE LA ARAUCANIA,CURACAUTIN,EJECUCION,61087,2026,,,MULTISECTORIAL,METROS CUADRADOS,78,FNDR
30073603-0,"CONSTRUCCION EDIFICIO INSTITUCIONAL MINVU-SERVIU, REGION DE LA ARAUCANIA",REGION DE LA ARAUCANIA,TEMUCO,DISEÑO,721937,2026,OT,2025-12-19,VIVIENDA Y DESARROLLO URBANO,METROS CUADRADOS,8933,SECT
40070924-0,"CONSTRUCCION Y MEJORAMIENTO INFRAESTRUCTURA GEOPARQUE KUTRALKURA, COMUNA DE CUNCO",REGION DE LA ARAUCANIA,CUNCO,EJECUCION,100000,2026,,,TURISMO Y COMERCIO,METROS CUADRADOS,376,FNDR
40029986-0,"CONSTRUCCION SANEAMIENTO SANITARIO INTEGRAL SECTOR VILLA EL VOLCAN Y LOS CIPRESES, VILLARRICA",REGION DE LA ARAUCANIA,VILLARRICA,EJECUCION,1058507,2026,FI,2026-06-26,VIVIENDA Y DESARROLLO URBANO,METROS CUADRADOS,80000,FNDR
40047436-0,CONSERVACION GLOBAL DE CAUCES NATURALES REGIÓN DE LA ARAUCANÍA 2023 - 2025,REGION DE LA ARAUCANIA,,EJECUCION,9391820,2026,AD,2025-11-17,RECURSOS HIDRICOS,METROS,17260,SECT
40054665-0,"REPOSICION PUENTE CHUFQUEN Y ACCESOS, MELIPEUCO",REGION DE LA ARAUCANIA,MELIPEUCO,EJECUCION,2099524,2026,FI,2025-11-28,TRANSPORTE,METROS,40,SECT
40029496-0,CONSERVACION CAMINOS BASICOS REGION DE LA ARAUCANIA 2021 - 2022,REGION DE LA ARAUCANIA,,EJECUCION,25507355,2026,,,TRANSPORTE,KILÓMETROS,100,SECT
40029205-0,AMPLIACION JUZGADO DE LETRAS Y GARANTIA DE PUCON,REGION DE LA ARAUCANIA,PUCON,DISEÑO,56961,2026,RS,2026-03-27,JUSTICIA,METROS CUADRADOS,242,SECT
40003665-0,"CONSTRUCCION SISTEMA DE AGUA POTABLE RURAL FAJA 3,4,5,6 EL DONGUIL, GORBEA",REGION DE LA ARAUCANIA,GORBEA,EJECUCION,10802027,2026,,2026-07-15,RECURSOS HIDRICOS,METROS,75,SECT
40070752-0,"MEJORAMIENTO GIMNASIO MUNICIPAL N 2, VICTORIA",REGION DE LA ARAUCANIA,VICTORIA,EJECUCION,183500,2026,,,DEPORTES,METROS CUADRADOS,962,FNDR
40069625-0,"CONSERVACION SISTEMA SANITARIO RURAL CALIFORNIA, VICTORIA",REGION DE LA ARAUCANIA,CURACAUTIN,EJECUCION,531531,2026,,,RECURSOS HIDRICOS,NRO. DE ARRANQUES TOTALES,44,SECT
40052101-0,"CONSTRUCCION INFRESTRUCTURA SANITARIA LOCALIDAD DE CALIFORNIA, COMUNA DE VICTORIA",REGION DE LA ARAUCANIA,VICTORIA,PREFACTIBILIDAD,86827,2026,OT,,RECURSOS HIDRICOS,NRO. DE ARRANQUES TOTALES,44,FNDR
30360375-0,"CONSTRUCCION POSTA DE SALUD RURAL GUINDO CHICO, LOS SAUCES",REGION DE LA ARAUCANIA,LOS SAUCES,EJECUCION,1017541,2026,RS,2026-01-07,SALUD,METROS CUADRADOS,400,FNDR
40045481-0,"REPOSICION CENTRO CULTURAL MAPUCHE, COMUNA DE VILLARRICA",REGION DE LA ARAUCANIA,VILLARRICA,DISEÑO,118171,2026,,,TURISMO Y COMERCIO,METROS CUADRADOS,1567,FNDR
40056899-0,CONSERVACION POR CAMINOS BASICOS PROVINCIA DE MALLECO 2 2023-2025 BUEN VIVIR ,REGION DE LA ARAUCANIA,,EJECUCION,11069373,2026,AD,2025-11-30,TRANSPORTE,KILÓMETROS,71,SECT
40062991-0,REPOSICION CUARTEL DE LA 2° COMPAÑÍA DEL CUERPO DE BOMBEROS DE GORBEA,REGION DE LA ARAUCANIA,GORBEA,DISEÑO,90670,2026,,,SEGURIDAD PUBLICA,METROS CUADRADOS,450,FNDR
30482320-0,MEJORAMIENTO BORDE FLUVIAL SECTOR CENDYR NAUTICO DE CARAHUE,REGION DE LA ARAUCANIA,CARAHUE,EJECUCION,2961578,2026,RS,2025-11-04,VIVIENDA Y DESARROLLO URBANO,METROS CUADRADOS,4870,SECT
40071724-0,"AMPLIACION COMPLEJO DEPORTIVO MARILUAN, VICTORIA",REGION DE LA ARAUCANIA,VICTORIA,DISEÑO,154649,2026,,,DEPORTES,METROS CUADRADOS,4500,FNDR
40068266-0,CONSTRUCCION CLINICA VETERINARIA COMUNA DE PADRE LAS CASAS,REGION DE LA ARAUCANIA,PADRE LAS CASAS,EJECUCION,847479,2026,,,SALUD,METROS CUADRADOS,478,FNDR
40056699-0,"AMPLIACION SISTEMA DE AGUA POTABLE RURAL DE EL SAUCE, VILLARRICA",REGION DE LA ARAUCANIA,VILLARRICA,DISEÑO,172313,2026,RS,2026-05-25,RECURSOS HIDRICOS,NRO. DE ARRANQUES NUEVOS,45,FNDR
30285772-0,"CONSTRUCCION ESPACIO PÚBLICO VILLA EL BOSQUE, PADRE LAS CASAS",REGION DE LA ARAUCANIA,PADRE LAS CASAS,EJECUCION,1493225,2026,RS,2026-01-07,MULTISECTORIAL,METROS CUADRADOS,5916,FNDR
40069630-0,"AMPLIACION DISEÑO DE AMPLIACION  SISTEMA DE APR TUMUNTUCO,FREIRE ",REGION DE LA ARAUCANIA,FREIRE,DISEÑO,51859,2026,,,RECURSOS HIDRICOS,NRO. DE ARRANQUES TOTALES,190,SECT
40070743-0,"REPOSICION LICEO BICENTENARIO MANUEL MONTT, VICTORIA",REGION DE LA ARAUCANIA,VICTORIA,DISEÑO,154649,2026,,,EDUCACIÓN,METROS CUADRADOS,2600,FNDR
40074035-0,"CONSTRUCCION CIERRE PERIMETRAL Y GRADERIAS PARA CANCHA DE FUTBOL SECTOR LAS ROCAS, P.L.CASAS",REGION DE LA ARAUCANIA,PADRE LAS CASAS,EJECUCION,90000,2026,,,DEPORTES,METROS,502,FNDR
40036779-0,"REPOSICION DE VEHICULOS PARA RONDAS MEDICAS Y VISITAS DOMICILIARIAS, MELIPEUCO",REGION DE LA ARAUCANIA,MELIPEUCO,EJECUCION,87550,2026,,,SALUD,UNIDAD,2,FNDR
40075126-0,ADQUISICION ADQUISICIÓN EQUIPO ESCANER CORPORAL PARA EL CENTRO CERRADO ARAUCANIA,REGION DE LA ARAUCANIA,,EJECUCION,266740,2026,,,JUSTICIA,UNIDAD,1,FNDR
40026929-0,CONSTRUCCION POSTA DE SALUD RURAL PIDIMA,REGION DE LA ARAUCANIA,ERCILLA,EJECUCION,1239487,2026,RS,2026-01-09,SALUD,METROS CUADRADOS,361,FNDR
40064846-0,"CONSTRUCCION CENTRO MULTIPROPOSITO-DOJO ARTES MARCIALES, COMUNA DE GALVARINO",REGION DE LA ARAUCANIA,GALVARINO,EJECUCION,336000,2026,,,DEPORTES,METROS CUADRADOS,1164,SECT
30463592-0,"INSTALACION SISTEMA AGUA POTABLE RURAL  LAGUNA JARA,  LONQUIMAY",REGION DE LA ARAUCANIA,LONQUIMAY,EJECUCION,3003854,2026,RS,2026-08-07,RECURSOS HIDRICOS,METROS CUADRADOS,135,SECT
40071142-0,"REPOSICION Y CONSTRUCCION VEREDAS EJE M. RODRIGUEZ  Y OTROS, C. PASTENE, COMUNA DE LUMACO",REGION DE LA ARAUCANIA,LUMACO,EJECUCION,290000,2026,,,VIVIENDA Y DESARROLLO URBANO,METROS CUADRADOS,3040,FNDR
40067087-0,CONSERVACION POR EMERGENCIA RED VIAL REGIÓN DE LA ARAUCANÍA 2024-2026,REGION DE LA ARAUCANIA,,EJECUCION,27497520,2026,AD,2025-12-05,TRANSPORTE,KILÓMETROS,14,SECT
40074969-0,CONSTRUCCION PUNTO DE POSADA PARA HELICOPTEROS TRAIGUÉN.,REGION DE LA ARAUCANIA,TRAIGUEN,EJECUCION,618565,2026,RS,2025-09-11,TRANSPORTE,METROS CUADRADOS,3969,SECT
40081053-0,"ADQUISICION VEHÍCULO DE APOYO PARA DE EMERGENCIAS, COMUNA DE LOS SAUCES",REGION DE LA ARAUCANIA,LOS SAUCES,EJECUCION,113645,2026,,,SEGURIDAD PUBLICA,UNIDAD,1,FNDR
40064806-0,"ADQUISICION RESONADOR HOSPITAL HERNÁN HENRÍQUEZ ARAVENA, TEMUCO",REGION DE LA ARAUCANIA,TEMUCO,EJECUCION,2677122,2026,,,SALUD,UNIDAD,1,FNDR
40073733-0,"CONSTRUCCION ÁREA DE ESPARCIMIENTO COMUNIDAD INDÍGENA CURIHUINCA VIDAL, PADRE LAS CASAS",REGION DE LA ARAUCANIA,PADRE LAS CASAS,EJECUCION,32992,2026,,,MULTISECTORIAL,METROS CUADRADOS,186,FNDR
40082328-0,"CONSTRUCCION PARQUE DEPORTIVO GUACOLDA, LAUTARO",REGION DE LA ARAUCANIA,LAUTARO,DISEÑO,397000,2027,,,DEPORTES,UNIDAD,1,FNDR
40071743-0,"CONSTRUCCION PASEO PEATONAL Y CICLOVIA, COMUNA DE PERQUENCO",REGION DE LA ARAUCANIA,PERQUENCO,EJECUCION,2577497,2026,,,VIVIENDA Y DESARROLLO URBANO,METROS CUADRADOS,9500,FNDR
40071707-0,"REPOSICION VEREDAS VILLA CURACO Y VILLA RIO AMARGO, COLLIPULLI",REGION DE LA ARAUCANIA,COLLIPULLI,EJECUCION,98000,2026,,,TRANSPORTE,METROS CUADRADOS,1138,FNDR
40080470-0,"MEJORAMIENTO DE INFRAESTRUCTURA PARA EL TRANSPORTE PÚBLICO, COMUNA DE CUNCO",REGION DE LA ARAUCANIA,CUNCO,EJECUCION,200000,2026,,,TRANSPORTE,METROS CUADRADOS,1668,FNDR
40081999-0,REPOSICION EQUIPO Y EQUIPAMIENTO H. COLLIPULLI,REGION DE LA ARAUCANIA,COLLIPULLI,EJECUCION,376693,2026,,,SALUD,UNIDAD,138,FNDR
40056794-0,"REPOSICION CUARTEL BOMBEROS SEGUNDA COMPAÑÍA, COLLIPULLI",REGION DE LA ARAUCANIA,COLLIPULLI,DISEÑO,125161,2027,,,SEGURIDAD PUBLICA,METROS CUADRADOS,2000,FNDR
40082288-0,"ADQUISICION DE VEHICULO DE EMERGENCIA EQUIPADO, PARA LA COMUNA DE VICTORIA",REGION DE LA ARAUCANIA,VICTORIA,EJECUCION,113645,2026,,,MULTISECTORIAL,UNIDAD,1,FNDR
40081012-0,"REPOSICION CUARTEL DE BOMBEROS DE LA QUINTA COMPAÑIA  PILLANLELBUN, LAUTARO",REGION DE LA ARAUCANIA,LAUTARO,EJECUCION,2101676,2026,,,SEGURIDAD PUBLICA,METROS CUADRADOS,1257,FNDR
40062998-0,ADQUISICION DE EQUIPOS DE PRODUCCIÓN DE ÁRIDOS COMUNA DE NUEVA IMPERIAL,REGION DE LA ARAUCANIA,NUEVA IMPERIAL,EJECUCION,445814,2026,,,TRANSPORTE,UNIDAD,1,FNDR
40039993-0,"MEJORAMIENTO  DE CAMINOS SECTOR FIN FIN, COMUNA DE FREIRE ",REGION DE LA ARAUCANIA,FREIRE,EJECUCION,73827,2026,,,TRANSPORTE,KILÓMETROS,4088,FNDR
40039178-0,"CONSTRUCCION ELECTRIFICACION RURAL SECTOR MILLAHUIN BAJO, COLGA Y OTROS, PITRUFQUEN",REGION DE LA ARAUCANIA,PITRUFQUEN,EJECUCION,319807,2027,RS,,ENERGIA,NÚMERO DE EMPALMES,34,FNDR
40039178-0,"CONSTRUCCION ELECTRIFICACION RURAL SECTOR MILLAHUIN BAJO, COLGA Y OTROS, PITRUFQUEN",REGION DE LA ARAUCANIA,PITRUFQUEN,EJECUCION,71654,2026,RS,2026-01-09,ENERGIA,NÚMERO DE EMPALMES,34,FNDR
40063089-0,"CONSERVACION LICEO BICENTENARIO LUIS GONZALEZ VASQUEZ, NUEVA IMPERIAL",REGION DE LA ARAUCANIA,NUEVA IMPERIAL,EJECUCION,2123062,2026,AD,2026-07-15,EDUCACIÓN,METROS CUADRADOS,6519,FNDR
40080571-0,"CONSTRUCCION DE ESTACIONAMIENTO CALLE DIEGO BARROS ARANA ENTRE ANÍBAL PINCHEIRA Y PEDRO AGUIRRE CERDA, MELIPEUCO",REGION DE LA ARAUCANIA,MELIPEUCO,EJECUCION,25100,2026,,,TRANSPORTE,METROS,1000,FNDR
40058032-0,"ADQUISICION  Y REPOSICION DE BUSES ESCOLARES, COMUNA DE CUNCO",REGION DE LA ARAUCANIA,CUNCO,EJECUCION,567101,2027,,,EDUCACIÓN,UNIDAD,1,FNDR
40058032-0,"ADQUISICION  Y REPOSICION DE BUSES ESCOLARES, COMUNA DE CUNCO",REGION DE LA ARAUCANIA,CUNCO,EJECUCION,567101,2026,,,EDUCACIÓN,UNIDAD,1,FNDR
40065081-0,CONSTRUCCION COMPLEJO PENITENCIARIO DE LA ARAUCANÍA,REGION DE LA ARAUCANIA,TEMUCO,PREFACTIBILIDAD,1147303,2026,RS,2026-01-23,JUSTICIA,METROS CUADRADOS,101472,SECT
40070664-0,"CONSERVACION INFRAESTRUCTURA EDIFICIOS MOP, REGIÓN DE LA ARAUCANÍA",REGION DE LA ARAUCANIA,,EJECUCION,2001198,2027,,,MULTISECTORIAL,METROS CUADRADOS,689,SECT
40070664-0,"CONSERVACION INFRAESTRUCTURA EDIFICIOS MOP, REGIÓN DE LA ARAUCANÍA",REGION DE LA ARAUCANIA,,EJECUCION,2001199,2026,,,MULTISECTORIAL,METROS CUADRADOS,689,SECT
40081468-0,"AMPLIACION SISTEMA AGUA POTABLE RURAL LEFUN, VILLARRICA",REGION DE LA ARAUCANIA,VILLARRICA,EJECUCION,160525,2026,,,RECURSOS HIDRICOS,NRO. DE ARRANQUES TOTALES,104,FNDR
40081907-0,"AMPLIACION SISTEMA SANITARIO RURAL CHAURA, VILLARRICA",REGION DE LA ARAUCANIA,,EJECUCION,3434941,2026,,,RECURSOS HIDRICOS,NRO. DE ARRANQUES TOTALES,249,SECT
40076972-0,"CONSTRUCCION DE SISTEMA INTEGRAL DE SEGURIDAD COMUNAL, NUEVA IMPERIAL",REGION DE LA ARAUCANIA,NUEVA IMPERIAL,EJECUCION,804173,2027,,,SEGURIDAD PUBLICA,UNIDAD,29,FNDR
40076972-0,"CONSTRUCCION DE SISTEMA INTEGRAL DE SEGURIDAD COMUNAL, NUEVA IMPERIAL",REGION DE LA ARAUCANIA,NUEVA IMPERIAL,EJECUCION,749596,2026,,,SEGURIDAD PUBLICA,UNIDAD,29,FNDR
40034331-0,"REPOSICION SISTEMA AGUA POTABLE  RURAL ANTONIO LEPIAN, SECTOR SIÑICO, FREIRE",REGION DE LA ARAUCANIA,FREIRE,EJECUCION,1663498,2026,,,RECURSOS HIDRICOS,NRO. DE ARRANQUES NUEVOS,175,SECT
40070555-0,"MEJORAMIENTO PLAZA DE ARMAS, COMUNA DE FREIRE",REGION DE LA ARAUCANIA,FREIRE,EJECUCION,175415,2026,,,VIVIENDA Y DESARROLLO URBANO,METROS CUADRADOS,5384,FNDR
40080227-0,CONSERVACION ELEMENTOS DE SEGURIDAD VIAL REGION DE LA ARAUCANIA ,REGION DE LA ARAUCANIA,,EJECUCION,1359973,2027,,,TRANSPORTE,KILÓMETROS,250,SECT
40077287-0,MEJORAMIENTO BORDE FLUVIAL Y CALETA LOS PINOS,REGION DE LA ARAUCANIA,TOLTEN,EJECUCION,4123995,2026,,,VIVIENDA Y DESARROLLO URBANO,METROS,250,SECT
40082239-0,"ADQUISICION DE VEHÍCULO EQUIPADO PARA PRIMERA RESPUESTA GRD,GALVARINO",REGION DE LA ARAUCANIA,GALVARINO,EJECUCION,113645,2026,,,SEGURIDAD PUBLICA,UNIDAD,1,FNDR
40036950-0,"CONSERVACION SISTEMA DE RIEGO CANAL QUEPE SUR, COMUNA DE VILCUN, REGION DE LA ARAUCANIA",REGION DE LA ARAUCANIA,,EJECUCION,3559064,2026,,,RECURSOS HIDRICOS,HECTAREA,1000,SECT
40012734-0,"REPOSICION AVDA. J. M. BALMACEDA ENTRE AVDA. VILLARRICA Y CALLE M. BULNES, LONCOCHE",REGION DE LA ARAUCANIA,LONCOCHE,EJECUCION,2900994,2026,RS,2026-01-08,TRANSPORTE,METROS CUADRADOS,13792,FNDR
40082457-0,"HABILITACION SERVICIOS Y AYUDAS TEMPRANAS POR INUNDACIÓN, CURACAUTÍN",REGION DE LA ARAUCANIA,CURACAUTIN,EJECUCION,347605,2026,,,SEGURIDAD PUBLICA,UNIDAD,347605,FNDR
40077313-0,CONSTRUCCION EMBARCADERO RUCACURA LAGO CABURGUA,REGION DE LA ARAUCANIA,PUCON,EJECUCION,2577497,2026,,,VIVIENDA Y DESARROLLO URBANO,METROS,250,SECT
40071384-0,"CONSERVACION GIMNASIO MUNICIPAL, COMUNA DE CHOLCHOL",REGION DE LA ARAUCANIA,CHOL CHOL,EJECUCION,721699,2026,,,DEPORTES,METROS CUADRADOS,700,FNDR
50001177-0,CONSERVACION RED VIAL REGION DE LA ARAUCANIA,REGION DE LA ARAUCANIA,,EJECUCION,20867631,2026,FI,,TRANSPORTE,KILÓMETROS,62,SECT
40060716-0,"CONSERVACION SISTEMA DE RIEGO CANAL PILÉN CHICO, REGIÓN DE LA ARAUCANÍA 2024-2025",REGION DE LA ARAUCANIA,,EJECUCION,694051,2026,AD,2025-11-18,RECURSOS HIDRICOS,METROS,11732,SECT
40077501-0,"ADQUISICION UNIDAD MULTIPROPOSITO  Y MATERIAL HAZMAT 2DA. COMPAÑÍA DE BOMBEROS, VICTORIA",REGION DE LA ARAUCANIA,VICTORIA,EJECUCION,1000365,2026,,,SEGURIDAD PUBLICA,UNIDAD,1,FNDR
40031094-0,"REPOSICION Y AMPLIACION SISTEMA DE AGUA POTABLE RURAL TROMEN QUEPE, PADRE LAS CASAS ",REGION DE LA ARAUCANIA,PADRE LAS CASAS,EJECUCION,3927640,2026,FI,2025-11-11,RECURSOS HIDRICOS,NRO. DE ARRANQUES TOTALES,583,SECT
40075084-0,"REPOSICION SALA CUNA Y JARDIN INFANTIL TRENCITO, TEMUCO",REGION DE LA ARAUCANIA,TEMUCO,DISEÑO,94826,2026,RS,2026-01-09,EDUCACIÓN,METROS CUADRADOS,847,SECT
30487212-0,REPOSICION TERMINAL DE BUSES RURALES COMUNA DE LONQUIMAY,REGION DE LA ARAUCANIA,LONQUIMAY,EJECUCION,3071504,2026,,,TRANSPORTE,METROS CUADRADOS,753,FNDR
50001322-0,"MEJORAMIENTO Y AMPLIACIÓN SSR PAILLANAO, PADRE LAS CASAS.",REGION DE LA ARAUCANIA,PADRE LAS CASAS,EJECUCION,2740453,2026,,,RECURSOS HIDRICOS,NRO. DE ARRANQUES TOTALES,277,SECT
40078038-0,"CONSERVACION HOSPITAL SAN JOSE, VICTORIA",REGION DE LA ARAUCANIA,,EJECUCION,1350000,2026,,,SALUD,METROS CUADRADOS,11000,SECT
40070871-0,"ADQUISICION CARROBOMBA FORESTAL 5 COMPAÑIA DE BOMBEROS DE PILLANLELBUN, COMUNA DE LAUTARO",REGION DE LA ARAUCANIA,LAUTARO,EJECUCION,614577,2026,,,SEGURIDAD PUBLICA,UNIDAD,100,FNDR
40070872-0,CONSTRUCCION PARADOR TURISTICO MALALCAHUELLO,REGION DE LA ARAUCANIA,CURACAUTIN,EJECUCION,215735,2026,,,TURISMO Y COMERCIO,METROS CUADRADOS,335,SECT
40082741-0,"ADQUISICION VEHICULO EMERGENCIAS Y EQUIPO ELECTRÓGENO APR, CURACAUTÍN",REGION DE LA ARAUCANIA,CURACAUTIN,EJECUCION,128738,2026,,,MULTISECTORIAL,UNIDAD,1,FNDR
40070786-0,"MEJORAMIENTO CAMINO METRENCO - MISIÓN INGLESA, KILOMETRO 0 AL 7,9. PADRE LAS CASAS.",REGION DE LA ARAUCANIA,PADRE LAS CASAS,EJECUCION,11837625,2026,RS,2026-06-23,TRANSPORTE,KILÓMETROS,8,FNDR
40070786-0,"MEJORAMIENTO CAMINO METRENCO - MISIÓN INGLESA, KILOMETRO 0 AL 7,9. PADRE LAS CASAS.",REGION DE LA ARAUCANIA,PADRE LAS CASAS,EJECUCION,11837625,2026,RS,2026-06-23,TRANSPORTE,KILÓMETROS,8,SECT
30136983-0,REPOSICION PARCIAL SISTEMA DE AGUA POTABLE SELVA OSCURA - VICTORIA,REGION DE LA ARAUCANIA,VICTORIA,EJECUCION,2491938,2026,RS,2025-11-11,RECURSOS HIDRICOS,NRO. DE ARRANQUES TOTALES,133,SECT
40078482-0,"CONSERVACION  ESCUELA COIHUE CURACO, COMUNA DE CHOLCHOL",REGION DE LA ARAUCANIA,CHOL CHOL,EJECUCION,33447,2026,,,EDUCACIÓN,METROS CUADRADOS,40,SECT
40075640-0,"REPOSICION VEREDAS CALLE 21 DE MAYO, COMUNA DE TRAIGUÃ¿Â¿N",REGION DE LA ARAUCANIA,TRAIGUEN,EJECUCION,90000,2026,,,TRANSPORTE,METROS CUADRADOS,1228,FNDR
40081303-0,ADQUISICION AMBULANCIA DSM CURARREHUE,REGION DE LA ARAUCANIA,CURARREHUE,EJECUCION,149761,2026,,,SALUD,UNIDAD,1,FNDR
40082226-0,"ADQUISICION CLINICA MOVIL DE MAMOGRAFIA, COMUNA DE TEMUCO",REGION DE LA ARAUCANIA,TEMUCO,EJECUCION,742168,2026,,,SALUD,UNIDAD,1,FNDR
40071697-0,MEJORAMIENTO SISTEMA DE AGUA POTABLE VILLORIO EL TESORO ,REGION DE LA ARAUCANIA,TRAIGUEN,EJECUCION,309300,2026,,,RECURSOS HIDRICOS,UNIDAD,1,FNDR
40082670-0,ADQUISICION DE GRUPOS ELECTRÓGENOS PARA APRS DE LA COMUNA DE VILCÚN,REGION DE LA ARAUCANIA,VILCUN,EJECUCION,101710,2026,,,RECURSOS HIDRICOS,UNIDAD,6,FNDR
40063249-0,CONSERVACION RED SECUNDARIA DE AGUAS LLUVIAS ARAUCANÍA 2025-2026,REGION DE LA ARAUCANIA,,EJECUCION,503866,2026,AD,2025-12-04,RECURSOS HIDRICOS,UNIDAD,300,SECT
40075516-0,"MEJORAMIENTO INSTALACIÓN DE ALUMBRADO PÚBLICO CALLE BALMACEDA, COMUNA DE ANGOL",REGION DE LA ARAUCANIA,ANGOL,EJECUCION,20000,2026,,,ENERGIA,METROS,1196,FNDR
40067462-0,"CONSTRUCCION JARDÍN INFANTIL PARQUE VILLARRICA 7, VILLARRICA",REGION DE LA ARAUCANIA,VILLARRICA,DISEÑO,99577,2026,RS,2026-01-19,EDUCACIÓN,METROS CUADRADOS,587,SECT
40031079-0,"REPOSICION PUENTE DONGUIL Y ACCESOS RUTA S-689, GORBEA",REGION DE LA ARAUCANIA,,DISEÑO,500300,2026,,,TRANSPORTE,METROS,52,SECT
40079634-0,ADQUISICION RESONADOR NUCLEAR MAGNÉTICO H. VICTORIA,REGION DE LA ARAUCANIA,,EJECUCION,2129384,2026,,,SALUD,UNIDAD,1,FNDR
40079746-0,CONSTRUCCION CIERRE PERIMETRAL Y MEJORAMIENTO SEDE VILLA EL ESTERO,REGION DE LA ARAUCANIA,CHOL CHOL,EJECUCION,49974,2026,,,MULTISECTORIAL,METROS CUADRADOS,93,SECT
40080229-0,CONSERVACION GLOBAL DE CAMINOS REGION DE LA ARAUCANIA ,REGION DE LA ARAUCANIA,,EJECUCION,28228786,2027,,,TRANSPORTE,KILÓMETROS,250,SECT
30069841-0,NORMALIZACION CONSULTORIO GENERAL  PERQUENCO Y ADECUACIÓN A CESFAM,REGION DE LA ARAUCANIA,PERQUENCO,EJECUCION,9300956,2026,RS,2026-01-06,SALUD,METROS CUADRADOS,2144,FNDR
40052499-0,"NORMALIZACION  Y MEJORAMIENTO RUTAS PEATONALES, PROVINCIA DE MALLECO",REGION DE LA ARAUCANIA,,DISEÑO,655689,2026,RS,2025-12-05,TRANSPORTE,METROS CUADRADOS,48619,SECT
40063248-0,"NORMALIZACION Y MEJORAMIENTO RUTAS PEATONALES, PROVINCIA DE CAUTÍN",REGION DE LA ARAUCANIA,,DISEÑO,579006,2026,RS,2025-12-05,TRANSPORTE,METROS,20095,SECT
40078782-0,"REPOSICION DE VEREDAS ACCESO NORTE LOCALIDAD DE CAJÓN, VILCÚN",REGION DE LA ARAUCANIA,VILCUN,EJECUCION,45050,2026,,,VIVIENDA Y DESARROLLO URBANO,METROS CUADRADOS,1095,FNDR
40082644-0,"REPOSICION CALZADA, VEREDAS Y AGUAS LLUVIAS, CALLE PROGRESO, ENTRE COMERCIO Y MANUEL R ",REGION DE LA ARAUCANIA,RENAICO,EJECUCION,232000,2026,,,VIVIENDA Y DESARROLLO URBANO,METROS CUADRADOS,3098,FNDR
40051516-0,"CONSTRUCCION AREA VERDE MERCADO MUNICIPAL, COMUNA DE GORBEA",REGION DE LA ARAUCANIA,GORBEA,EJECUCION,40000,2026,,,VIVIENDA Y DESARROLLO URBANO,METROS CUADRADOS,693,FNDR
40078523-0,"CONSERVACION ESTADIO MUNICIPAL OMAR DIB, TRAIGUEN",REGION DE LA ARAUCANIA,TRAIGUEN,DISEÑO,80000,2026,,,DEPORTES,METROS CUADRADOS,39454,FNDR
30292973-0,"CONSTRUCCION CUARTEL BRIGADA FUNDO EL CARMEN, TEMUCO.",REGION DE LA ARAUCANIA,TEMUCO,EJECUCION,1971333,2026,OT,2026-01-07,SEGURIDAD PUBLICA,METROS CUADRADOS,498,FNDR
40060090-0,"MEJORAMIENTO Y AMPLIACIÓN SISTEMA APR PUTUE, VILLARRICA (RES. DOH N°1012/2023)",REGION DE LA ARAUCANIA,VILLARRICA,EJECUCION,3240953,2026,,,RECURSOS HIDRICOS,METROS CUADRADOS,430,SECT
40060094-0,"MEJORAMIENTO SISTEMA APR RADAL, COMUNA FREIRE (RES. DOH N°1012/2023)",REGION DE LA ARAUCANIA,FREIRE,EJECUCION,2734072,2026,,,RECURSOS HIDRICOS,NRO. DE ARRANQUES TOTALES,476,SECT
40067811-0,REPOSICION Y ADQUISICIÓN EQUIPAMIENTO GESTIÓN DE RESIDUOS COMUNA DE VILLARRICA,REGION DE LA ARAUCANIA,VILLARRICA,EJECUCION,891960,2026,,,MULTISECTORIAL,HABITANTE BENEFICIADO,95346,FNDR
40070841-0,"REPOSICION CAMION RECOLECTOR DE RSD, COMUNA DE GORBEA.",REGION DE LA ARAUCANIA,GORBEA,EJECUCION,246682,2026,,,TRANSPORTE,UNIDAD,1,FNDR
40082582-0,"ADQUISICION VEHÌCULO DE EMERGENCIA PARA RESPUESTA TEMPRANA, COMUNA DE TOLTEN ",REGION DE LA ARAUCANIA,TOLTEN,EJECUCION,113645,2026,,,MULTISECTORIAL,UNIDAD,1,FNDR
40075950-0,"MEJORAMIENTO CAMINOS VECINALES COMUNIDAD CAÑUTA CALBUQUEO, COMUNA DE ERCILLA",REGION DE LA ARAUCANIA,ERCILLA,EJECUCION,337800,2026,,,TRANSPORTE,METROS,6755,FNDR
40071956-0,"CONSTRUCCION CASA DEL EMPRENDEDEDOR, VICTORIA",REGION DE LA ARAUCANIA,VICTORIA,EJECUCION,346415,2026,,,TURISMO Y COMERCIO,METROS CUADRADOS,500,FNDR
40075376-0,"CONSTRUCCION DE SERVICIO SANITARIO RURAL BELLAVISTA, COMUNA DE TRAIGUÉN",REGION DE LA ARAUCANIA,TRAIGUEN,FACTIBILIDAD,238569,2026,OT,,RECURSOS HIDRICOS,NRO. DE ARRANQUES TOTALES,108,FNDR
40075376-0,"CONSTRUCCION DE SERVICIO SANITARIO RURAL BELLAVISTA, COMUNA DE TRAIGUÉN",REGION DE LA ARAUCANIA,TRAIGUEN,PREFACTIBILIDAD,183200,2026,OT,2026-08-26,RECURSOS HIDRICOS,NRO. DE ARRANQUES TOTALES,108,FNDR
40081192-0,"ADQUISICION DE CAMIONES RECOLECTORES Y PUNTO LIMPIO MÓVIL PARA LA GESTIÓN DE RSD, COMUNA T. SCHMIDT",REGION DE LA ARAUCANIA,TEODORO SCHMIDT,EJECUCION,443949,2026,,,RECURSOS NATURALES Y MEDIO AMBIENTE,UNIDAD,3,FNDR
40065599-0,REPOSICION DE UNIFORMES Y ADQUISICION DE EQUIPOS DE LAVADO DE UNIFORMES PARA BOMBEROS DE LA REGION LA ARAUCANIA,REGION DE LA ARAUCANIA,,EJECUCION,9684314,2026,,,SEGURIDAD PUBLICA,UNIDAD,2385,FNDR
40069558-0,"CONSERVACION SISTEMA DE RIEGO CANAL CURILEO, VILCUN",REGION DE LA ARAUCANIA,VILCUN,EJECUCION,1780689,2026,,,RECURSOS HIDRICOS,HECTAREA,300,SECT
40063859-0,"MEJORAMIENTO Y AMPLIACIÓN SSR SAN RAMÓN, PADRE LAS CASAS, PROV. CAUTÍN, REG. ARAUCANÍA  ",REGION DE LA ARAUCANIA,PADRE LAS CASAS,EJECUCION,2719534,2026,,,RECURSOS HIDRICOS,NRO. DE ARRANQUES TOTALES,544,SECT
40021944-0,"INSTALACION SISTEMA APR  BOYECO, PANCO, COLLIMALLIN MANIUCO Y PAJAL, TEMUCO ",REGION DE LA ARAUCANIA,TEMUCO,EJECUCION,40417104,2026,FI,2026-06-23,RECURSOS HIDRICOS,NRO. DE ARRANQUES NUEVOS,2366,SECT
40078720-0,"CONSTRUCCION PARQUE COSTANERA RIO VERGARA, ANGOL ",REGION DE LA ARAUCANIA,ANGOL,FACTIBILIDAD,68750,2026,,,VIVIENDA Y DESARROLLO URBANO,METROS CUADRADOS,129560,FNDR
40081587-0,"REPOSICION LICEO  BICENTENARIO DE HOTELERÍA Y TURISMO, PUCÓN",REGION DE LA ARAUCANIA,PUCON,FACTIBILIDAD,15000,2026,,,EDUCACIÓN,UNIDAD,1,SECT
40082217-0,"HABILITACION Y RESPUESTA INMEDIATA ANTE EMERGENCIA CLIMÁTICA, COMUNA DE GALVARINO",REGION DE LA ARAUCANIA,GALVARINO,EJECUCION,347017,2026,,,SEGURIDAD PUBLICA,UNIDAD,1,FNDR
40081766-0,REPOSICION EQUIPO Y EQUIPAMIENTO H. TRAIGUÉN,REGION DE LA ARAUCANIA,TRAIGUEN,EJECUCION,1611512,2026,,,SALUD,UNIDAD,85,FNDR
40077464-0,"CONSTRUCCION CENTRO DE GESTIÓN DE RESIDUOS SÓLIDOS PARA TEODORO SCHMIDT Y TOLTÉN, TEOTOL.",REGION DE LA ARAUCANIA,TOLTEN,DISEÑO,500000,2026,OT,2026-07-23,RECURSOS NATURALES Y MEDIO AMBIENTE,METROS CUADRADOS,42820,FNDR
40080831-0,"MEJORAMIENTO CEMENTERIO INDIGENA SECTOR CONIN BUDI, COMUNA DE SAAVEDRA",REGION DE LA ARAUCANIA,SAAVEDRA,EJECUCION,56745,2026,,,SALUD,METROS,203,FNDR
40069639-0,AMPLIACION Y MEJORAMIENTO SISTEMA SSR MONTEVERDE TEMUCO,REGION DE LA ARAUCANIA,TEMUCO,EJECUCION,3519383,2026,,,RECURSOS HIDRICOS,NRO. DE ARRANQUES TOTALES,180,SECT
40081364-0,"ADQUISICION POOL DE MAQUINARIA , PARA LA MANTENCION Y CONSERVACION DE CAMINOS, COMUNA DE LONQUIMAY",REGION DE LA ARAUCANIA,LONQUIMAY,EJECUCION,1839223,2026,,,TRANSPORTE,KILÓMETROS,1762,FNDR
40054663-0,"MEJORAMIENTO CBI CHOROICO HUICHAHUE FAJA 20.000, CUNCO",REGION DE LA ARAUCANIA,CUNCO,EJECUCION,7404590,2026,RS,2025-12-11,TRANSPORTE,KILÓMETROS,13,FNDR
40054663-0,"MEJORAMIENTO CBI CHOROICO HUICHAHUE FAJA 20.000, CUNCO",REGION DE LA ARAUCANIA,CUNCO,EJECUCION,7404590,2026,RS,2025-12-11,TRANSPORTE,KILÓMETROS,13,SECT
40052199-0,MEJORAMIENTO CASA DE LA MUJER COMUNA DE PITRUFQUEN,REGION DE LA ARAUCANIA,PITRUFQUEN,EJECUCION,65000,2026,,,MULTISECTORIAL,METROS CUADRADOS,600,FNDR
40073721-0,REPOSICION DE REFUGIOS PEATONALES PARA QUEPE,REGION DE LA ARAUCANIA,FREIRE,EJECUCION,132190,2026,,,TRANSPORTE,UNIDAD,10,SECT
40018469-0,REPOSICION CENTRO CULTURAL DE TOLTeN,REGION DE LA ARAUCANIA,TOLTEN,EJECUCION,2046023,2026,,,MULTISECTORIAL,METROS CUADRADOS,744,SECT
40018469-0,REPOSICION CENTRO CULTURAL DE TOLTeN,REGION DE LA ARAUCANIA,TOLTEN,EJECUCION,2046023,2026,,,MULTISECTORIAL,METROS CUADRADOS,744,MUNIC
40081217-0,ADQUISICION DE VEHÍCULO PARA FORTALECER LA RESPUESTA ANTE SITUACIONES DE EMERGENCIA EN LA COMUNA DE TRAIGUÉN,REGION DE LA ARAUCANIA,TRAIGUEN,EJECUCION,137945,2026,,,SEGURIDAD PUBLICA,UNIDAD,1,FNDR
40081277-0,"CONSTRUCCION ELECTRIFICACION RURAL SECTOR LOLCURA, LINCO PONIENTE Y OTROS, COLLIPULLI",REGION DE LA ARAUCANIA,COLLIPULLI,EJECUCION,768560,2026,,,ENERGIA,NÚMERO DE EMPALMES,52,FNDR
40082514-0,HABILITACION FONDOS DE EMERGENCIA GLOSA 6 VILLARRICA,REGION DE LA ARAUCANIA,VILLARRICA,EJECUCION,186158,2026,,,MULTISECTORIAL,UNIDAD,1,FNDR
40021413-0,CONSTRUCCION DE CICLOVIAS VARIAS RUTAS ARAUCANIA,REGION DE LA ARAUCANIA,,DISEÑO,670665,2026,,,TRANSPORTE,KILÓMETROS,34,SECT
40077703-0,"MEJORAMIENTO AV. O'HIGGINS, ENTRE CALLE BLANCO ENCALADA Y RUTA S-92, COMUNA DE GORBEA",REGION DE LA ARAUCANIA,GORBEA,DISEÑO,40000,2026,,,VIVIENDA Y DESARROLLO URBANO,METROS CUADRADOS,12680,FNDR
40045677-0,"CONSTRUCCION ELECTRIFICACION RURAL SECTOR LLAIMA BAJO, EL NATRE Y OTROS, VILCUN",REGION DE LA ARAUCANIA,VILCUN,EJECUCION,219942,2026,FI,2026-01-09,ENERGIA,NÚMERO DE EMPALMES,91,FNDR
40076343-0,ADQUISICION DE DOS MINIBUSES PARA LA COMUNA DE CHOLCHOL,REGION DE LA ARAUCANIA,CHOL CHOL,EJECUCION,339120,2026,,,EDUCACIÓN,UNIDAD,2,FNDR
40080305-0,"ADQUISICION CAMIÓN RECOLECTOR  DE RESIDUOS SÓLIDOS DOMICILIARIOS (RSD), VICTORIA",REGION DE LA ARAUCANIA,VICTORIA,EJECUCION,242725,2026,,,RECURSOS NATURALES Y MEDIO AMBIENTE,HABITANTE BENEFICIADO,6513,FNDR
40073169-0,"REPOSICION DE CAMERINOS. ESTADIO MUNICIPAL NUEVA TOLTEN, COMUNA DE TOLTEN",REGION DE LA ARAUCANIA,TOLTEN,EJECUCION,299996,2026,,,DEPORTES,METROS CUADRADOS,427,FNDR
40068603-0,"CONSTRUCCION CANCHAS DE TENIS, CARAHUE",REGION DE LA ARAUCANIA,CARAHUE,EJECUCION,182250,2026,,,DEPORTES,METROS CUADRADOS,1756,FNDR
40049461-0,REPOSICION HOSPITAL COMUNITARIO Y FAMILIAR TOLTEN ,REGION DE LA ARAUCANIA,TOLTEN,DISEÑO,356811,2026,RS,2026-01-09,SALUD,METROS CUADRADOS,9570,FNDR
40063249-0,CONSERVACION RED SECUNDARIA DE AGUAS LLUVIAS ARAUCANÍA 2025-2026,REGION DE LA ARAUCANIA,,EJECUCION,503866,2026,AD,2025-12-04,RECURSOS HIDRICOS,METROS,15000,SECT
40080180-0,"CONSTRUCCION Y REPOSICION DE REFUGIOS PEATONALES URBANOS, PADRE LAS CASAS",REGION DE LA ARAUCANIA,PADRE LAS CASAS,EJECUCION,195520,2026,,,TRANSPORTE,UNIDAD,17,FNDR
40034114-0,"REPOSICION SISTEMA DE APR COMUY, HACIA LOS MAITENES, PITRUFQUEN",REGION DE LA ARAUCANIA,PITRUFQUEN,EJECUCION,1135579,2026,FI,,RECURSOS HIDRICOS,NRO. DE ARRANQUES TOTALES,236,SECT
40039922-0,"REPOSICION FERIA DE ARTESANOS CREADORES DE LICAN RAY, COMUNA DE VILLARRICA",REGION DE LA ARAUCANIA,VILLARRICA,DISEÑO,250929,2026,,,TURISMO Y COMERCIO,METROS CUADRADOS,1800,FNDR
40021839-0,"MEJORAMIENTO ÁREAS VERDES PURRANQUE ENTRE CALLE SAN VICENTE Y CALLE PURRANQUE, TEMUCO",REGION DE LA ARAUCANIA,TEMUCO,EJECUCION,192237,2026,,,VIVIENDA Y DESARROLLO URBANO,METROS CUADRADOS,728,FNDR
40075944-0,"CONSTRUCCION SISTEMA DE AGUA POTABLE RURAL NANCAHUE, LONCOCHE",REGION DE LA ARAUCANIA,LONCOCHE,EJECUCION,2366293,2026,OT,2026-06-11,RECURSOS HIDRICOS,NRO. DE ARRANQUES NUEVOS,240,SECT
40079883-0,"CONSERVACION DE EMERGENCIA CANAL PILLANLELBUN , REGIÓN DE LA ARAUCANÍA",REGION DE LA ARAUCANIA,,EJECUCION,657855,2026,RS,2026-06-19,RECURSOS HIDRICOS,METROS,631,SECT
40071607-0,"CONSTRUCCION SERVICIO SANITARIO RURAL TRABUNQUILLEM, LOS TEMOS Y OÑOÑOCO, GALVARINO.",REGION DE LA ARAUCANIA,GALVARINO,DISEÑO,140530,2026,,,RECURSOS HIDRICOS,NRO. DE ARRANQUES TOTALES,138,FNDR
40020285-0,CONSERVACION GLOBAL CAMINOS RED VIAL DE LA ARAUCANIA 2021,REGION DE LA ARAUCANIA,,EJECUCION,11822232,2026,,,TRANSPORTE,KILÓMETROS,1000,SECT
40080698-0,"REPOSICION Y MEJORAMIENTO DE SEÑALIZACION VIAL Y DEMARCACION HORIZONTAL, COMUNA DE GALVARINO",REGION DE LA ARAUCANIA,,EJECUCION,312173,2026,,,MULTISECTORIAL,METROS,6966,FNDR
40075951-0,"CONSTRUCCION OBRAS DE EVACUACIÓN DE AGUA LLUVIA PIDIMA, COMUNA DE ERCILLA",REGION DE LA ARAUCANIA,ERCILLA,EJECUCION,198702,2026,,,TRANSPORTE,METROS,300,FNDR
40073609-0,"MEJORAMIENTO AMPLIACIÓN SSR CAIVICO,SECTOR LOS NOTROS, SAN CONRADO Y PEDREGOSO, CUNCO ",REGION DE LA ARAUCANIA,CUNCO,EJECUCION,4795866,2027,,,RECURSOS HIDRICOS,NRO. DE ARRANQUES NUEVOS,183,SECT
40082452-0,"HABILITACION GENERADOR APR SECTOR RADALCO, CURACAUTÍN",REGION DE LA ARAUCANIA,CURACAUTIN,EJECUCION,15093,2026,,,ENERGIA,UNIDAD,1,FNDR
40078525-0,"CONSERVACION BODEGAS HISTÓRICAS EX REGIMIENTO, TRAIGUEN",REGION DE LA ARAUCANIA,TRAIGUEN,DISEÑO,50000,2026,,,CULTURA Y PATRIMONIO,METROS CUADRADOS,1000,FNDR
40071555-0,"MEJORAMIENTO AVENIDA DIEGO PORTALES, COMUNA DE LONQUIMAY",REGION DE LA ARAUCANIA,LONQUIMAY,EJECUCION,1855798,2026,,,VIVIENDA Y DESARROLLO URBANO,UNIDAD,1,FNDR
40079927-0,ADQUISICION DE VEHiCULO PARA FORTALECER LA RESPUESTA ANTE SITUACIONES DE EMERGENCIA EN LA COMUNA DE cunco,REGION DE LA ARAUCANIA,CUNCO,EJECUCION,114954,2026,,,SEGURIDAD PUBLICA,UNIDAD,1,FNDR
40081513-0,CONSTRUCCION SISTEMA INTEGRAL DE SEGURIDAD TELEVIGILANCIA COMUNAL DE CARAHUE,REGION DE LA ARAUCANIA,CARAHUE,EJECUCION,963147,2026,,,SEGURIDAD PUBLICA,UNIDAD,13,FNDR
40019596-0,"MEJORAMIENTO ACCESO CAPITÁN PASTENE, LUMACO",REGION DE LA ARAUCANIA,LUMACO,EJECUCION,1071398,2026,RS,2025-12-04,VIVIENDA Y DESARROLLO URBANO,METROS CUADRADOS,4889,SECT
40065555-0,REPOSICION Y ADQUISICION DE EQUIPOS/EQUIPAMIENTO H. DR. DINO STAGNO TRAIGUEN,REGION DE LA ARAUCANIA,TRAIGUEN,EJECUCION,633620,2026,,,SALUD,UNIDAD,300,FNDR
40039493-0,"ADQUISICION BUS PARA EL TRASLADO DE ESTUDIANTES EDUC. MEDIA, COMUNA DE VILLARRICA",REGION DE LA ARAUCANIA,VILLARRICA,EJECUCION,235522,2026,,,"EDUCACION, CULTURA Y PATRIMONIO",UNIDAD,1,FNDR
40080348-0,REPOSICION CAMIONETAS HOSPITAL INTERCULTURAL MAKEWE COMUNA PADRE LAS CASAS,REGION DE LA ARAUCANIA,PADRE LAS CASAS,EJECUCION,102371,2026,,,SALUD,UNIDAD,3,FNDR
40081069-0,ADQUISICION CAMIÓN ELÉCTRICO 3/4 PARA RECICLAJE URBANO DE RESIDUOS ORGÁNICOS PADRE LAS CASAS,REGION DE LA ARAUCANIA,PADRE LAS CASAS,EJECUCION,59489,2026,,,RECURSOS NATURALES Y MEDIO AMBIENTE,UNIDAD,1,FNDR
40074324-0,"CONSTRUCCION OFICINAS DIDECO, COMUNA DE ERCILLA",REGION DE LA ARAUCANIA,ERCILLA,EJECUCION,337000,2026,,,MULTISECTORIAL,METROS CUADRADOS,241,FNDR
40040058-0,"INSTALACION SISTEMA AGUA POTABLE CORRIENTES BLANCAS, REPOCURA Y RUCATRARO, GALVARINO",REGION DE LA ARAUCANIA,GALVARINO,EJECUCION,9231901,2026,RS,2026-08-25,RECURSOS HIDRICOS,NRO. DE ARRANQUES TOTALES,277,FNDR
40040058-0,"INSTALACION SISTEMA AGUA POTABLE CORRIENTES BLANCAS, REPOCURA Y RUCATRARO, GALVARINO",REGION DE LA ARAUCANIA,GALVARINO,DISEÑO,116755,2026,RS,2026-01-12,RECURSOS HIDRICOS,NRO. DE ARRANQUES TOTALES,277,FNDR
30096778-0,"INSTALACION SISTEMA AGUA POTABLE RURAL ALPEHUE  Y CASABLANCA, MELIPEUCO",REGION DE LA ARAUCANIA,MELIPEUCO,DISEÑO,99242,2026,FI,2026-01-12,RECURSOS HIDRICOS,NRO. DE ARRANQUES TOTALES,87,FNDR
40043745-0,NORMALIZACION E INTEGRACION DE SEMAFOROS PRIMERA ETAPA TRAIGUEN,REGION DE LA ARAUCANIA,TRAIGUEN,EJECUCION,976086,2026,RS,2026-07-01,TRANSPORTE,UNIDAD,5,FNDR
40080513-0,"MEJORAMIENTO ÁREA VERDE LA RIVERA DE LABRANZA, TEMUCO",REGION DE LA ARAUCANIA,TEMUCO,DISEÑO,20000,2026,,,VIVIENDA Y DESARROLLO URBANO,METROS CUADRADOS,2000,SECT
40069597-0,"CONSERVACION SISTEMA SANITARIO RURAL VILLA CURACO, COLLIPULLI",REGION DE LA ARAUCANIA,COLLIPULLI,EJECUCION,1008887,2026,,,RECURSOS HIDRICOS,NRO. DE ARRANQUES TOTALES,110,SECT
30072803-0,REPOSICION POSTA SALUD RURAL PICHIPELLAHUEN - LUMACO,REGION DE LA ARAUCANIA,LUMACO,EJECUCION,1270370,2026,RS,2026-01-06,SALUD,METROS CUADRADOS,426,FNDR
40065420-0,"CONSTRUCCION DE SERVICIO SANITARIO RURAL LA VIRGEN, COMUNA DE TRAIGUEN",REGION DE LA ARAUCANIA,TRAIGUEN,DISEÑO,178271,2026,,2026-08-04,RECURSOS HIDRICOS,NRO. DE ARRANQUES TOTALES,74,FNDR
40065420-0,"CONSTRUCCION DE SERVICIO SANITARIO RURAL LA VIRGEN, COMUNA DE TRAIGUEN",REGION DE LA ARAUCANIA,TRAIGUEN,PREFACTIBILIDAD,119895,2026,,,RECURSOS HIDRICOS,NRO. DE ARRANQUES TOTALES,74,FNDR
40077886-0,"REPOSICION DE ACERAS, ACCESOS VEHICULARES Y ZONA DE JUEGOS SECTOR; MATTA ORIENTE, PERQUENCO",REGION DE LA ARAUCANIA,PERQUENCO,EJECUCION,165000,2026,,,TRANSPORTE,METROS CUADRADOS,1556,FNDR
40080434-0,"ADQUISICION DE VEHÍCULO PARA RESPUESTA A EMERGENCIAS, COMUNA DE LUMACO",REGION DE LA ARAUCANIA,LUMACO,EJECUCION,114954,2026,,,SEGURIDAD PUBLICA,UNIDAD,1,FNDR
40080725-0,REPOSICION VEHÍCULOS DE TRANSPORTE DE LOS SERVICIOS DE SALUD DE LA REGIÓN DE LA ARAUCANÍA,REGION DE LA ARAUCANIA,,EJECUCION,790463,2026,,,SALUD,UNIDAD,16,FNDR
40082316-0,ADQUISICION DE VEHICULO DE EMERGENCIA EQUIPADO PARA LA COMUNA DE COLLIPULLI,REGION DE LA ARAUCANIA,COLLIPULLI,EJECUCION,113645,2026,,,MULTISECTORIAL,UNIDAD,1,FNDR
40069225-0,"CONSTRUCCION INFRAESTRUCTURAS SANITARIAS URBANO CUADRANTE NORTE, SAAVEDRA ",REGION DE LA ARAUCANIA,SAAVEDRA,EJECUCION,701437,2026,RS,2026-07-27,VIVIENDA Y DESARROLLO URBANO,UNIDAD,55,FNDR
40037146-0,"CONSERVACION CAMINO LOMAS DE CODILGUE, TEMUCO",REGION DE LA ARAUCANIA,TEMUCO,EJECUCION,169968,2026,,,TRANSPORTE,METROS CUADRADOS,2162,FNDR
40078047-0,"CONSERVACION POSTA SALUD RURAL QUILQUEN, TRAIGUEN",REGION DE LA ARAUCANIA,TRAIGUEN,EJECUCION,350000,2026,,,SALUD,METROS CUADRADOS,351,SECT
40058610-0,MEJORAMIENTO DE CAMINOS SECTORES HUICHAHUE NIAGARA METRENCO Y MAQUEHUE COMUNA PADRE LAS CASAS,REGION DE LA ARAUCANIA,PADRE LAS CASAS,EJECUCION,280000,2026,,,TRANSPORTE,METROS,34400,FNDR
40024183-0,"MEJORAMIENTO AV. MIRAFLORES ENTRE VILLA ALEGRE Y LAS TORRES, VICTORIA",REGION DE LA ARAUCANIA,VICTORIA,EJECUCION,1043183,2026,RS,2026-01-08,TRANSPORTE,METROS,477,FNDR
40003212-0,"MEJORAMIENTO CBI MONOPAINE - CHAPOD - PULIL, PADRE LAS CASAS",REGION DE LA ARAUCANIA,PADRE LAS CASAS,EJECUCION,10294619,2026,RS,2026-08-25,TRANSPORTE,KILÓMETROS,14,SECT
40003212-0,"MEJORAMIENTO CBI MONOPAINE - CHAPOD - PULIL, PADRE LAS CASAS",REGION DE LA ARAUCANIA,PADRE LAS CASAS,EJECUCION,10294619,2026,RS,2026-08-25,TRANSPORTE,KILÓMETROS,14,FNDR
40035272-0,"MEJORAMIENTO SISTEMA AGUA POTABLE RURAL HUAPI TROVOLHUE Y MACHACO,CARAHUE",REGION DE LA ARAUCANIA,CARAHUE,EJECUCION,1276547,2026,RS,2026-08-20,RECURSOS HIDRICOS,NRO. DE ARRANQUES TOTALES,186,SECT
40052617-0,ADQUISICION CAMION ALJIBE ILUSTRE MUNICIPALIDAD DE PITRUFQUEN,REGION DE LA ARAUCANIA,PITRUFQUEN,EJECUCION,217175,2026,,,MULTISECTORIAL,UNIDAD,1,FNDR
40071383-0,"CONSERVACION EDIFICIO CONSISTORIAL, COMUNA DE CHOLCHOL",REGION DE LA ARAUCANIA,CHOL CHOL,EJECUCION,1030998,2026,,,CULTURA Y PATRIMONIO,METROS CUADRADOS,1447,FNDR
30126701-0,"REPOSICION POSTA SALUD RURAL QUECHEREGUAS, TRAIGUÉN",REGION DE LA ARAUCANIA,TRAIGUEN,EJECUCION,1333030,2026,RS,2026-01-09,SALUD,METROS CUADRADOS,440,FNDR
40080522-0,"CONSTRUCCION REFUGIOS PEATONALES, COMUNA DE CURACAUTÍN",REGION DE LA ARAUCANIA,CURACAUTIN,EJECUCION,263864,2026,,,TRANSPORTE,UNIDAD,30,FNDR
40082313-0,ADQUISICION  VEHÍCULO PARA FORTALECER LA RESPUESTA ANTE SITUACIONES DE EMERGENCIA COMUNA DE TRAIGUEN,REGION DE LA ARAUCANIA,TRAIGUEN,EJECUCION,113645,2026,,,SEGURIDAD PUBLICA,UNIDAD,1,FNDR
40060361-0,CONSERVACION RED VIAL REGION DE LA ARAUCANIA CAUTIN Y MALLECO 2025-2027,REGION DE LA ARAUCANIA,,EJECUCION,39070268,2026,RS,2026-03-10,TRANSPORTE,KILÓMETROS,96,SECT
30397777-0,CONSERVACION ALUMBRADO PUBLICO COMUNA DE VILLARRICA ,REGION DE LA ARAUCANIA,VILLARRICA,EJECUCION,2831497,2026,,,ENERGIA,UNIDAD,5190,FNDR
40049128-0,CONSERVACION HOSPITAL SAN JOSE DE VICTORIA,REGION DE LA ARAUCANIA,VICTORIA,EJECUCION,2585481,2026,AD,2026-01-15,SALUD,METROS CUADRADOS,11000,SECT
40077479-0,"CONSTRUCCION CIERRE PERIMETRAL Y ACCESIBILIDAD UNIVERSAL, SEDE VILLA EL ESTERO",REGION DE LA ARAUCANIA,CHOL CHOL,EJECUCION,27183,2026,,,VIVIENDA Y DESARROLLO URBANO,METROS,170,SECT
30120056-0,"REPOSICION CESFAM ALEMANIA, ANGOL",REGION DE LA ARAUCANIA,ANGOL,DISEÑO,232799,2026,FI,2026-08-25,SALUD,METROS CUADRADOS,2887,SECT
40082319-0,ADQUISICION CAMIONETA DE PRIMERA INTERVENSION COMUNA DE CUNCO,REGION DE LA ARAUCANIA,CUNCO,EJECUCION,113645,2026,,,SEGURIDAD PUBLICA,UNIDAD,1,FNDR
40071212-0,"REPOSICION TECHUMBRE ENSEÑANZA MEDIA CMFV, CURARREHUE",REGION DE LA ARAUCANIA,CURARREHUE,EJECUCION,172624,2026,,,EDUCACIÓN,METROS CUADRADOS,1332,FNDR
40079475-0,CONSERVACION RED VIAL REGION DE LA ARAUCANIA ZONAS URBANAS,REGION DE LA ARAUCANIA,COLLIPULLI,EJECUCION,247800,2026,,,TRANSPORTE,METROS,547,SECT
40080376-0,"REPOSICION DOS MINIBUSES PARA TRANSPORTE ESCOLAR Y SOCIAL, ERCILLA",REGION DE LA ARAUCANIA,ERCILLA,EJECUCION,125428,2026,,,MULTISECTORIAL,UNIDAD,2,FNDR
40048612-0,REPOSICION Y ADQUISICIÓN DE SISTEMA DE COMUNICACIONES DEL CUERPO DE BOMBEROS DE TEMUCO,REGION DE LA ARAUCANIA,TEMUCO,EJECUCION,425152,2026,,,SEGURIDAD PUBLICA,UNIDAD,1,FNDR
40051374-0,CONSTRUCCION SERVICIO DE APOYO A.P.S. DE PUEBLO NUEVO,REGION DE LA ARAUCANIA,TEMUCO,EJECUCION,2091271,2026,RS,2026-03-12,SALUD,METROS CUADRADOS,1595,SECT
40080321-0,"MEJORAMIENTO Y CONSTRUCCION PARADEROS DISTINTOS SECTORES RURALES, COMUNA DE CHOLCHOL",REGION DE LA ARAUCANIA,CHOL CHOL,EJECUCION,122126776,2026,,,MULTISECTORIAL,UNIDAD,24,FNDR
40080638-0,"CONSTRUCCION TERMINAL RURAL DE BUSES, COMUNA DE FREIRE",REGION DE LA ARAUCANIA,FREIRE,EJECUCION,348753,2026,,,TRANSPORTE,METROS CUADRADOS,495,FNDR
40081746-0,"MEJORAMIENTO CALLE FREIRE LOCALIDAD DE HUISCAPI, LONCOCHE",REGION DE LA ARAUCANIA,LONCOCHE,EJECUCION,242879,2026,,,TRANSPORTE,METROS CUADRADOS,1069,FNDR
30155224-0,"CONSTRUCCION INFRAESTRUCTURAS SANITARIAS SECTOR VILLA DAMAS,CARAHUE",REGION DE LA ARAUCANIA,CARAHUE,EJECUCION,1358488,2026,OT,,RECURSOS HIDRICOS,NRO. UNIDADES DOMICILIARIAS,67,FNDR
40080717-0,MEJORAMIENTO REPOSICIÓN Y HABILITACIÓN DE REFUGIOS PEATONALES PARA LA COMUNA DE RENAICO,REGION DE LA ARAUCANIA,RENAICO,EJECUCION,340000,2026,,,MULTISECTORIAL,METROS CUADRADOS,155,FNDR
40003772-0,CONSTRUCCION PUENTE POCOYAN Y ACCESOS EN RUTA S-648 ENTRE RUTAS S-60 Y S-70; TOLTEN,REGION DE LA ARAUCANIA,TOLTEN,EJECUCION,22837356,2026,RS,2025-11-21,TRANSPORTE,KILÓMETROS,6,SECT
40061069-0,"MEJORAMIENTO ESPACIO RECREATIVO COMUNITARIO PARQUE CORVALAN, PADRE LAS CASAS",REGION DE LA ARAUCANIA,PADRE LAS CASAS,EJECUCION,61700,2026,,,DEPORTES,METROS CUADRADOS,240,FNDR
40035001-0,"REPOSICION PARCIAL SISTEMA APR RAPAHUE Y AMPLIACIÓN A RAYEN LAFQUEN, CHOL CHOL ",REGION DE LA ARAUCANIA,CHOL CHOL,EJECUCION,791105,2026,,,RECURSOS HIDRICOS,METROS CUADRADOS,129,SECT
30478136-0,"INSTALACION AGUA POTABLE MANZANO,CASTAÑOS,LOMAS,VOLCANES,BRASIL,C.SEGUNDO LEVIU, VILCUN",REGION DE LA ARAUCANIA,VILCUN,DISEÑO,189891,2026,FI,2026-05-20,RECURSOS HIDRICOS,NRO. DE ARRANQUES TOTALES,173,FNDR
40005798-0,"MEJORAMIENTO AV. BARROS ARANA ENTRE LIMITE URBANO NORTE Y BALMACEDA, TEMUCO",REGION DE LA ARAUCANIA,TEMUCO,EJECUCION,70089098,2027,RS,2026-08-10,TRANSPORTE,METROS,8200,SECT
40027158-0,"CONSTRUCCION SISTEMA DE RIEGO PARA DESARROLLO AGRÍCOLA CANAL IMPERIAL, REGION DE LA ARAUCANIA",REGION DE LA ARAUCANIA,NUEVA IMPERIAL,FACTIBILIDAD,2547148,2026,RS,2025-11-17,RECURSOS HIDRICOS,HECTAREA,6032,SECT
40071536-0,"CONSTRUCCION REFUGIOS URBANOS CALLE 12 DE FEBRERO y AVDA FCO BILBAO,  PITRUFQUEN",REGION DE LA ARAUCANIA,PITRUFQUEN,EJECUCION,40000,2026,,,VIVIENDA Y DESARROLLO URBANO,UNIDAD,2,FNDR
40046649-0,CONSERVACION CAMINOS EN COMUNIDADES INDÍGENAS PROVINCIAS DE MALLECO Y CAUTIN 2023 - 2025,REGION DE LA ARAUCANIA,,EJECUCION,10812811,2026,AD,2025-12-02,TRANSPORTE,KILÓMETROS,132,SECT
40071100-0,"MEJORAMIENTO CAMINOS SECTORES MANCHURIA Y FLOR DEL VALLE, COMUNA DE CURACAUTÍN",REGION DE LA ARAUCANIA,CURACAUTIN,EJECUCION,139433,2026,,,TRANSPORTE,METROS,6780,FNDR
40069592-0,"CONSERVACION SISTEMA SANITARIO RURAL VILLA QUILQUEN, TRAIGUEN",REGION DE LA ARAUCANIA,TRAIGUEN,EJECUCION,531222,2026,,,RECURSOS HIDRICOS,NRO. DE ARRANQUES TOTALES,50,SECT
40025872-0,"REPOSICION RETEN NEHUENTUE, COMUNA DE CARAHUE",REGION DE LA ARAUCANIA,CARAHUE,DISEÑO,87062,2026,RS,2026-01-20,SEGURIDAD PUBLICA,METROS CUADRADOS,748,SECT
40070197-0,"MEJORAMIENTO GIMNASIO LICEO JORGE ALESSANDRI RODRIGUEZ, VICTORIA",REGION DE LA ARAUCANIA,VICTORIA,EJECUCION,140000,2026,,,EDUCACIÓN,METROS CUADRADOS,1792,FNDR
40072402-0,"REPOSICION CUARTEL DE BOMBEROS SEGUNDA COMPAÑÍA, GALVARINO",REGION DE LA ARAUCANIA,GALVARINO,DISEÑO,48475,2026,,,SEGURIDAD PUBLICA,METROS CUADRADOS,599,FNDR
40071144-0,"CONSTRUCCION SISTEMA AGUAS COMUNITARIAS ANDRES CALBUNIR EPU, COMUNA DE LUMACO",REGION DE LA ARAUCANIA,,DISEÑO,182253,2026,,,RECURSOS HIDRICOS,METROS,10000,SECT
40071144-0,"CONSTRUCCION SISTEMA AGUAS COMUNITARIAS ANDRES CALBUNIR EPU, COMUNA DE LUMACO",REGION DE LA ARAUCANIA,,EJECUCION,170989,2026,,,RECURSOS HIDRICOS,METROS,10000,SECT
40072001-0,"CONSTRUCCION CENTRO DEPORTIVO Y ENTRENAMIENTO MARILUAN, VICTORIA",REGION DE LA ARAUCANIA,VICTORIA,EJECUCION,346415,2026,,,DEPORTES,METROS CUADRADOS,2000,FNDR
40012923-0,"MEJORAMIENTO MULTICANCHA TECHADA ESCUELA LA ESPERANZA, RADAL, COMUNA DE FREIRE",REGION DE LA ARAUCANIA,FREIRE,EJECUCION,35000,2026,,,DEPORTES,METROS CUADRADOS,143,FNDR
30407223-0,"REPOSICION CENTRO SALUD FAMILIAR, LOS SAUCES",REGION DE LA ARAUCANIA,LOS SAUCES,DISEÑO,179797,2026,RS,2026-01-08,SALUD,METROS CUADRADOS,2122,FNDR
40045174-0,"REPOSICION ESTADIO EL ALTO, PADRE LAS CASAS",REGION DE LA ARAUCANIA,PADRE LAS CASAS,EJECUCION,2459180,2026,RS,2026-01-09,DEPORTES,METROS CUADRADOS,12518,FNDR
30483460-0,"REPOSICION ESCUELA SALVADOR ALLENDE DE PAILAHUEQUE, ERCILLA",REGION DE LA ARAUCANIA,ERCILLA,EJECUCION,13489011,2026,RS,2026-01-08,"EDUCACION, CULTURA Y PATRIMONIO",METROS CUADRADOS,4068,FNDR
30483460-0,"REPOSICION ESCUELA SALVADOR ALLENDE DE PAILAHUEQUE, ERCILLA",REGION DE LA ARAUCANIA,ERCILLA,EJECUCION,10928277,2027,RS,,"EDUCACION, CULTURA Y PATRIMONIO",METROS CUADRADOS,4068,FNDR
40032092-0,"ADQUISICION DE CAMION RECOLECTOR, COMUNA DE CURACAUTIN",REGION DE LA ARAUCANIA,CURACAUTIN,EJECUCION,208657,2026,,,MULTISECTORIAL,UNIDAD,1,FNDR
40069638-0,"AMPLIACION Y MEJORAMIENTO SSR CABURGUA BAJO, PUCÓN",REGION DE LA ARAUCANIA,PUCON,EJECUCION,1180803,2026,,,RECURSOS HIDRICOS,NRO. DE ARRANQUES TOTALES,1207,SECT
40073775-0,"REPOSICION PLAZA DE ARMAS LICAN RAY,  VILLARRICA",REGION DE LA ARAUCANIA,VILLARRICA,DISEÑO,97944,2026,,,VIVIENDA Y DESARROLLO URBANO,METROS CUADRADOS,11100,FNDR
30070727-0,"CONSTRUCCION SISTEMA SANITARIO RURAL CABURGUA ALTO, PUCON",REGION DE LA ARAUCANIA,PUCON,EJECUCION,2293590,2026,RS,2026-07-21,RECURSOS HIDRICOS,NRO. DE ARRANQUES NUEVOS,183,SECT
40063984-0,CONSTRUCCION proyecto de seguridad ciudadana en el sector urbano de la comuna de temuco,REGION DE LA ARAUCANIA,TEMUCO,EJECUCION,4391415,2026,,,SEGURIDAD PUBLICA,UNIDAD,86,FNDR
40070435-0,"CONSTRUCCION TECHUMBRE CANCHA RADAL, COMUNA DE FREIRE",REGION DE LA ARAUCANIA,FREIRE,EJECUCION,124568,2026,,,DEPORTES,METROS CUADRADOS,598,FNDR
30349028-0,"REPOSICION POSTA DE SALUD RURAL EL ROSARIO, VICTORIA",REGION DE LA ARAUCANIA,VICTORIA,EJECUCION,1196996,2026,RS,2026-01-07,SALUD,METROS CUADRADOS,427,FNDR
40018363-0,CONSTRUCCION PUNTOS LIMPIOS EN LA REGION DE LA ARAUCANIA - SEGUNDA ETAPA,REGION DE LA ARAUCANIA,,EJECUCION,7470526,2026,RS,2026-05-14,RECURSOS NATURALES Y MEDIO AMBIENTE,HABITANTE BENEFICIADO,45000,FNDR
40069375-0,"CONSERVACION CAMINOS VECINALES SECTOR RUCAPANGUE, COMUNA DE CHOLCHOL",REGION DE LA ARAUCANIA,CHOL CHOL,EJECUCION,90600,2026,,,TRANSPORTE,KILÓMETROS,2,FNDR
40036492-0,"REPOSICION  SISTEMA APR EL MEMBRILLO, MELIPEUCO ",REGION DE LA ARAUCANIA,MELIPEUCO,EJECUCION,1659878,2026,RS,2025-11-11,RECURSOS HIDRICOS,METROS CUADRADOS,173,SECT
40060939-0,CONSERVACION GLOBAL CAMINOS RED VIAL REGION DE LA ARAUCANIA 2025-2029,REGION DE LA ARAUCANIA,,EJECUCION,28852548,2026,AD,2025-11-22,TRANSPORTE,KILÓMETROS,1280,SECT
40071058-0,"CONSTRUCCION SEÑALÉTICA TURÍSTICA GEOPARQUE KüTRALKURA, COMUNA DE LONQUIMAY",REGION DE LA ARAUCANIA,LONQUIMAY,EJECUCION,54320,2026,,,TURISMO Y COMERCIO,UNIDAD,26,FNDR
40008096-0,"REPOSICION ESCUELA EGON KEUTMANN  HUISCAPI, LONCOCHE",REGION DE LA ARAUCANIA,LONCOCHE,EJECUCION,9619783,2026,RS,2026-08-19,EDUCACIÓN,METROS CUADRADOS,2871,FNDR
40028047-0,AMPLIACION CORTE DE APELACIONES DE TEMUCO,REGION DE LA ARAUCANIA,TEMUCO,DISEÑO,49456,2026,RS,2026-03-27,JUSTICIA,METROS CUADRADOS,352,SECT
30101997-0,CONSTRUCCION OBRAS FLUVIALES RIO CRUCES Y ESTERO LONCOCHE URBANO,REGION DE LA ARAUCANIA,LONCOCHE,EJECUCION,8739822,2026,RS,2025-11-17,RECURSOS HIDRICOS,METROS,7950,SECT
40051205-0,"MEJORAMIENTO FERIA LIBRE,, COMUNA DE TRAIGUEN                                     ",REGION DE LA ARAUCANIA,TRAIGUEN,DISEÑO,78654,2026,RS,2025-11-13,MULTISECTORIAL,METROS CUADRADOS,3276,SECT
40070973-0,"CONSTRUCCION HUELLAS VEHICULARES, SECTOR CAMAGUEY Y EL LAUREL, COMUNA DE TOLTÉN",REGION DE LA ARAUCANIA,TOLTEN,EJECUCION,216469,2026,,,TRANSPORTE,METROS CUADRADOS,2581,FNDR
40065850-0,"REPOSICION CAMIONETA 4X4 PARA DEPARTAMENTO DE SALUD, LONCOCHE",REGION DE LA ARAUCANIA,LONCOCHE,EJECUCION,39494,2026,,,SALUD,UNIDAD,1,FNDR
40047390-0,"CONSERVACION SISTEMA DE RIEGO CANAL 21 DE MAYO, REGION DE LA ARAUCANIA 2024-2026",REGION DE LA ARAUCANIA,,EJECUCION,4362376,2026,AD,2025-11-17,RECURSOS HIDRICOS,METROS,1640,SECT
40064936-0,"REPOSICION VEREDAS SECTOR COILACO Y SANTA TERESA, NUEVA IMPERIAL",REGION DE LA ARAUCANIA,NUEVA IMPERIAL,EJECUCION,150000,2026,,,VIVIENDA Y DESARROLLO URBANO,METROS CUADRADOS,1964,FNDR
40060813-0,"REPOSICION POOL DE MAQUINARIA Y ADQUISICIÓN DE UN CAMIÓN MULTIPROPÓSITO, COMUNA DE SAAVEDRA",REGION DE LA ARAUCANIA,SAAVEDRA,EJECUCION,1184228,2026,,,TRANSPORTE,UNIDAD,6,FNDR
40071023-0,"CONSTRUCCION SEÑALÉTICAS TURÍSTICAS GEOPARQUE KUTRALKURA, VILCÚN",REGION DE LA ARAUCANIA,VILCUN,EJECUCION,100000,2026,,,TRANSPORTE,UNIDAD,41,FNDR
40054260-0,"REPOSICION PUENTE CARDENAS SECTOR CARHUELLO, COMUNA DE PUCÓN",REGION DE LA ARAUCANIA,PUCON,EJECUCION,150000,2026,,,MULTISECTORIAL,METROS,11,FNDR
40061650-0,"ADQUISICION DE VEHÍCULOS PARA TRANSPORTE ESCOLAR, COMUNA DE LUMACO",REGION DE LA ARAUCANIA,LUMACO,EJECUCION,395912,2026,,,EDUCACIÓN,UNIDAD,1,FNDR
40068110-0,"ADQUISICION EQUIPOS LICEO BICENTENARIO DE EXCELENCIA JUAN SCHLEYER, FREIRE",REGION DE LA ARAUCANIA,FREIRE,EJECUCION,60188,2026,,,EDUCACIÓN,UNIDAD,6,SECT
40076881-0,CONSERVACION DE RIBERA EN ESTERO SIN NOMBRE SECTOR LEUFUCHE COMUNA DE CUNCO,REGION DE LA ARAUCANIA,,EJECUCION,206200,2026,,,RECURSOS HIDRICOS,METROS,500,SECT
40069363-0,"CONSERVACION INFRAESTRUCTURA ESCUELA ARAUCARIAS, LONCOCHE",REGION DE LA ARAUCANIA,LONCOCHE,EJECUCION,649529,2026,,,EDUCACIÓN,METROS CUADRADOS,2785,FNDR
30458972-0,"CONSTRUCCION INTERCONEXION VIAL RUTAS 181-CH Y S-11-R, CURACAUTÍN",REGION DE LA ARAUCANIA,CURACAUTIN,PREFACTIBILIDAD,695461,2026,RS,2025-11-18,TRANSPORTE,KILÓMETROS,6,SECT
40060938-0,CONSERVACION GLOBAL MIXTA CAMINOS RED VIAL REGION DE LA ARAUCANIA 2025-2029,REGION DE LA ARAUCANIA,,EJECUCION,35639566,2026,AD,2026-03-05,TRANSPORTE,KILÓMETROS,1181,SECT
40025687-0,"MEJORAMIENTO CALLE CRUZ ENTRE O´CARROL Y SAAVEDRA NORTE, COLLIPULLI",REGION DE LA ARAUCANIA,COLLIPULLI,EJECUCION,95000,2026,,,VIVIENDA Y DESARROLLO URBANO,METROS CUADRADOS,1360,FNDR
40052211-0,"CONSERVACION DE CAMINOS RURALES SECTORES DE QUECHUCO Y CARILAFQUEN, COMUNA DE PITRUFQUEN",REGION DE LA ARAUCANIA,PITRUFQUEN,EJECUCION,119448,2026,,,TRANSPORTE,METROS,2160,FNDR
40055737-0,"REPOSICION POSTA SALUD RURAL MANZANAR, COMUNA DE CURACAUTIN",REGION DE LA ARAUCANIA,CURACAUTIN,EJECUCION,1684091,2026,FI,2026-08-06,SALUD,METROS CUADRADOS,365,SECT
40074743-0,"CONSERVACION SALA CUNA Y JARDÍN INFANTIL AYELEN QUITRATUE, COMUNA DE GORBEA ",REGION DE LA ARAUCANIA,GORBEA,EJECUCION,170565,2026,,,EDUCACIÓN,METROS CUADRADOS,253,SECT
40057257-0,"MEJORAMIENTO CAMINOS VECINALES SECTORES RAHUE, CHACAICO Y PAILLAHUE, COMUNA DE GALVARINO",REGION DE LA ARAUCANIA,GALVARINO,EJECUCION,93030,2026,,,TRANSPORTE,METROS,3680,FNDR
40062759-0,REPOSICION 32 AMBULANCIAS PARA LOS SERVICIOS DE SALUD DE LA REGION DE LA ARAUCANIA ,REGION DE LA ARAUCANIA,,EJECUCION,3881370,2026,,,SALUD,UNIDAD,32,FNDR
40069358-0,"CONSTRUCCION SERVICIOS HIGIENICOS Y MOBILIARIO URBANO, PLAZA DE ARMAS, COMUNA DE CHOLCHOL",REGION DE LA ARAUCANIA,CHOL CHOL,EJECUCION,100000,2026,,,MULTISECTORIAL,METROS CUADRADOS,44,FNDR
30134056-0,"REPOSICION PLAZA DE LOS HEROES, PITRUFQUEN",REGION DE LA ARAUCANIA,PITRUFQUEN,EJECUCION,1842361,2026,RS,2026-01-07,VIVIENDA Y DESARROLLO URBANO,METROS CUADRADOS,12476,FNDR
40054401-0,"MEJORAMIENTO SSR  QUILLEM, PERQUENCO, PROV. CAUTIN , REG. DE LA ARAUCANÍA",REGION DE LA ARAUCANIA,PERQUENCO,EJECUCION,1251055,2026,,,RECURSOS HIDRICOS,NRO. DE ARRANQUES TOTALES,98,SECT
30109155-0,MEJORAMIENTO CAMINO FLOR DEL VALLE-SOLLIPULLI,REGION DE LA ARAUCANIA,CURARREHUE,EJECUCION,35398,2026,,,TRANSPORTE,KILÓMETROS,6,FNDR
30292975-0,"CONSTRUCCION REFUGIOS PEATONALES RURALES, FREIRE",REGION DE LA ARAUCANIA,FREIRE,EJECUCION,50000,2026,,,TRANSPORTE,UNIDAD,41,FNDR
30107157-0,MEJORAMIENTO  RUTA R-86 SECTOR: LOS SAUCES-TRAIGUEN,REGION DE LA ARAUCANIA,,EJECUCION,101081519,2026,RS,2026-07-01,TRANSPORTE,KILÓMETROS,34,SECT
30124912-0,REPOSICION RUTA S-31 CAJÓN - VILCÚN - REFUGIO LLAIMA,REGION DE LA ARAUCANIA,VILCUN,EJECUCION,2884484,2026,FI,2025-11-28,TRANSPORTE,KILÓMETROS,24,SECT
30113065-0,"HABILITACION TRIBUNAL DE FAMILIA, CIVILES 1°,2,3 Y LABORAL DE TEMUCO",REGION DE LA ARAUCANIA,TEMUCO,EJECUCION,44725267,2026,RS,2025-12-22,JUSTICIA,METROS CUADRADOS,11832,SECT
30096102-0,CONSTRUCCION OBRAS DE CIERRE VERTEDERO MUNICIPAL - PUREN,REGION DE LA ARAUCANIA,PUREN,EJECUCION,892792,2026,RS,2026-05-15,RECURSOS NATURALES Y MEDIO AMBIENTE,METROS CUADRADOS,24000,FNDR
30075290-0,NORMALIZACION HOSPITAL  COMUNITARIO Y FAMILIAR VILCUN,REGION DE LA ARAUCANIA,VILCUN,EJECUCION,188797,2026,RS,2026-04-07,SALUD,METROS,7246,FNDR
30096110-0,REPOSICION COMPLEJO ED. ANDRES ANTONIO GORBEA,REGION DE LA ARAUCANIA,GORBEA,DISEÑO,300000,2026,,,EDUCACIÓN,METROS CUADRADOS,6105,FNDR
30174772-0,"CONSERVACION GLOBAL RED VIAL IX REGION, 2013-2016",REGION DE LA ARAUCANIA,,EJECUCION,19467412,2026,,,TRANSPORTE,KILÓMETROS,3083,SECT
40080264-0,CONSTRUCCION SEMAFOROS LONGITUDINAL SUR CON CIRCUNVALACION,REGION DE LA ARAUCANIA,PADRE LAS CASAS,EJECUCION,282262,2026,,,TRANSPORTE,METROS CUADRADOS,1,FNDR
40082206-0,"REPOSICION DE FURGON PARA EL DEPARTAMENTO DE DISCAPACIDAD, COMUNA DE NUEVA IMPERIAL",REGION DE LA ARAUCANIA,NUEVA IMPERIAL,EJECUCION,182903,2026,,,TRANSPORTE,UNIDAD,1,FNDR
40078594-0,"CONSERVACION ESCUELA VEGA REDONDA, COMUNA DE VILCUN",REGION DE LA ARAUCANIA,VILCUN,EJECUCION,17442,2026,,,EDUCACIÓN,METROS CUADRADOS,100,SECT
40039510-0,"REPOSICION CUARTEL DE BOMBEROS CUARTA COMPAÑIA DE  GUACOLDA, LAUTARO",REGION DE LA ARAUCANIA,LAUTARO,DISEÑO,152880,2026,OT,2026-08-13,SEGURIDAD PUBLICA,METROS CUADRADOS,591,FNDR
40082688-0,"NORMALIZACION DISEÑO SISMICO ESTANQUES REGULACION APR, DISTINTOS VOL Y ALTURA, LA ARAUCANIA ",REGION DE LA ARAUCANIA,,DISEÑO,332640,2026,,,RECURSOS HIDRICOS,NRO. DE ARRANQUES TOTALES,7144,FNDR
20187802-0,REPOSICION CONSULTORIO LAUTARO Y ADECUACION A CESFAM,REGION DE LA ARAUCANIA,LAUTARO,EJECUCION,14342389,2026,FI,2026-01-06,SALUD,METROS CUADRADOS,3480,FNDR
40062384-0,"REPOSICION  9 VEHÍCULOS DE TRASLADO DE INTERNOS, 2 CELDAS DE CARGA POSTERIOR, GENDARMERÍA LA ARAUCANIA",REGION DE LA ARAUCANIA,,EJECUCION,1305356,2026,,,JUSTICIA,UNIDAD,9,FNDR
40062384-0,"REPOSICION  9 VEHÍCULOS DE TRASLADO DE INTERNOS, 2 CELDAS DE CARGA POSTERIOR, GENDARMERÍA LA ARAUCANIA",REGION DE LA ARAUCANIA,,EJECUCION,1344571,2027,,,JUSTICIA,UNIDAD,9,FNDR
40081061-0,ADQUISICION DE VEHICULO PARA FORTALECER LA RESPUESTA ANTE SITUACIONES DE EMERGENCIA EN LA COMUNA DE GALVARINO,REGION DE LA ARAUCANIA,GALVARINO,EJECUCION,114954,2026,,,SEGURIDAD PUBLICA,UNIDAD,1,FNDR
40080558-0,MEJORAMIENTO SEÑALIZACIÓN Y DEMARCACIÓN DIVERSOS SECTORES URBANOS COMUNA DE VICTORIA ,REGION DE LA ARAUCANIA,VICTORIA,EJECUCION,172768,2026,,,TRANSPORTE,UNIDAD,32,FNDR
40080496-0,"REPOSICION DE PARADEROS Y REFUGIOS PEATONALES DEL SECTOR URBANO, COMUNA DE SAAVEDRA",REGION DE LA ARAUCANIA,SAAVEDRA,EJECUCION,85229,2026,,,TRANSPORTE,UNIDAD,8,FNDR
30343539-0,"REPOSICION CESFAM HUEQUEN, ANGOL",REGION DE LA ARAUCANIA,ANGOL,EJECUCION,15664450,2026,RS,2026-01-07,SALUD,METROS CUADRADOS,2856,FNDR
40079307-0,"CONSTRUCCION Y REPOSICION PARADEROS RUTA PRINCIPAL S-16 CHOLCHOL-GALVARINO, COMUNA DE CHOLCHOL",REGION DE LA ARAUCANIA,CHOL CHOL,EJECUCION,98919,2026,,,TRANSPORTE,UNIDAD,16,FNDR
40080594-0,"CONSTRUCCION CAMARAS FISCALIZADORAS SECTOR URBANO, COMUNA DE LOS SAUCES ",REGION DE LA ARAUCANIA,LOS SAUCES,EJECUCION,283517,2026,,,TRANSPORTE,UNIDAD,20,FNDR
40067976-0,HABILITACION UTI PEDIATRICA HOSPITAL INTERCULTURAL NUEVA IMPERIAL COMUNA DE NUEVA IMPERIAL,REGION DE LA ARAUCANIA,NUEVA IMPERIAL,EJECUCION,400281,2026,,,SALUD,METROS CUADRADOS,231,SECT
40074042-0,"CONSTRUCCION DE ÁREA VERDE COMUNITARIA DE PUERTO DOMÍNGUEZ, COMUNA DE SAAVEDRA",REGION DE LA ARAUCANIA,SAAVEDRA,DISEÑO,84490,2026,,,VIVIENDA Y DESARROLLO URBANO,METROS CUADRADOS,15921,SECT
40056289-0,"REPOSICION SISTEMA APR  PAILLANAO, PADRE LAS CASAS ",REGION DE LA ARAUCANIA,PADRE LAS CASAS,EJECUCION,2712708,2026,RE,,RECURSOS HIDRICOS,NRO. DE ARRANQUES TOTALES,277,SECT
40054649-0,"ADQUISICION EQUIPOS RADIALES Y DE COMUNICACIÓN, COMUNA DE NUEVA IMPERIAL",REGION DE LA ARAUCANIA,NUEVA IMPERIAL,EJECUCION,395568,2026,,,COMUNICACIONES,UNIDAD,175,FNDR
40027817-0,CONSERVACION RED VIAL REGION DE LA ARAUCANIA 2020-2022,REGION DE LA ARAUCANIA,,EJECUCION,14235095,2026,,,TRANSPORTE,KILÓMETROS,1000,SECT
40040052-0,"REPOSICION  POSTA DE SALUD RURAL SANTA CAROLINA, COMUNA DE GALVARINO",REGION DE LA ARAUCANIA,GALVARINO,EJECUCION,1390067,2026,,,SALUD,METROS CUADRADOS,361,SECT
40077713-0,"CONSTRUCCION SISTEMA INTEGRAL DE SEGURIDAD COMUNAL, COMUNA TEODORO SCHMIDT",REGION DE LA ARAUCANIA,TEODORO SCHMIDT,EJECUCION,878069,2026,,,SEGURIDAD PUBLICA,UNIDAD,1,FNDR
40080483-0,"MEJORAMIENTO ALUMBRADO PÚBLICO PEATONAL CALLES ARGOMEDO Y FRESIA, COLLIPULLI",REGION DE LA ARAUCANIA,COLLIPULLI,EJECUCION,240154,2026,,,ENERGIA,METROS,900,FNDR
40065262-0,"ADQUISICION AMBULANCIA Y CAMIONETA, DEPARTAMENTO DE SALUD, LONCOCHE",REGION DE LA ARAUCANIA,LONCOCHE,EJECUCION,160956,2026,,,SALUD,UNIDAD,2,FNDR
40081406-0,"ADQUISICION VEHICULO DE EMERGENCIA MUNICIPAL, COMUNA RENAICO ",REGION DE LA ARAUCANIA,,EJECUCION,114954,2026,,,MULTISECTORIAL,METROS CUADRADOS,25196,FNDR
40048345-0,"CONSTRUCCION ELECTRIFICACION RURAL SECTOR PRADO PUELLO, PADRE LAS CASAS",REGION DE LA ARAUCANIA,PADRE LAS CASAS,EJECUCION,53036,2026,RS,2026-01-09,ENERGIA,NÚMERO DE EMPALMES,56,FNDR
40077968-0,CONSERVACION INFRAESTRUCTURA VIAL DE APOYO PARA TRANSPORTE PÚBLICO REGIÓN DE LA ARAUCANIA,REGION DE LA ARAUCANIA,,EJECUCION,12000000,2026,,,TRANSPORTE,UNIDAD,100,SECT
40080528-0,"CONSERVACION Y CONSTRUCCIÓN DE PARADEROS URBANOS, COMUNA DE LONQUIMAY",REGION DE LA ARAUCANIA,LONQUIMAY,EJECUCION,49600,2026,,,TRANSPORTE,UNIDAD,9,FNDR
40080445-0,"CONSTRUCCION REDUCTORES DE VELOCIDAD Y DEMARCACIÓN VIAL VARIOS SECTORES, LONCOCHE",REGION DE LA ARAUCANIA,LONCOCHE,EJECUCION,348754,2026,,,TRANSPORTE,UNIDAD,164,FNDR
40082211-0,"ADQUISICION BUSES ESCOLARES, COMUNA RENAICO",REGION DE LA ARAUCANIA,RENAICO,EJECUCION,188985,2026,,,MULTISECTORIAL,METROS CUADRADOS,40106,FNDR
40048261-0,"MEJORAMIENTO BARRIO CORDILLERA, COMUNA DE PUCON.",REGION DE LA ARAUCANIA,PUCON,EJECUCION,618243,2026,RS,2026-04-01,VIVIENDA Y DESARROLLO URBANO,METROS CUADRADOS,3017,SECT
40039792-0,MEJORAMIENTO ACCESO CEMENTERIO DE NUEVA TOLTÉN,REGION DE LA ARAUCANIA,TOLTEN,EJECUCION,283307,2026,,,MULTISECTORIAL,METROS CUADRADOS,2798,FNDR
40023608-0,REPOSICION SALA CUNA Y JARDÍN INFANTIL CHINKOWE TEMUCO,REGION DE LA ARAUCANIA,TEMUCO,EJECUCION,1926476,2026,RS,2026-01-09,"EDUCACION, CULTURA Y PATRIMONIO",METROS CUADRADOS,697,SECT
40080305-0,"ADQUISICION CAMIÓN RECOLECTOR  DE RESIDUOS SÓLIDOS DOMICILIARIOS (RSD), VICTORIA",REGION DE LA ARAUCANIA,VICTORIA,EJECUCION,242725,2026,,,RECURSOS NATURALES Y MEDIO AMBIENTE,NRO. TONELADAS RECOLECTADAS,1339,FNDR
30070555-0,"REPOSICION PARCIAL EDIFICIO CONSISTORIAL, ANGOL",REGION DE LA ARAUCANIA,ANGOL,EJECUCION,10308024,2026,RS,2026-01-06,MULTISECTORIAL,METROS CUADRADOS,3704,FNDR
30328827-0,REPOSICION CUARTEL DE BOMBEROS NOVENA COMPAÑIA DE QUEPE,REGION DE LA ARAUCANIA,FREIRE,EJECUCION,2619059,2026,RS,,SEGURIDAD PUBLICA,METROS CUADRADOS,591,FNDR
30328827-0,REPOSICION CUARTEL DE BOMBEROS NOVENA COMPAÑIA DE QUEPE,REGION DE LA ARAUCANIA,FREIRE,DISEÑO,119225,2026,RS,2026-01-13,SEGURIDAD PUBLICA,METROS CUADRADOS,591,FNDR
40078044-0,"CONSERVACION POSTA SALUD RURAL CURILEBU, LUMACO",REGION DE LA ARAUCANIA,LUMACO,EJECUCION,350000,2026,,,SALUD,METROS CUADRADOS,351,SECT
30484343-0,AMPLIACION MEJORAMIENTO RUTA S-40. SECTOR: LABRANZA-IMPERIAL-CARAHUE,REGION DE LA ARAUCANIA,,FACTIBILIDAD,706235,2026,RS,2025-11-18,TRANSPORTE,KILÓMETROS,37,SECT
30467692-0,REPOSICION MERCADO MUNICIPAL DE TEMUCO,REGION DE LA ARAUCANIA,TEMUCO,EJECUCION,55090828,2026,RS,2026-04-08,CULTURA Y PATRIMONIO,METROS CUADRADOS,13330,FNDR
30467692-0,REPOSICION MERCADO MUNICIPAL DE TEMUCO,REGION DE LA ARAUCANIA,TEMUCO,EJECUCION,55090828,2026,RS,2026-04-08,CULTURA Y PATRIMONIO,METROS CUADRADOS,13330,MUNIC
30064649-0,CONSTRUCCION CENTRO DE LAS ARTES - GORBEA,REGION DE LA ARAUCANIA,GORBEA,EJECUCION,4127296,2026,FI,,"EDUCACION, CULTURA Y PATRIMONIO",METROS CUADRADOS,656,FNDR
40068664-0,"REPOSICION SEDE ARIZONA, COMUNA DE LOS SAUCES",REGION DE LA ARAUCANIA,LOS SAUCES,EJECUCION,175000,2026,,,MULTISECTORIAL,METROS CUADRADOS,126,FNDR
40077125-0,"CONSTRUCCION VETERINARIA MUNICIPAL, COMUNA DE TRAIGUEN",REGION DE LA ARAUCANIA,TRAIGUEN,EJECUCION,200000,2026,,,SALUD,METROS CUADRADOS,214,FNDR
40077756-0,REPOSICION DEL SISTEMA DE ILUMINACION ESTADIO DE FREIRE,REGION DE LA ARAUCANIA,FREIRE,EJECUCION,118503,2026,,,DEPORTES,UNIDAD,4,FNDR
40077442-0,CONSTRUCCION HITO DE ACCESO PARA QUEPE,REGION DE LA ARAUCANIA,FREIRE,DISEÑO,26775,2026,,,TRANSPORTE,METROS CUADRADOS,1353,SECT
40026600-0,"CONSTRUCCION INFRAESTRUCTURAS SANITARIAS QUECHOCAHUIN, SAAVEDRA",REGION DE LA ARAUCANIA,SAAVEDRA,EJECUCION,488275,2026,RS,,VIVIENDA Y DESARROLLO URBANO,NÚMERO DE SOLUCIONES,28,FNDR
40052499-0,"NORMALIZACION  Y MEJORAMIENTO RUTAS PEATONALES, PROVINCIA DE MALLECO",REGION DE LA ARAUCANIA,,DISEÑO,655689,2026,RS,2025-12-05,TRANSPORTE,METROS,22320,SECT
40065345-0,"CONSTRUCCION JARDIN INFANTIL VILLA LLAKOLEN, LAUTARO",REGION DE LA ARAUCANIA,LAUTARO,DISEÑO,93824,2026,RS,2026-01-19,EDUCACIÓN,METROS CUADRADOS,460,SECT
40043746-0,NORMALIZACION SEMAFOROS PADRE LAS CASAS,REGION DE LA ARAUCANIA,PADRE LAS CASAS,EJECUCION,1110455,2026,RS,2026-07-06,TRANSPORTE,UNIDAD,15,FNDR
30378922-0,"REPOSICION CENTRO DE SALUD INTERCULTURAL BOROA FILULAWEN, N. IMPERIAL",REGION DE LA ARAUCANIA,NUEVA IMPERIAL,EJECUCION,11012176,2026,RS,2026-01-07,SALUD,METROS CUADRADOS,1949,FNDR
40060990-0,"MEJORAMIENTO Y AMPLIACION SISTEMA APR QUINTRILPE, VILCUN",REGION DE LA ARAUCANIA,VILCUN,EJECUCION,4945022,2026,,,RECURSOS HIDRICOS,NRO. DE ARRANQUES TOTALES,197,SECT
40035399-0,CONSERVACION RED VIAL REGION DE LA ARAUCANIA PERIODO 2021-2023 PLAN DE RECUPERACIÓN,REGION DE LA ARAUCANIA,,EJECUCION,13630229,2026,,,TRANSPORTE,KILÓMETROS,999,SECT
40076929-0,"CONSERVACION EMERGENCIA ESCUELA CARLOS HOLZAPFEL, PUCÓN",REGION DE LA ARAUCANIA,PUCON,EJECUCION,68639,2026,,,EDUCACIÓN,METROS CUADRADOS,2025,SECT
50000210-0,"CONSTRUCCION ELECTRIFICACION RURAL SECTOR SANTA JULIA II, COLLIPULLI",REGION DE LA ARAUCANIA,COLLIPULLI,EJECUCION,646559,2026,FI,,ENERGIA,NÚMERO DE EMPALMES,49,FNDR
40051313-0,"AMPLIACION SEDE SOCIAL LOS ALERCES DE GENERAL LÓPEZ, COMUNA DE VILCÚN",REGION DE LA ARAUCANIA,VILCUN,EJECUCION,32600,2026,,,MULTISECTORIAL,METROS CUADRADOS,53,FNDR
40077468-0,"ADQUISICION VEHÍCULOS PARA TRANSPORTE ESCOLAR, COMUNA DE TRAIGUÉN",REGION DE LA ARAUCANIA,TRAIGUEN,EJECUCION,551589,2026,,,EDUCACIÓN,UNIDAD,658,FNDR
40080623-0,"CONSTRUCCION y Reposición de Paraderos Rurales con Iluminación Solar Sectores Interiores, Comuna de ",REGION DE LA ARAUCANIA,CARAHUE,EJECUCION,316000,2026,,,TRANSPORTE,UNIDAD,43,FNDR
40032491-0,"CONSTRUCCION CIERRE PERIMETRAL ESTADIO ASOCIACIÓN DE FÚTBOL, CHOLCHOL",REGION DE LA ARAUCANIA,CHOL CHOL,EJECUCION,99346,2026,,,DEPORTES,METROS,468,FNDR
40056766-0,CONSERVACION EDIFICIO SALUD MENTAL DEL HHHA DE LA COMUNA DE TEMUCO,REGION DE LA ARAUCANIA,TEMUCO,EJECUCION,1655648,2027,,,SALUD,METROS CUADRADOS,2000,SECT
40065485-0,"CONSTRUCCION CALLE TECHADA, LONCOCHE",REGION DE LA ARAUCANIA,LONCOCHE,EJECUCION,958134,2026,RS,2026-02-25,TURISMO Y COMERCIO,METROS CUADRADOS,434,MUNIC
40065485-0,"CONSTRUCCION CALLE TECHADA, LONCOCHE",REGION DE LA ARAUCANIA,LONCOCHE,EJECUCION,958134,2026,RS,2026-02-25,TURISMO Y COMERCIO,METROS CUADRADOS,434,FNDR
40065478-0,"ADQUISICION DE SALA SEM CON ENFOQUE EDUCATIVO (APOYO LEY TEA), COMUNA DE LUMACO",REGION DE LA ARAUCANIA,LUMACO,EJECUCION,165847,2026,,,EDUCACIÓN,UNIDAD,1,FNDR
40082403-0,"ADQUISICION DE EQUIPOS ELECTRÓGENOS PARA APR SECTOR  HUEICO Y PANTANO, COMUNA DE LUMACO",REGION DE LA ARAUCANIA,LUMACO,EJECUCION,12766,2026,,,RECURSOS HIDRICOS,UNIDAD,2,FNDR
40061101-0,"MEJORAMIENTO Y AMPLIACIÓN SISTEMA DE APR MOLCO BAJO, VILLARRICA ",REGION DE LA ARAUCANIA,VILLARRICA,EJECUCION,430526,2026,,,RECURSOS HIDRICOS,NRO. DE ARRANQUES TOTALES,480,SECT
40045092-0,MEJORAMIENTO CBI LOS LAURELES PICHIPELLAHUEN,REGION DE LA ARAUCANIA,LUMACO,EJECUCION,9146596,2026,RS,2025-11-27,TRANSPORTE,KILÓMETROS,12,SECT
40070401-0,"REPOSICION TRACTOR CON MANGA DESBROZADORA, COMUNA DE GORBEA",REGION DE LA ARAUCANIA,GORBEA,EJECUCION,204046,2026,,,TRANSPORTE,UNIDAD,1,FNDR
40070820-0,"CONSTRUCCION PAVIMENTOS PARTICIPATIVOS, 35 PROCESO, REGIÓN DE LA ARAUCANÍA",REGION DE LA ARAUCANIA,,EJECUCION,6329093,2026,RS,2026-06-17,TRANSPORTE,KILÓMETROS,12,MUNIC
40070820-0,"CONSTRUCCION PAVIMENTOS PARTICIPATIVOS, 35 PROCESO, REGIÓN DE LA ARAUCANÍA",REGION DE LA ARAUCANIA,,EJECUCION,6329093,2026,RS,2026-06-17,TRANSPORTE,KILÓMETROS,12,MUNIC
40070820-0,"CONSTRUCCION PAVIMENTOS PARTICIPATIVOS, 35 PROCESO, REGIÓN DE LA ARAUCANÍA",REGION DE LA ARAUCANIA,,EJECUCION,6329093,2026,RS,2026-06-17,TRANSPORTE,KILÓMETROS,12,MUNIC
40070820-0,"CONSTRUCCION PAVIMENTOS PARTICIPATIVOS, 35 PROCESO, REGIÓN DE LA ARAUCANÍA",REGION DE LA ARAUCANIA,,EJECUCION,6329093,2026,RS,2026-06-17,TRANSPORTE,KILÓMETROS,12,MUNIC
40070820-0,"CONSTRUCCION PAVIMENTOS PARTICIPATIVOS, 35 PROCESO, REGIÓN DE LA ARAUCANÍA",REGION DE LA ARAUCANIA,,EJECUCION,6329093,2026,RS,2026-06-17,TRANSPORTE,KILÓMETROS,12,MUNIC
40070820-0,"CONSTRUCCION PAVIMENTOS PARTICIPATIVOS, 35 PROCESO, REGIÓN DE LA ARAUCANÍA",REGION DE LA ARAUCANIA,,EJECUCION,6329093,2026,RS,2026-06-17,TRANSPORTE,KILÓMETROS,12,MUNIC
40070820-0,"CONSTRUCCION PAVIMENTOS PARTICIPATIVOS, 35 PROCESO, REGIÓN DE LA ARAUCANÍA",REGION DE LA ARAUCANIA,,EJECUCION,6329093,2026,RS,2026-06-17,TRANSPORTE,KILÓMETROS,12,MUNIC
40070820-0,"CONSTRUCCION PAVIMENTOS PARTICIPATIVOS, 35 PROCESO, REGIÓN DE LA ARAUCANÍA",REGION DE LA ARAUCANIA,,EJECUCION,6329093,2026,RS,2026-06-17,TRANSPORTE,KILÓMETROS,12,MUNIC
40070820-0,"CONSTRUCCION PAVIMENTOS PARTICIPATIVOS, 35 PROCESO, REGIÓN DE LA ARAUCANÍA",REGION DE LA ARAUCANIA,,EJECUCION,6329093,2026,RS,2026-06-17,TRANSPORTE,KILÓMETROS,12,MUNIC
40070820-0,"CONSTRUCCION PAVIMENTOS PARTICIPATIVOS, 35 PROCESO, REGIÓN DE LA ARAUCANÍA",REGION DE LA ARAUCANIA,,EJECUCION,6329093,2026,RS,2026-06-17,TRANSPORTE,KILÓMETROS,12,SECT
40070820-0,"CONSTRUCCION PAVIMENTOS PARTICIPATIVOS, 35 PROCESO, REGIÓN DE LA ARAUCANÍA",REGION DE LA ARAUCANIA,,EJECUCION,6329093,2026,RS,2026-06-17,TRANSPORTE,KILÓMETROS,12,MUNIC
40070820-0,"CONSTRUCCION PAVIMENTOS PARTICIPATIVOS, 35 PROCESO, REGIÓN DE LA ARAUCANÍA",REGION DE LA ARAUCANIA,,EJECUCION,6329093,2026,RS,2026-06-17,TRANSPORTE,KILÓMETROS,12,MUNIC
40038115-0,"MEJORAMIENTO CAMINO VECINAL SECTOR SAN VICENTE Y SAN RAMÓN CENTRAL, COMUNA DE LOS SAUCES",REGION DE LA ARAUCANIA,LOS SAUCES,EJECUCION,118741,2026,,,TRANSPORTE,KILÓMETROS,3,FNDR
40081320-0,"MEJORAMIENTO CAMINO RURAL  CODINHUE -CANTINO, TRAMO DEL KM 4,305 AL KM 12,029, VILCUN",REGION DE LA ARAUCANIA,VILCUN,EJECUCION,5988174,2026,FI,2026-08-19,TRANSPORTE,KILÓMETROS,8,SECT
40009278-0,"REPOSICION PLAZA MALALCAHUELLO, COMUNA CURACAUTIN",REGION DE LA ARAUCANIA,CURACAUTIN,DISEÑO,207335,2026,FI,,MULTISECTORIAL,METROS CUADRADOS,10000,FNDR
30363445-0,"CONSTRUCCION ELECTRIFICACION RURAL  FREIRE 2, MANQUI Y OTROS",REGION DE LA ARAUCANIA,FREIRE,EJECUCION,51572,2026,FI,2026-01-09,ENERGIA,NÚMERO DE EMPALMES,36,FNDR
40035771-0,"REPOSICION POSTA DE SALUD RURAL SECTOR BOCHOCO, NUEVA IMPERIAL",REGION DE LA ARAUCANIA,NUEVA IMPERIAL,DISEÑO,61444,2026,,,SALUD,METROS CUADRADOS,359,FNDR
30103935-0,"CONSTRUCCION SISTEMA AGUA POTABLE MONOPAINE CHAPOD, PADRE LAS CASAS",REGION DE LA ARAUCANIA,PADRE LAS CASAS,EJECUCION,3092136,2026,RS,2026-01-12,RECURSOS HIDRICOS,NRO. DE ARRANQUES NUEVOS,289,FNDR
20188580-0,"CONSTRUCCION COLECTOR INTERCEPTOR AGUAS LLUVIAS SANTA ROSA, TEMUCO",REGION DE LA ARAUCANIA,TEMUCO,EJECUCION,27359650,2026,FI,2025-11-17,RECURSOS HIDRICOS,METROS,3715,SECT
40071965-0,"MEJORAMIENTO CANCHA DE TENIS, VICTORIA",REGION DE LA ARAUCANIA,VICTORIA,EJECUCION,346415,2026,,,DEPORTES,METROS CUADRADOS,4528,FNDR
40080965-0,ADQUISICION DE VEHÃ_x008d_CULO PARA FORTALECER LA RESPUESTA ANTE SITUACIONES DE EMERGENCIA EN LA COMUNA DE VILCÃ¿N,REGION DE LA ARAUCANIA,VILCUN,EJECUCION,137945,2026,,,SEGURIDAD PUBLICA,UNIDAD,1,FNDR
40079961-0,"MEJORAMIENTO EJE AVENIDA PRAT Y AVENIDA CEMENTERIO, COMUNA DE LOS SAUCES ",REGION DE LA ARAUCANIA,LOS SAUCES,DISEÑO,14200,2026,,,TRANSPORTE,METROS,500,SECT
30249672-0,"REPOSICION ESCUELA MARTIN ALONQUEO, GENERAL LOPEZ, VILCUN",REGION DE LA ARAUCANIA,VILCUN,EJECUCION,14840559,2026,FI,2026-01-22,"EDUCACION, CULTURA Y PATRIMONIO",METROS CUADRADOS,4258,SECT
30249672-0,"REPOSICION ESCUELA MARTIN ALONQUEO, GENERAL LOPEZ, VILCUN",REGION DE LA ARAUCANIA,VILCUN,EJECUCION,14840559,2026,FI,2026-01-22,"EDUCACION, CULTURA Y PATRIMONIO",METROS CUADRADOS,4258,FNDR
40027785-0,"CONSTRUCCION DE CAMARAS DE FISCALIZACIÓN PISTAS SOLO TRANSPORTE PÚBLICO, TEMUCO",REGION DE LA ARAUCANIA,TEMUCO,EJECUCION,3368933,2026,RS,2026-03-11,TRANSPORTE,UNIDAD,71,SECT
40073807-0,MEJORAMIENTO RUTA METRENCO - MISIÓN INGLESA,REGION DE LA ARAUCANIA,PADRE LAS CASAS,EJECUCION,12681803,2026,,,TRANSPORTE,KILÓMETROS,8,SECT
40071970-0,"MEJORAMIENTO CANCHA DE BASQUETBOL, VICTORIA",REGION DE LA ARAUCANIA,VICTORIA,EJECUCION,346415,2026,,,DEPORTES,METROS CUADRADOS,2176,FNDR
40081629-0,ADQUISICION VEHÍCULO PARA RESPONDER ANTE SITUACIONES DE EMERGENCIA EN LA COMUNA DE FREIRE,REGION DE LA ARAUCANIA,FREIRE,EJECUCION,137945,2026,,,SEGURIDAD PUBLICA,UNIDAD,1,FNDR
40070469-0,"CONSTRUCCION CENTRO COMUNITARIO VILLA EL MIRADOR, LOCALIDAD DE QUEULE, TOLTÉN  ",REGION DE LA ARAUCANIA,TOLTEN,DISEÑO,32616,2026,,,VIVIENDA Y DESARROLLO URBANO,METROS CUADRADOS,249,SECT
40080875-0,"MEJORAMIENTO CANCHA VILLA PARAÍSO, COMUNA DE SAAVEDRA",REGION DE LA ARAUCANIA,SAAVEDRA,EJECUCION,16475,2026,,,DEPORTES,METROS CUADRADOS,543,FNDR
40078783-0,"CONSTRUCCION CIERRE PERIMETRAL CANCHA Y SEDE E INSTALACIÓN ILUMINACIÓN, SAN PATRICIO, VILCÚN",REGION DE LA ARAUCANIA,VILCUN,EJECUCION,46490,2026,,,VIVIENDA Y DESARROLLO URBANO,METROS,449,FNDR
40069823-0,MEJORAMIENTO RUTA S-227  PILLANLELBUN-QUINTRILPE,REGION DE LA ARAUCANIA,VILCUN,DISEÑO,1132093,2026,RS,2026-06-01,TRANSPORTE,KILÓMETROS,28,SECT
40062692-0,"CONSERVACION SISTEMA APR CHIHUIMPILLI, FREIRE, PROV. CAUTIN, REG. DE LA ARAUCANÍA ",REGION DE LA ARAUCANIA,FREIRE,EJECUCION,990820,2026,,,RECURSOS HIDRICOS,NRO. DE ARRANQUES TOTALES,91,SECT
40074006-0,"REPOSICION  DE LUMINARIAS Y CONSTRUCCIÓN DE TRES PARADEROS EN CALLE PRAT, CHOLCHOL.",REGION DE LA ARAUCANIA,CHOL CHOL,EJECUCION,91507,2026,,,MULTISECTORIAL,METROS CUADRADOS,176,SECT
40082332-0,"CONSTRUCCION LICEO LAUTARO, SELLO BILINGUE",REGION DE LA ARAUCANIA,LAUTARO,DISEÑO,421800,2027,,,EDUCACIÓN,UNIDAD,1,FNDR
50001809-0,"CONSTRUCCION BLOQUES DE NICHOS 2 CEMENTERIO MUNICIPAL, COMUNA DE TRAIGUEN",REGION DE LA ARAUCANIA,TRAIGUEN,EJECUCION,100144,2026,,,MULTISECTORIAL,METROS CUADRADOS,70,FNDR
40027622-0,"CONSTRUCCION SALA CUNA Y JARDIN INFANTIL COSTANERA JORGE TEILLIER, TEMUCO",REGION DE LA ARAUCANIA,TEMUCO,EJECUCION,1581859,2026,RS,2026-01-19,"EDUCACION, CULTURA Y PATRIMONIO",METROS CUADRADOS,464,SECT
40076400-0,"ADQUISICION DE VEHICULOS DE TRANSPORTE ESCOLAR, COMUNA DE MELIPEUCO",REGION DE LA ARAUCANIA,MELIPEUCO,EJECUCION,141980,2026,,,EDUCACIÓN,UNIDAD,2,FNDR
30379323-0,"CONSTRUCCION SIST. AGUA POTABLE CHUCAUCO, SANTA PAULA Y NUEVE DE JULIO, FREIRE",REGION DE LA ARAUCANIA,FREIRE,EJECUCION,13647410,2026,RS,2026-03-26,RECURSOS HIDRICOS,NRO. DE ARRANQUES TOTALES,681,FNDR
40078738-0,"MEJORAMIENTO PLAZA DE LA INFANCIA, COMUNA GALVARINO ",REGION DE LA ARAUCANIA,GALVARINO,EJECUCION,142196,2026,,,VIVIENDA Y DESARROLLO URBANO,METROS CUADRADOS,870,FNDR
40075755-0,"REPOSICION FURGONES MUNICIPALES, COMUNA DE LOS SAUCES",REGION DE LA ARAUCANIA,LOS SAUCES,EJECUCION,146585,2026,,,MULTISECTORIAL,UNIDAD,2,FNDR
40080684-0,"REPARACION DE EMERGENCIA PTAS VILLA LOS BOLDOS, COMUNA DE TOLTEN",REGION DE LA ARAUCANIA,TOLTEN,EJECUCION,1394802,2026,,,RECURSOS HIDRICOS,NRO. UNIDADES DOMICILIARIAS,313,FNDR
40082368-0,"ADQUISICION VEHICULO EMERGENCIA Y ELECTROGENOS APR HUEICO Y PANTANO, COMUNA LUMACO",REGION DE LA ARAUCANIA,LUMACO,EJECUCION,126411,2026,,,SEGURIDAD PUBLICA,UNIDAD,1,FNDR
40071184-0,CONSERVACION VIAL Y CONSTRUCCIÓN DE SEÑALÉTICA VERTICAL EN CALLES DE LONQUIMAY URBANO,REGION DE LA ARAUCANIA,LONQUIMAY,EJECUCION,79984,2026,,,MULTISECTORIAL,METROS CUADRADOS,13834,FNDR
40081196-0,REPOSICION VEHÍCULOS POLICIALES REGION DE LA ARAUCANIA,REGION DE LA ARAUCANIA,,EJECUCION,2474243,2027,,,SEGURIDAD PUBLICA,UNIDAD,49,FNDR
40052510-0,"MEJORAMIENTO INTERCONEXION VIAL SECTOR CERRO ÑIELOL, TEMUCO",REGION DE LA ARAUCANIA,TEMUCO,PREFACTIBILIDAD,376073,2026,RS,2025-12-09,TRANSPORTE,KILÓMETROS,4,SECT
40081925-0,"MEJORAMIENTO SISTEMA SANITARIO RURAL TROVOLHUE,CARAHUE",REGION DE LA ARAUCANIA,CARAHUE,EJECUCION,9561275,2026,,,RECURSOS HIDRICOS,NRO. DE ARRANQUES TOTALES,1500,SECT
20177920-0,"INSTALACION SERVICIO AGUA POTABLE CATRIRREHUE, SAAVEDRA",REGION DE LA ARAUCANIA,SAAVEDRA,EJECUCION,3678359,2026,RS,2026-01-12,RECURSOS HIDRICOS,NRO. DE ARRANQUES TOTALES,147,FNDR
40049912-0,CONSERVACION por pavimentos rurales PROVINCIAS DE MALLECO Y CAUTIN 1 2025 – 2026,REGION DE LA ARAUCANIA,,EJECUCION,17421793,2026,AD,2025-11-22,TRANSPORTE,KILÓMETROS,42,SECT
40043617-0,REPARACION Y EQUIPAMIENTO PARQUE Y MUSEO REGIONAL DE LA ARAUCANÍA,REGION DE LA ARAUCANIA,TEMUCO,EJECUCION,1183635,2026,RS,2026-01-20,CULTURA Y PATRIMONIO,METROS CUADRADOS,4587,SECT
40023375-0,"CONSERVACION SISTEMAS DE APR POR SEQUÍA, REGIÓN DE LA ARAUCANIA",REGION DE LA ARAUCANIA,,EJECUCION,5320505,2026,,,RECURSOS HIDRICOS,NRO. DE ARRANQUES TOTALES,4482,SECT
40050036-0,CONSERVACION GLOBAL MIXTA CAMINOS RED VIAL REGION DE LA ARAUCANIA 2024-2028,REGION DE LA ARAUCANIA,,EJECUCION,51199363,2026,AD,2025-12-03,TRANSPORTE,KILÓMETROS,1152,SECT
40058194-0,"MEJORAMIENTO CAMINO BÁSICO INTERMEDIO FILOCO COPIHUAL S-201 KM 0 A KM 8.9, PITRUFQUEN",REGION DE LA ARAUCANIA,PITRUFQUEN,EJECUCION,6737501,2026,RS,2026-06-01,TRANSPORTE,KILÓMETROS,9,SECT
40058194-0,"MEJORAMIENTO CAMINO BÁSICO INTERMEDIO FILOCO COPIHUAL S-201 KM 0 A KM 8.9, PITRUFQUEN",REGION DE LA ARAUCANIA,PITRUFQUEN,EJECUCION,6737501,2026,RS,2026-06-01,TRANSPORTE,KILÓMETROS,9,FNDR
40035281-0,REPOSICION COLECTOR DE ALCANTARILLADO Y CONSTRUCCION DE PTAS DE CURARREHUE,REGION DE LA ARAUCANIA,CURARREHUE,DISEÑO,373482,2026,,,RECURSOS HIDRICOS,NRO. UNIDADES DOMICILIARIAS,1200,FNDR
40077323-0,CONSTRUCCION MEJORAMIENTO BORDE RIOS MALLECO.,REGION DE LA ARAUCANIA,,EJECUCION,3092996,2026,,,VIVIENDA Y DESARROLLO URBANO,METROS,1000,SECT
40080729-0,"HABILITACION DE POSTES DE ILUMINACION SOLAR EN REFUGIOS PEATONALES, COMUNA DE GORBEA.",REGION DE LA ARAUCANIA,GORBEA,EJECUCION,144390,2026,,,TRANSPORTE,UNIDAD,70,FNDR
40080830-0,"ADQUISICION VEHICULO PARA FORTALECER LA RESPUESTA ANTE SITUACIONES DE EMERGENCIA, LONQUIMAY",REGION DE LA ARAUCANIA,LONQUIMAY,EJECUCION,126450,2026,,,TRANSPORTE,UNIDAD,1,FNDR
30458837-0,CONSTRUCCION CONEXION VIAL S: MALALCAHUELLO-LONQUIMAY REG. ARAUCANIA,REGION DE LA ARAUCANIA,,FACTIBILIDAD,1388516,2026,OT,2026-07-15,TRANSPORTE,KILÓMETROS,30,SECT
40070076-0,"CONSERVACION CAMINOS EN COMUNIDADES INDIGENAS, PROVINCIA DE CAUTIN, REGION DE LA ARAUCANIA",REGION DE LA ARAUCANIA,,EJECUCION,4804495,2026,AD,2025-12-29,TRANSPORTE,KILÓMETROS,41,SECT
40073046-0,"MEJORAMIENTO ACERAS CALLES RIQUELME Y SERRANO, QUEPE",REGION DE LA ARAUCANIA,FREIRE,EJECUCION,24672,2026,,,VIVIENDA Y DESARROLLO URBANO,METROS CUADRADOS,2970,SECT
40073046-0,"MEJORAMIENTO ACERAS CALLES RIQUELME Y SERRANO, QUEPE",REGION DE LA ARAUCANIA,FREIRE,DISEÑO,23751,2026,,,VIVIENDA Y DESARROLLO URBANO,METROS CUADRADOS,2970,SECT
40077984-0,"CONSERVACION ZONA DE SERVICIOS DE ESCUELA GUACOLDA, COMUNA DE TRAIGUÉN",REGION DE LA ARAUCANIA,TRAIGUEN,EJECUCION,15405,2026,,,EDUCACIÓN,METROS CUADRADOS,30,FNDR
50000809-0,MEJORAMIENTO SERVICIO DE URGENCIA CESFAM CHOLCHOL,REGION DE LA ARAUCANIA,CHOL CHOL,EJECUCION,152802,2026,,,SALUD,METROS CUADRADOS,126,FNDR
40078522-0,"CONSERVACION RED DE CICLOVIAS URBANAS, TRAIGUEN",REGION DE LA ARAUCANIA,TRAIGUEN,DISEÑO,60000,2026,,,TRANSPORTE,KILÓMETROS,1,FNDR
30484571-0,"CONSERVACION GIMNASIO ALBERTO LARRAGUIBEL MORALES, COMUNA DE ANGOL",REGION DE LA ARAUCANIA,ANGOL,EJECUCION,2610159,2026,,,DEPORTES,METROS CUADRADOS,2853,FNDR
40053519-0,"REPOSICION MUROS DE CONTENCIÓN CONDOMINIO VILLA ANDINA, TEMUCO",REGION DE LA ARAUCANIA,TEMUCO,EJECUCION,2895088,2026,RS,2026-07-01,VIVIENDA Y DESARROLLO URBANO,UNIDAD,994,FNDR
40080255-0,REPOSICION CUBIERTA EDIFICIO JUZGADO DE LETRAS DE PITRUFQUEN,REGION DE LA ARAUCANIA,PITRUFQUEN,EJECUCION,123539,2026,,,JUSTICIA,METROS CUADRADOS,504,SECT
30482066-0,CONSERVACION  GLOBAL MIXTO  REGION DE LA ARAUCANIA 2017  - 2021,REGION DE LA ARAUCANIA,,EJECUCION,31632607,2026,,,TRANSPORTE,KILÓMETROS,500,SECT
50001930-0,"MEJORAMIENTO CAMINOS RURALES ETAPA 2, PROVINCIA DE CAUTIN, REGION DE LA ARAUCANIA, 2026 – 2027",REGION DE LA ARAUCANIA,,DISEÑO,1186229,2026,RS,2026-07-31,TRANSPORTE,KILÓMETROS,85440,SECT
40080520-0,"CONSTRUCCION  ILUMINACION SOLAR LED REFUGIOS PEATONALES RURALES, COMUNA DE GALVARINO",REGION DE LA ARAUCANIA,GALVARINO,EJECUCION,232265,2026,,,ENERGIA,UNIDAD,126,FNDR
40080999-0,REPOSICION REPOSICIÓN ANGIÓGRAFO ELECTROFISIOLOGÍA HHHA,REGION DE LA ARAUCANIA,,EJECUCION,1126549,2026,,,SALUD,UNIDAD,1,FNDR
40060312-0,CONSTRUCCION PLAN DE CIERRE ANTIGUO VERTEDERO COMUNA DE VILLARRICA,REGION DE LA ARAUCANIA,VILLARRICA,EJECUCION,2691915,2026,RS,2026-05-13,RECURSOS NATURALES Y MEDIO AMBIENTE,METROS CUADRADOS,39600,FNDR
40081912-0,"CONSTRUCCION ELECTRIFICACION RURAL COMUNIDAD JUAN CAYUNAO Y OTROS, TEMUCO",REGION DE LA ARAUCANIA,TEMUCO,EJECUCION,739936,2026,,,ENERGIA,NÚMERO DE EMPALMES,54,FNDR
40002369-0,"CONSTRUCCION APR CODIHUE RANQUILCO, COMUNA DE NUEVA IMPERIAL",REGION DE LA ARAUCANIA,NUEVA IMPERIAL,EJECUCION,4659151,2026,FI,,RECURSOS HIDRICOS,NRO. DE ARRANQUES NUEVOS,315,SECT
40027936-0,"MEJORAMIENTO URBANO EJE MAC-IVER, COMUNA DE PADRE LAS CASAS",REGION DE LA ARAUCANIA,PADRE LAS CASAS,DISEÑO,63659,2026,FI,2025-12-09,VIVIENDA Y DESARROLLO URBANO,METROS CUADRADOS,10490,SECT
40071210-0,"MEJORAMIENTO  PLAZA LIUCURA, COMUNA DE LONQUIMAY",REGION DE LA ARAUCANIA,LONQUIMAY,EJECUCION,170000,2026,,,VIVIENDA Y DESARROLLO URBANO,METROS CUADRADOS,1760,FNDR
30126632-0,"CONSTRUCCION POSTA DE SALUD RURAL QUINQUEN, LONQUIMAY",REGION DE LA ARAUCANIA,LONQUIMAY,EJECUCION,1387975,2026,RS,2026-01-07,SALUD,METROS CUADRADOS,485,FNDR
40081483-0,"CONSERVACION CORRECTIVA DE EMERGENCIA PTAS PAILAHUEQUE, ercilla",REGION DE LA ARAUCANIA,ERCILLA,EJECUCION,865185,2026,,,RECURSOS HIDRICOS,NRO. UNIDADES DOMICILIARIAS,650,FNDR
40069651-0,"MEJORAMIENTO SISTEMA AGUA POTABLE  PILPILCO, PADRE LAS CASAS ",REGION DE LA ARAUCANIA,,PREFACTIBILIDAD,221974,2026,,,RECURSOS HIDRICOS,NRO. DE ARRANQUES TOTALES,100,SECT
40063556-0,ADQUISICION INNOVACION TECNOLOGICA PARA UNA COMUNA MAS SEGURA,REGION DE LA ARAUCANIA,LONCOCHE,EJECUCION,1019189,2026,,,SEGURIDAD PUBLICA,UNIDAD,62,FNDR
40075075-0,CONSERVACION DE RIBERA EN ESTERO SIN NOMBRE CON CONGLOMERADO Y DESEMBANQUE,REGION DE LA ARAUCANIA,,EJECUCION,206200,2026,,,RECURSOS HIDRICOS,METROS,500,SECT
40081185-0,CONSTRUCCION CIUDADELA DEPORTIVA PADRE LAS CASAS,REGION DE LA ARAUCANIA,PADRE LAS CASAS,DISEÑO,869000,2026,,,DEPORTES,METROS CUADRADOS,62700,FNDR
40081077-0,"CONSTRUCCION ELECTRIFICACION RURAL SECTOR HUENUHUEQUE, RAILAO TORI Y OTROS, VICTORIA",REGION DE LA ARAUCANIA,VICTORIA,EJECUCION,384551,2026,,,ENERGIA,NÚMERO DE EMPALMES,26,FNDR
40081564-0,MEJORAMIENTO  DE ACERAS Y DEL ENTORNO DEL HOSPITAL REGIONAL COMUNA DE TEMUCO,REGION DE LA ARAUCANIA,TEMUCO,EJECUCION,654081,2026,,,VIVIENDA Y DESARROLLO URBANO,METROS,685,FNDR
40071903-0,"CONSTRUCCION INFRAESTRUCTURAS SANITARIAS, NEHUENTUE ,CARAHUE",REGION DE LA ARAUCANIA,CARAHUE,EJECUCION,822530,2026,OT,2026-08-26,VIVIENDA Y DESARROLLO URBANO,UNIDAD,250,FNDR
40082499-0,"HABILITACION DE INFRAESTRUCTURA Y SUMINISTROS PARA LA ATENCIÓN DE EMERGENCIAS, LONQUIMAY",REGION DE LA ARAUCANIA,LONQUIMAY,EJECUCION,347505,2026,,,MULTISECTORIAL,UNIDAD,1,FNDR
40059702-0,REPOSICION Y ADECUACIÓN CESFAM DIEGO PORTALES,REGION DE LA ARAUCANIA,VILLARRICA,DISEÑO,980791,2026,,,SALUD,METROS CUADRADOS,3065,FNDR
40057402-0,"CONSTRUCCION ELECTRIFICACION RURAL SECTOR TOLHUACA, MIRADOR Y OTROS, VICTORIA",REGION DE LA ARAUCANIA,VICTORIA,EJECUCION,190421,2026,RS,2026-01-09,ENERGIA,NÚMERO DE EMPALMES,65,FNDR
40082097-0,ADQUISICION adquisicion de VEHICULO PARA TRASLADO DE PACIENTES de dialisis comuna de CURARREHUE,REGION DE LA ARAUCANIA,,EJECUCION,65000,2026,,,SALUD,UNIDAD,1,FNDR
40050156-0,"CONSTRUCCION POZO DE AGUA POTABLE MUNICIPAL, COMUNA DE PERQUENCO",REGION DE LA ARAUCANIA,PERQUENCO,EJECUCION,64000,2026,,,RECURSOS HIDRICOS,LITROS / SEGUNDO,2,FNDR
40067695-0,CONSTRUCCION ZONAS DE PARADA EN VILLARRICA,REGION DE LA ARAUCANIA,VILLARRICA,EJECUCION,343776,2026,,,TRANSPORTE,UNIDAD,82,SECT
40063268-0,"MEJORAMIENTO PARQUE HISTORICO FUERTE PUREN , PUREN",REGION DE LA ARAUCANIA,PUREN,EJECUCION,251335,2026,,,VIVIENDA Y DESARROLLO URBANO,METROS CUADRADOS,8900,SECT
40080436-0,CONSERVACION OBRAS LACUSTRES COMUNA VILLARRICA,REGION DE LA ARAUCANIA,VILLARRICA,EJECUCION,461711,2027,RS,2026-08-12,VIVIENDA Y DESARROLLO URBANO,METROS,470,SECT
40074254-0,"CONSTRUCCION SISTEMA APR SANCHEZ, ÑANCO,LA SELVA , VICTORIA",REGION DE LA ARAUCANIA,VICTORIA,FACTIBILIDAD,184361,2026,FI,2026-03-10,RECURSOS HIDRICOS,NRO. DE ARRANQUES NUEVOS,396,SECT
30038126-0,"INSTALACION SISTEMA AGUA POTABLE RURAL CAIVICO, VILCUN",REGION DE LA ARAUCANIA,VILCUN,EJECUCION,2918980,2026,RS,2026-03-31,RECURSOS HIDRICOS,NRO. DE ARRANQUES TOTALES,139,FNDR
40082420-0,HABILITACION TRAMOS AFECTADOS POR CONDICIONES METEOROLÓGICAS EN CAMINOS RURALES.,REGION DE LA ARAUCANIA,CURARREHUE,EJECUCION,437000,2026,,,MULTISECTORIAL,HABITANTE BENEFICIADO,4789,FNDR
40082344-0,"ADQUISICION  CAMIONETA 4X4 Y GRUPOS ELECTROGENOS PARA EMERGENCIAS, COMUNA DE SAAVEDRA",REGION DE LA ARAUCANIA,SAAVEDRA,EJECUCION,169236,2026,,,SEGURIDAD PUBLICA,UNIDAD,6,FNDR
40063456-0,"CONSTRUCCION CENTRO COMUNITARIO HUAQUI, LONCOCHE",REGION DE LA ARAUCANIA,LONCOCHE,EJECUCION,182904,2026,,,MULTISECTORIAL,METROS CUADRADOS,131,FNDR
40080318-0,"CONSTRUCCION CONSTRUCCIÓN MERCADO DE LAS TRADICIONES, COMUNA DE CHOLCHOL",REGION DE LA ARAUCANIA,CHOL CHOL,EJECUCION,340000,2026,,,MULTISECTORIAL,UNIDAD,1,FNDR
40082597-0,ADQUISICION VEHICULO EMERGENCIA ERCILLA,REGION DE LA ARAUCANIA,ERCILLA,EJECUCION,113645,2026,,,MULTISECTORIAL,HABITANTE BENEFICIADO,9900,FNDR
40021834-0,"CONSTRUCCION CENTRO CULTURAL, COMUNA DE SAAVEDRA",REGION DE LA ARAUCANIA,SAAVEDRA,EJECUCION,2985000,2026,FI,2026-08-07,CULTURA Y PATRIMONIO,METROS CUADRADOS,730,SECT
40077911-0,REPOSICION DE CAMIONES RECOLECTORES DE RESIDUOS DOMICILIARIOS Y MICROBASURALES DE TEMUCO,REGION DE LA ARAUCANIA,TEMUCO,EJECUCION,671514,2027,,,RECURSOS NATURALES Y MEDIO AMBIENTE,NRO. TONELADAS RECOLECTADAS,90000,FNDR
40005756-0,"MEJORAMIENTO ESPACIO PÚBLICO AVENIDA O'HIGGINS, GORBEA",REGION DE LA ARAUCANIA,GORBEA,EJECUCION,1929527,2026,FI,2025-12-04,VIVIENDA Y DESARROLLO URBANO,METROS CUADRADOS,13800,SECT
40079966-0,"MEJORAMIENTO OFICINA DE INFORMACION TURISTICA Y SU ENTORNO, COMUNA DE LOS SAUCES ",REGION DE LA ARAUCANIA,LOS SAUCES,DISEÑO,9000,2026,,,TURISMO Y COMERCIO,METROS CUADRADOS,400,SECT
40065222-0,"ADQUISICION EQUIPOS UPC ADULTO, HOSPITAL HERNAN HENRIQUEZ ARAVENA DE TEMUCO",REGION DE LA ARAUCANIA,,EJECUCION,372556,2026,,,SALUD,UNIDAD,6,FNDR
40080351-0,ADQUISICION DE VEHICULO PARA FORTALECER LA RESPUESTA ANTE SITUACIONES DE EMERGENCIA EN LA COMUNA DE CHOLCHOL,REGION DE LA ARAUCANIA,CHOL CHOL,EJECUCION,114954,2026,,,MULTISECTORIAL,UNIDAD,1,FNDR
40023967-0,"MEJORAMIENTO INTERCONEXIÓN VIAL PEDRO DE VALDIVIA NORTE, TEMUCO",REGION DE LA ARAUCANIA,TEMUCO,DISEÑO,985278,2026,RS,2025-12-09,TRANSPORTE,KILÓMETROS,6,SECT
40080723-0,CONSTRUCCION PAVIMENTOS Y AGUAS LLUVIAS CALLE BUSTOS,REGION DE LA ARAUCANIA,FREIRE,EJECUCION,341347,2027,,,TRANSPORTE,METROS CUADRADOS,1622,FNDR
30076636-0,"REPOSICION PUENTE MUCO, LAUTARO",REGION DE LA ARAUCANIA,LAUTARO,EJECUCION,2902661,2026,RS,2026-01-09,TRANSPORTE,METROS,40,SECT
40070216-0,CONSERVACION ZONAS DE ESCUELA REGION DE LA ARAUCANÍA,REGION DE LA ARAUCANIA,,EJECUCION,281815,2026,,,TRANSPORTE,KILÓMETROS,1,SECT
40068419-0,"MEJORAMIENTO SEDE DE PROFESORES, COMUNA DE GALVARINO",REGION DE LA ARAUCANIA,GALVARINO,EJECUCION,92350,2026,,,MULTISECTORIAL,METROS CUADRADOS,146,FNDR
40048728-0,MEJORAMIENTO RUTA S-69 LOS LAURELES PEDREGOSO,REGION DE LA ARAUCANIA,VILLARRICA,EJECUCION,11315582,2026,RS,2025-11-21,TRANSPORTE,KILÓMETROS,16,SECT
40074857-0,"CONSTRUCCION CENTRO COMUNITARIO SAN PATRICIO, VILCÚN",REGION DE LA ARAUCANIA,VILCUN,EJECUCION,140000,2026,,,MULTISECTORIAL,METROS CUADRADOS,165,FNDR
40076881-0,CONSERVACION DE RIBERA EN ESTERO SIN NOMBRE SECTOR LEUFUCHE COMUNA DE CUNCO,REGION DE LA ARAUCANIA,,EJECUCION,206200,2026,,,RECURSOS HIDRICOS,METROS CUBICOS,950,SECT
30085715-0,RESTAURACION TEATRO MUNICIPAL DE COLLIPULLI,REGION DE LA ARAUCANIA,COLLIPULLI,EJECUCION,4188394,2026,RS,2026-01-06,"EDUCACION, CULTURA Y PATRIMONIO",METROS CUADRADOS,1547,FNDR
40056966-0,"MEJORAMIENTO CAMINO METRENCO HUILLINCO Y HUILLINCO RINCONADA, P. LAS CASAS",REGION DE LA ARAUCANIA,PADRE LAS CASAS,EJECUCION,8944264,2026,RS,2025-12-22,TRANSPORTE,KILÓMETROS,12,FNDR
40056966-0,"MEJORAMIENTO CAMINO METRENCO HUILLINCO Y HUILLINCO RINCONADA, P. LAS CASAS",REGION DE LA ARAUCANIA,PADRE LAS CASAS,EJECUCION,8944264,2026,RS,2025-12-22,TRANSPORTE,KILÓMETROS,12,SECT
30100107-0,REPOSICION CONSULTORIO DE SALUD RURAL DE HUISCAPI COMUNA LONCOCHE,REGION DE LA ARAUCANIA,LONCOCHE,EJECUCION,7276079,2026,RS,2026-01-07,SALUD,METROS CUADRADOS,1728,FNDR
40071752-0,REPOSICION VEREDAS VARIOS SECTORES COMUNA DE PADRE LAS CASAS,REGION DE LA ARAUCANIA,PADRE LAS CASAS,EJECUCION,1855798,2026,,,VIVIENDA Y DESARROLLO URBANO,METROS,2000,FNDR
40075697-0,"MEJORAMIENTO CAMINOS RURALES SECTOR CULLINCO, VICTORIA",REGION DE LA ARAUCANIA,VICTORIA,EJECUCION,50000,2026,,,TRANSPORTE,METROS,3100,FNDR
40081408-0,"CONSTRUCCION CENTRO COMUNITARIO MULTIUSO, VILLA ESPERANZA, COMUNA DE COLLIPULLI",REGION DE LA ARAUCANIA,COLLIPULLI,DISEÑO,35414,2026,,,VIVIENDA Y DESARROLLO URBANO,METROS CUADRADOS,172,SECT
40082471-0,"ADQUISICION GRUPOS ELECTROGENOS  DE EMERGENCIAS PARA COMITES DE APR, COMUNA DE TEODORO SCHMIDT",REGION DE LA ARAUCANIA,TEODORO SCHMIDT,EJECUCION,64186,2026,,,RECURSOS HIDRICOS,UNIDAD,6,FNDR
40069164-0,"NORMALIZACION JARDIN INFANTIL LOS MUSICOS, TEMUCO",REGION DE LA ARAUCANIA,TEMUCO,EJECUCION,420157,2026,,,EDUCACIÓN,METROS CUADRADOS,217,SECT
40076948-0,"CONSTRUCCION LETRERO TURISTICO Y EXTENSION ALUMBRADO PUBLICO EN LONQUIMAY, ICALMA Y SIERRA NEVADA",REGION DE LA ARAUCANIA,LONQUIMAY,EJECUCION,50000,2026,,,MULTISECTORIAL,UNIDAD,82,SECT
40071012-0,"REPOSICION VEREDAS Y CONSTRUCCIÓN DE ESTACIONAMIENTOS CALLE PROGRESO, ENTRE COMERCIO Y AV. INDUSTRIA, RENAICO",REGION DE LA ARAUCANIA,RENAICO,EJECUCION,98337,2026,,,VIVIENDA Y DESARROLLO URBANO,METROS CUADRADOS,1383,FNDR
30482321-0,MEJORAMIENTO BORDE COSTERO CALETA LA BARRA,REGION DE LA ARAUCANIA,TOLTEN,EJECUCION,10546049,2026,RS,2025-11-04,VIVIENDA Y DESARROLLO URBANO,METROS,450,SECT
40000118-0,"MEJORAMIENTO CBI EL NARANJO - MALLIN DEL TRAILE, LONQUIMAY.",REGION DE LA ARAUCANIA,LONQUIMAY,EJECUCION,144895,2026,RS,2025-12-22,TRANSPORTE,METROS,4490,SECT
40072915-0,"CONSERVACION EMERGENCIA LICECO BICENTENARIO HOTELERÍA Y TURISMO, PUCÓN",REGION DE LA ARAUCANIA,PUCON,EJECUCION,98651,2026,,,EDUCACIÓN,METROS CUADRADOS,1500,SECT
40077071-0,"ADQUISICION DE MAQUINARIA MUNICIPAL PARA MANTENCIÓN DE CAMINOS, COMUNA DE TRAIGUÉN",REGION DE LA ARAUCANIA,TRAIGUEN,EJECUCION,721560,2026,,,TRANSPORTE,KILÓMETROS,336,FNDR
40077071-0,"ADQUISICION DE MAQUINARIA MUNICIPAL PARA MANTENCIÓN DE CAMINOS, COMUNA DE TRAIGUÉN",REGION DE LA ARAUCANIA,TRAIGUEN,EJECUCION,721559,2027,,,TRANSPORTE,KILÓMETROS,336,FNDR
40080231-0,CONSERVACION SEGURIDAD VIAL PASADAS URBANAS - TRAVESIAS DE LA ARAUCANIA ,REGION DE LA ARAUCANIA,,EJECUCION,1359973,2027,,,TRANSPORTE,KILÓMETROS,20,SECT
40002696-0,CONSERVACION CAMINOS BASICOS REGION DE LA ARAUCANIA 2019-2020,REGION DE LA ARAUCANIA,,EJECUCION,36975344,2026,,,TRANSPORTE,METROS CUADRADOS,1,SECT
40031440-0,AMPLIACION Y MEJORAMIENTO SSR EL PERAL Y BOLILCHE NUEVA IMPERIAL,REGION DE LA ARAUCANIA,NUEVA IMPERIAL,EJECUCION,2898022,2026,,,RECURSOS HIDRICOS,NRO. DE ARRANQUES NUEVOS,289,SECT
40015334-0,"REPOSICION RETEN TROVOLHUE, COMUNA DE CARAHUE",REGION DE LA ARAUCANIA,CARAHUE,EJECUCION,2404786,2026,RS,2026-08-19,SEGURIDAD PUBLICA,METROS CUADRADOS,499,FNDR
40079524-0,MEJORAMIENTO Y REPARACIÓN EDIFICIO DIRECCIÓN REGIONAL IND ARAUCANÍA,REGION DE LA ARAUCANIA,,EJECUCION,340092,2026,,,DEPORTES,METROS CUADRADOS,363,SECT
40081430-0,REPOSICION EQUIPOS HOSPITAL PURÉN,REGION DE LA ARAUCANIA,PUREN,EJECUCION,1026981,2026,,,SALUD,UNIDAD,61,FNDR
40077536-0,"REPOSICION MAQUINARIAS PARA ROCE Y PODA, DIRECCIÓN PROVINCIAL DE VIALIDAD MALLECO",REGION DE LA ARAUCANIA,,EJECUCION,975449,2026,,,MULTISECTORIAL,UNIDAD,4,FNDR
40077953-0,REPARACION TECHUMBRE Y REVESTIMIENTOS POLIDEPORTIVO CURARREHUE,REGION DE LA ARAUCANIA,CURARREHUE,EJECUCION,103039,2026,,,DEPORTES,METROS CUADRADOS,1084,SECT
40080300-0,ADQUISICION DE VEHÍCULO DE EMERGENCIA. TEMUCO,REGION DE LA ARAUCANIA,TEMUCO,EJECUCION,137945,2026,,,SEGURIDAD PUBLICA,UNIDAD,1,FNDR
30135321-0,"CONSTRUCCION SISTEMA APR COM. JUAN PAINEN Y FCO.QUEUPUMIL, P.L.CASAS",REGION DE LA ARAUCANIA,PADRE LAS CASAS,EJECUCION,4248531,2026,RS,2026-07-03,RECURSOS HIDRICOS,NRO. DE ARRANQUES TOTALES,232,FNDR
40061636-0,"REPOSICION VEHICULOS TRANSPORTE ESCOLAR, SLEP COSTA ARAUCANIA",REGION DE LA ARAUCANIA,,EJECUCION,991328,2026,,,EDUCACIÓN,UNIDAD,23,FNDR
30487060-0,"REPOSICION CUARTEL 7° COMPAÑÍA DE BOMBEROS  QUINO, VICTORIA",REGION DE LA ARAUCANIA,VICTORIA,EJECUCION,1798896,2026,,,SEGURIDAD PUBLICA,METROS CUADRADOS,462,FNDR
40059232-0,ADQUISICION EQUIPAMIENTO TECNOLOGICO PARA LAS ESCUELAS DE LA COMUNA DE GORBEA,REGION DE LA ARAUCANIA,GORBEA,EJECUCION,395451,2026,,,EDUCACIÓN,UNIDAD,99,FNDR
40080642-0,"CONSTRUCCION Y REPOSICION DE SEÑALIZACION VIAL, REDUCTORES DE VELOCIDAD, COMUNA DE VILCÚN",REGION DE LA ARAUCANIA,VILCUN,EJECUCION,330254,2026,,,TRANSPORTE,UNIDAD,331,FNDR
40075425-0,"REPOSICION TRANSPORTE ESCOLAR, COMUNA DE GALVARINO",REGION DE LA ARAUCANIA,GALVARINO,EJECUCION,265499,2026,,,EDUCACIÓN,UNIDAD,2,FNDR
30044383-0,"CONSTRUCCION SISTEMA DE AGUA POTABLE RURAL SECTOR DIDAICO-TEMULEMU, COMUNA DE TRAIGUEN ",REGION DE LA ARAUCANIA,TRAIGUEN,PREFACTIBILIDAD,238723,2026,RS,2026-05-20,RECURSOS HIDRICOS,NRO. DE ARRANQUES TOTALES,103,FNDR
30369628-0,"CONSTRUCCION SISTEMA DE AGUA POTABLE RURAL CHESQUE BAJO, VILLARRICA",REGION DE LA ARAUCANIA,VILLARRICA,DISEÑO,204502,2026,FI,2026-05-25,RECURSOS HIDRICOS,NRO. DE ARRANQUES TOTALES,594,FNDR
40080978-0,"MEJORAMIENTO Y AMPLIACION SSR OÑOICO, SAAVEDRA ",REGION DE LA ARAUCANIA,,EJECUCION,2388592,2026,,,RECURSOS HIDRICOS,NRO. DE ARRANQUES TOTALES,64,SECT
30156972-0,"CONSTRUCCION  BIODIGESTOR REGIMIENTO N° 3 HUSARES, ANGOL",REGION DE LA ARAUCANIA,ANGOL,DISEÑO,37700,2026,FI,,SEGURIDAD PUBLICA,METROS CUADRADOS,1110,FNDR
40008481-0,"REPOSICION SISTEMA AGUA POTABLE RURAL EL NARANJO, LONQUIMAY",REGION DE LA ARAUCANIA,LONQUIMAY,EJECUCION,2236693,2026,RS,2025-11-11,RECURSOS HIDRICOS,NRO. DE ARRANQUES TOTALES,158,SECT
40069593-0,"CONSERVACION SISTEMA SANITARIO RURAL QUILQUIHUENCO,COLLIPULLI",REGION DE LA ARAUCANIA,COLLIPULLI,EJECUCION,649271,2026,,,RECURSOS HIDRICOS,NRO. DE ARRANQUES TOTALES,140,SECT
40063256-0,CONSTRUCCION COLECTOR Y PLANTA DE TRATAMIENTO DE AGUAS SERVIDAS DE CATRIPULLI,REGION DE LA ARAUCANIA,CURARREHUE,DISEÑO,329157,2026,,,RECURSOS HIDRICOS,METROS,14300,FNDR
30080831-0,REPOSICION RUTA 181-CH CURACAUTIN MALALCAHUELLO,REGION DE LA ARAUCANIA,CURACAUTIN,EJECUCION,16968292,2026,RS,2025-11-20,TRANSPORTE,KILÓMETROS,29,SECT
40054628-0,"ADQUISICION CAMION ALZA HOMBRE, COMUNA DE GALVARINO",REGION DE LA ARAUCANIA,GALVARINO,EJECUCION,121100,2027,,,MULTISECTORIAL,UNIDAD,1,FNDR
40012482-0,"MEJORAMIENTO RUTA R-95, LIUCURA-ICALMA, LONQUIMAY",REGION DE LA ARAUCANIA,LONQUIMAY,EJECUCION,311877,2026,RS,2025-11-28,TRANSPORTE,KILÓMETROS,30,SECT
40073181-0,CONSTRUCCION FISCALÍA LOCAL DE PITRUFQUÉN,REGION DE LA ARAUCANIA,PITRUFQUEN,DISEÑO,552844,2026,,,JUSTICIA,METROS CUADRADOS,550,SECT
40037803-0,"MEJORAMIENTO RUTA S-443 CAMINO QUEPE PRADOS DE HUICHAHUE, PADRE LAS CASAS",REGION DE LA ARAUCANIA,PADRE LAS CASAS,EJECUCION,6125589,2026,RS,2025-11-25,TRANSPORTE,KILÓMETROS,7,SECT
30100340-0,"CONSTRUCCION SISTEMA AGUA POTABLE RURAL PIEDRA ALTA, SAAVEDRA",REGION DE LA ARAUCANIA,SAAVEDRA,EJECUCION,2151018,2026,RS,2026-06-23,RECURSOS HIDRICOS,NRO. DE ARRANQUES TOTALES,119,FNDR
40027574-0,"MEJORAMIENTO AV. GABRIELA MISTRAL ENTRE AV. ANDES Y PABLO NERUDA, TEMUCO",REGION DE LA ARAUCANIA,TEMUCO,EJECUCION,20780421,2026,RS,2026-05-06,TRANSPORTE,KILÓMETROS,2,SECT
40071725-0,MEJORAMIENTO RECINTO DEPORTIVO CANCHA LAS ROCAS COMUNA DE PADRE LAS CASAS,REGION DE LA ARAUCANIA,PADRE LAS CASAS,EJECUCION,1641864,2026,,,DEPORTES,METROS CUADRADOS,2493,FNDR
30221173-0,MEJORAMIENTO CAMINO BASICO INTERMEDIO CAMINO ANTIGUO TRAIGUEN,REGION DE LA ARAUCANIA,TRAIGUEN,EJECUCION,2220344,2026,RS,2025-12-26,TRANSPORTE,METROS CUADRADOS,3,FNDR
30221173-0,MEJORAMIENTO CAMINO BASICO INTERMEDIO CAMINO ANTIGUO TRAIGUEN,REGION DE LA ARAUCANIA,TRAIGUEN,EJECUCION,2220344,2026,RS,2025-12-26,TRANSPORTE,METROS CUADRADOS,3,SECT
30221173-0,MEJORAMIENTO CAMINO BASICO INTERMEDIO CAMINO ANTIGUO TRAIGUEN,REGION DE LA ARAUCANIA,TRAIGUEN,EJECUCION,1580050,2027,RS,,TRANSPORTE,METROS CUADRADOS,3,FNDR
40073358-0,ADQUISICION MATERIAL MAYOR GERSA PUCÓN,REGION DE LA ARAUCANIA,PUCON,EJECUCION,1340298,2026,,,MULTISECTORIAL,UNIDAD,5,FNDR
40080438-0,"CONSERVACION CALETA LOS PINOS, TOLTEN",REGION DE LA ARAUCANIA,TOLTEN,EJECUCION,850000,2027,,,PESCA,METROS,0,SECT
40081988-0,MEJORAMIENTO PASEO PEATONAL RIO CAYUNCO LONQUIMAY,REGION DE LA ARAUCANIA,LONQUIMAY,DISEÑO,32844,2026,,,MULTISECTORIAL,METROS,400,SECT
40082132-0,"MEJORAMIENTO SECTOR PISCINA POLIDEPORTIVO RUFINO BERNEDO Z., TEMUCO",REGION DE LA ARAUCANIA,,EJECUCION,347696,2026,,,DEPORTES,METROS CUADRADOS,4134,SECT
40079070-0,MEJORAMIENTO ADQUISICIÓN DE EQUIPAMIENTO OFTALMOLÓGICO ESPECIALIZADO HOSPITAL DE ANGOL,REGION DE LA ARAUCANIA,ANGOL,EJECUCION,960000,2026,,,SALUD,UNIDAD,4,FNDR
30082374-0,"INSTALACION SISTEMA DE AGUA POTABLE RURAL PEDREGOSO, FREIRE",REGION DE LA ARAUCANIA,FREIRE,EJECUCION,4161680,2026,RS,2025-11-11,RECURSOS HIDRICOS,NRO. DE ARRANQUES TOTALES,228,SECT
40032993-0,REPOSICION CAMIÓN ALJIBE 1° COMPAÑÍA DEL CUERPO DE BOMBEROS DE GORBEA,REGION DE LA ARAUCANIA,GORBEA,EJECUCION,562705,2026,,,SEGURIDAD PUBLICA,UNIDAD,1,FNDR
30483236-0,CONSTRUCCION CONEXION VIAL RIBERA NORTE LAGO VILLARRICA. S: LAGUNA LAS RANAS-RIO PLATA,REGION DE LA ARAUCANIA,PUCON,DISEÑO,613391,2026,RS,2026-01-09,TRANSPORTE,KILÓMETROS,19,SECT
40077357-0,"MEJORAMIENTO BARRIO BARRIOS UNIDOS, COLLIPULLI",REGION DE LA ARAUCANIA,COLLIPULLI,EJECUCION,500356,2026,,,VIVIENDA Y DESARROLLO URBANO,METROS CUADRADOS,2000,SECT
40080411-0,"REPOSICION PARADERO DE BUSES SECTOR MAULE, COMUNA DE SAAVEDRA",REGION DE LA ARAUCANIA,SAAVEDRA,EJECUCION,229243,2026,,,TRANSPORTE,METROS CUADRADOS,124,FNDR
40078580-0,"CONSERVACION ESCUELA BÁSICA FORTIN ÑIELOL,COMUNA DE GALVARINO",REGION DE LA ARAUCANIA,GALVARINO,EJECUCION,21946,2026,,,EDUCACIÓN,METROS CUADRADOS,26,SECT
40056901-0,CONSERVACION POR CAMINOS BASICOS PROVINCIA DE CAUTIN 2 2023-2025 BUEN VIVIR,REGION DE LA ARAUCANIA,,EJECUCION,34976723,2026,,2025-12-01,TRANSPORTE,KILÓMETROS,91,SECT
30483558-0,CONSTRUCCION CIRCUNVALACIÓN TEMUCO,REGION DE LA ARAUCANIA,TEMUCO,FACTIBILIDAD,287878,2026,RS,2025-11-18,TRANSPORTE,KILÓMETROS,15,SECT
40080570-0,CONSTRUCCION DE ESTACIONAMIENTO EN 8 SECTORES DE LA COMUNA DE MELIPEUCO,REGION DE LA ARAUCANIA,MELIPEUCO,EJECUCION,166521,2026,,,TRANSPORTE,METROS,1000,FNDR
40081409-0,ADQUISICION DE VEHICULO PARA FORTALECER LA RESPUESTA ANTE SITUACIONES DE EMERGENCIAS EN LA COMUNA DE COLLIPULLI,REGION DE LA ARAUCANIA,COLLIPULLI,EJECUCION,113645,2026,,,MULTISECTORIAL,UNIDAD,1,FNDR
40029783-0,"CONSTRUCCION ELECTRIFICACION RURAL COMUNIDAD IGNACIO TRECANAO, CURACAUTIN",REGION DE LA ARAUCANIA,CURACAUTIN,EJECUCION,479088,2026,RS,2026-08-11,ENERGIA,NÚMERO DE EMPALMES,32,FNDR
40082405-0,ADQUISICION ADQUISICIÓN ACUMULADORES DE AGUA Y EQUIPOS PARA RESPUESTA A INCENDIOS FORESTALES,REGION DE LA ARAUCANIA,,EJECUCION,270669,2026,,,MULTISECTORIAL,UNIDAD,47,FNDR
30481272-0,CONSERVACION GLOBAL MIXTA CAMINOS RED VIAL IX REGIÓN (2018 - 2022),REGION DE LA ARAUCANIA,,EJECUCION,50376809,2026,,,TRANSPORTE,KILÓMETROS,9999,SECT
40082013-0,"MEJORAMIENTO SISTEMA SANITARIO RURAL METRENCO, PADRE LAS CASAS ",REGION DE LA ARAUCANIA,,EJECUCION,2819082,2027,,,RECURSOS HIDRICOS,NRO. DE ARRANQUES TOTALES,484,SECT
40082213-0,"ADQUISICION CAMION ALJIBE PARA UNIDAD DISTRIBUCION AGUA POTABLE MUNICIPAL, PADRE LAS CASAS",REGION DE LA ARAUCANIA,PADRE LAS CASAS,EJECUCION,145239,2026,,,RECURSOS HIDRICOS,UNIDAD,1,FNDR
40079955-0,"CONSTRUCCION SEÑALETICA TURISTICA, COMUNA DE LOS SAUCES ",REGION DE LA ARAUCANIA,LOS SAUCES,DISEÑO,6500,2026,,,TURISMO Y COMERCIO,UNIDAD,9,SECT
40081400-0,"CONSTRUCCION ELECTRIFICACION RURAL SECTOR CAIVICO, LOS COPIHUES Y METO MIRADOR, VILCUN",REGION DE LA ARAUCANIA,VILCUN,EJECUCION,444043,2026,,,ENERGIA,NÚMERO DE EMPALMES,31,FNDR
40071684-0,ADQUISICION BUS Y 2 MINIBUSES COMUNA PITRUFQUEN,REGION DE LA ARAUCANIA,PITRUFQUEN,EJECUCION,303988,2026,,,TRANSPORTE,KILÓMETROS,0,FNDR
40077300-0,ADQUISICION CORRIDA POR EL CANCER TEMUCO 2026,REGION DE LA ARAUCANIA,TEMUCO,EJECUCION,58032,2026,,,DEPORTES,METROS,1000,FNDR
40079898-0,"CONSTRUCCION LUMINARIAS FOTOVOLTAICAS SECTOR PIDENCO, NUEVA IMPERIAL",REGION DE LA ARAUCANIA,NUEVA IMPERIAL,EJECUCION,269300,2026,,,ENERGIA,UNIDAD,66,FNDR
40076253-0,"CONSERVACION ESC. BÁSICA REWEKIMUN, LAUTARO",REGION DE LA ARAUCANIA,LAUTARO,EJECUCION,2798,2026,,,EDUCACIÓN,METROS CUADRADOS,35,SECT
40077954-0,"REPOSICION SERVICIOS HIGIENICOS CEMENTERIO MUNICIPAL, COMUNA LOS SAUCES ",REGION DE LA ARAUCANIA,LOS SAUCES,EJECUCION,80000,2026,,,VIVIENDA Y DESARROLLO URBANO,METROS CUADRADOS,75,SECT
40048277-0,"CONSTRUCCION PLATABANDA CALLE PUREN, COMUNA DE TRAIGUEN ",REGION DE LA ARAUCANIA,TRAIGUEN,EJECUCION,98000,2026,,,TRANSPORTE,METROS CUADRADOS,1278,SECT
40072945-0,ADQUISICION CLINICA MOVIL DEPARTAMENTO SALUD MUNICIPAL PUCON,REGION DE LA ARAUCANIA,PUCON,EJECUCION,337394,2026,,,SALUD,UNIDAD,2,FNDR
40080633-0,"REPOSICION DE REFUGIOS PEATONALES RURALES HUILCALEO, FORTIN ÑIELOL, RENICURA Y OTROS, COMUNA DE GALVARINO",REGION DE LA ARAUCANIA,GALVARINO,EJECUCION,291669,2026,,,TRANSPORTE,UNIDAD,23,FNDR
40079332-0,"CONSERVACION DE RIBERA EN CAUCES NATURALES COMUNA VILCÚN, PADRE LAS CASAS, CUNCO REGIÓN DE LA ARAUCANÍA 2026-2027",REGION DE LA ARAUCANIA,,EJECUCION,1153111,2026,OT,2026-08-17,RECURSOS HIDRICOS,METROS CUBICOS,5883,SECT
40041291-0,"REPOSICION MUROS DE CONTENCIÓN VILLA ESPERANZA Y VILLA LA COSTANERA, SAAVEDRA",REGION DE LA ARAUCANIA,SAAVEDRA,DISEÑO,64462,2026,RS,2026-01-09,VIVIENDA Y DESARROLLO URBANO,METROS,527,SECT
40025549-0,"MEJORAMIENTO ESPACIOS PÚBLICOS VILLA ALBERTO LEVY, COMUNA DE TRAIGUÉN",REGION DE LA ARAUCANIA,TRAIGUEN,DISEÑO,73372,2027,RS,,VIVIENDA Y DESARROLLO URBANO,METROS CUADRADOS,7646,SECT
40038944-0,"CONSTRUCCION PASARELA VEHICULAR RAPANILAHUE Y ACCESOS, COMUNA DE LUMACO ",REGION DE LA ARAUCANIA,LUMACO,EJECUCION,6934531,2026,RS,2025-11-04,TRANSPORTE,METROS,120,SECT
40068327-0,CONSTRUCCION SALA CUNA Y JARDIN INFANTIL TROMEN QUEPE PADRE LAS CASAS,REGION DE LA ARAUCANIA,PADRE LAS CASAS,DISEÑO,91388,2026,RS,2026-01-19,EDUCACIÓN,METROS CUADRADOS,700,SECT
40055643-0,"REPOSICION POSTA DE SALUD RURAL PEDREGOSO, LONQUIMAY",REGION DE LA ARAUCANIA,LONQUIMAY,EJECUCION,1842995,2026,FI,2026-03-17,SALUD,METROS CUADRADOS,415,FNDR
40081848-0,ADQUISICION DE VEHICULOS PARA EL FORTALECIMIENTO DE LA ATENCION PRIMARIA DE SALUD EN LA COMUNA DE LONQUIMAY,REGION DE LA ARAUCANIA,LONQUIMAY,EJECUCION,144499,2026,,,SALUD,UNIDAD,3,FNDR
40077382-0,"REPOSICION CONEXIÓN RUTA S-844, CAMINO BIFURCACIÓN 790 - LA BARRA - NIGUE, TOLTEN",REGION DE LA ARAUCANIA,TOLTEN,EJECUCION,6905829,2026,RS,2026-08-25,TRANSPORTE,KILÓMETROS,2,SECT
40077382-0,"REPOSICION CONEXIÓN RUTA S-844, CAMINO BIFURCACIÓN 790 - LA BARRA - NIGUE, TOLTEN",REGION DE LA ARAUCANIA,TOLTEN,EJECUCION,6905829,2026,RS,2026-08-25,TRANSPORTE,KILÓMETROS,2,FNDR
40078048-0,"CONSERVACION POSTA SALUD RURAL LA BATALLA, COLLIPULLI",REGION DE LA ARAUCANIA,COLLIPULLI,EJECUCION,350000,2026,,,SALUD,METROS CUADRADOS,351,SECT
40061161-0,"MEJORAMIENTO SEGURIDAD VIAL VARIOS CRUCES REGION DE LA ARAUCANIA, ETAPA I",REGION DE LA ARAUCANIA,,DISEÑO,619114,2026,RS,2025-05-09,TRANSPORTE,KILÓMETROS,13,SECT
30394039-0,NORMALIZACION SEMÁFOROS PRIMERA ETAPA ANGOL,REGION DE LA ARAUCANIA,ANGOL,EJECUCION,1534657,2026,RS,2026-07-01,TRANSPORTE,UNIDAD,11,FNDR
40076134-0,"CONSERVACION ESCUELA BÁSICA VICTOR DURAN PEREZ, COLLIPULLI",REGION DE LA ARAUCANIA,COLLIPULLI,EJECUCION,15074,2026,,,EDUCACIÓN,METROS CUADRADOS,18,SECT
40068521-0,"CONSTRUCCION COMPLEJO EDUCACIONAL GUACOLDA, LAUTARO",REGION DE LA ARAUCANIA,LAUTARO,DISEÑO,693521,2026,,,EDUCACIÓN,METROS CUADRADOS,1500,FNDR
40063516-0,"MEJORAMIENTO SSR ILLAF, PADRE LAS CASAS, PROVINCIA CAUTÍN, REGIÓN DE LA ARAUCANÍA  ",REGION DE LA ARAUCANIA,PADRE LAS CASAS,EJECUCION,3020094,2026,,,RECURSOS HIDRICOS,NRO. DE ARRANQUES TOTALES,706,SECT
40080653-0,"REPOSICION  E INSTALACIÓN DE PARADEROS Y SEÑALETICAS VIALES Y URBANAS, PERQUENCO.",REGION DE LA ARAUCANIA,PERQUENCO,EJECUCION,282022,2026,,,TRANSPORTE,METROS CUADRADOS,287,FNDR
40069588-0,CONSERVACION SISTEMA APR MOLCO LONCOTRATO ,REGION DE LA ARAUCANIA,VILLARRICA,EJECUCION,413482,2026,,,RECURSOS HIDRICOS,NRO. DE ARRANQUES NUEVOS,100,SECT
40058576-0,ADQUISICION CAMION ALJIBE PARA COMANDANCIA CUERPO DE BOMBEROS DE CUNCO,REGION DE LA ARAUCANIA,CUNCO,EJECUCION,437920,2026,,,SEGURIDAD PUBLICA,UNIDAD,1,FNDR
40058576-0,ADQUISICION CAMION ALJIBE PARA COMANDANCIA CUERPO DE BOMBEROS DE CUNCO,REGION DE LA ARAUCANIA,CUNCO,EJECUCION,437920,2027,,,SEGURIDAD PUBLICA,UNIDAD,1,FNDR
40070471-0,"CONSTRUCCION MIRADOR DE AVES ESTERO PIREN, LOCALIDAD DE QUEULE, TOLTEN",REGION DE LA ARAUCANIA,TOLTEN,DISEÑO,10380,2026,,,VIVIENDA Y DESARROLLO URBANO,METROS CUADRADOS,170,SECT
40055626-0,"REPOSICION POSTA SALUD RURAL LONCOYAN, COMUNA DE PUREN",REGION DE LA ARAUCANIA,PUREN,EJECUCION,1573919,2026,FI,2026-07-06,SALUD,METROS CUADRADOS,359,SECT
40067384-0,"CONSERVACION EDIFICIO EX LICEO HC, LAUTARO",REGION DE LA ARAUCANIA,LAUTARO,EJECUCION,2148612,2026,,,EDUCACIÓN,METROS CUADRADOS,3000,FNDR
40048047-0,"MEJORAMIENTO CAMINOS VECINALES SECTORES PINGUIDAHUE - AGUA SANTA - PELLAHUENCO, PUREN ",REGION DE LA ARAUCANIA,PUREN,EJECUCION,120445,2026,,,TRANSPORTE,METROS,2800,FNDR
40069560-0,"CONSERVACION SISEMA DE RIEGO CANAL QUEPE NORTE, VILCUN",REGION DE LA ARAUCANIA,VILCUN,EJECUCION,3559163,2026,,,RECURSOS HIDRICOS,HECTAREA,2000,SECT
40070681-0,"MEJORAMIENTO BIBLIOTECA MUNICIPAL, COMUNA DE PERQUENCO",REGION DE LA ARAUCANIA,PERQUENCO,EJECUCION,33000,2026,,,CULTURA Y PATRIMONIO,METROS CUADRADOS,1,FNDR
40051084-0,"CONSTRUCCION DE INFRAESTRUCTURA SANITARIA CAUPOLICAN, PUREN",REGION DE LA ARAUCANIA,PUREN,DISEÑO,155438,2026,FI,,RECURSOS HIDRICOS,NRO. UNIDADES DOMICILIARIAS,227,FNDR
40052755-0,"CONSTRUCCION CESFAM SECTOR SALINAS, COMUNA DE GORBEA",REGION DE LA ARAUCANIA,GORBEA,DISEÑO,315341,2026,FI,2026-06-22,SALUD,METROS CUADRADOS,500,FNDR
30464197-0,"CONSTRUCCION CUARTEL DE BOMBEROS SEGUNDA FAJA ,VILLARRICA",REGION DE LA ARAUCANIA,VILLARRICA,EJECUCION,2770707,2026,RS,2026-01-23,SEGURIDAD PUBLICA,METROS CUADRADOS,557,FNDR
30125055-0,"MEJORAMIENTO RUTA R-60-P, LOS SAUCES - PURÉN - LÍMITE REGIONAL",REGION DE LA ARAUCANIA,,DISEÑO,1837325,2026,RS,2025-11-24,TRANSPORTE,KILÓMETROS,37,SECT
40070962-0,"ADQUISICION DE EQUIPOS DE PRODUCCIÓN DE ÁRIDOS, AMCA",REGION DE LA ARAUCANIA,NUEVA IMPERIAL,EJECUCION,1836157,2026,,,TRANSPORTE,UNIDAD,5,FNDR
40070478-0,"AMPLIACION ILUMINACION PUBLICA SECTOR ISLA LOS PINOS, TOLTEN",REGION DE LA ARAUCANIA,TOLTEN,DISEÑO,8151,2026,,,VIVIENDA Y DESARROLLO URBANO,METROS,2447,SECT
40038106-0,"REPOSICION POSTA DE SALUD RURAL SECTOR  QUEUPUE, NUEVA IMPERIAL",REGION DE LA ARAUCANIA,NUEVA IMPERIAL,EJECUCION,1428692,2026,,,SALUD,METROS CUADRADOS,352,FNDR
40069666-0,CONSERVACION RUTINARIA AERÓDROMO LA ARAUCANIA,REGION DE LA ARAUCANIA,FREIRE,EJECUCION,800010,2027,,,TRANSPORTE,METROS CUADRADOS,822880,SECT
40070865-0,"MEJORAMIENTO DE CAMINO VECINAL Y ACCESO A CEMENTERIO, SECTOR LOLOCURA, COMUNA DE CARAHUE",REGION DE LA ARAUCANIA,CARAHUE,EJECUCION,71000,2026,,,TRANSPORTE,METROS,140,FNDR
40070766-0,"CONSTRUCCION SEDE SOCIAL AILLINCO, COMUNA DE GALVARINO",REGION DE LA ARAUCANIA,GALVARINO,EJECUCION,141147,2026,,,MULTISECTORIAL,METROS CUADRADOS,142,FNDR
40082423-0,"CONSTRUCCION CALLE ARICA ENTRE PISAGUA E IQUIQUE, TRAIGUÉN",REGION DE LA ARAUCANIA,TRAIGUEN,EJECUCION,94603,2026,,,VIVIENDA Y DESARROLLO URBANO,UNIDAD,3,FNDR
40076550-0,"REPOSICION VEHICULOS TRASLADO DE PERSONAL Y CENTRO DE EDUCACIÓN Y TRABAJO, GENDARMERÍA  ",REGION DE LA ARAUCANIA,TEMUCO,EJECUCION,81854,2026,,,JUSTICIA,UNIDAD,2,FNDR
40079950-0,"MEJORAMIENTO PUEBLITO ARTESANAL, COMUNA DE LOS SAUCES ",REGION DE LA ARAUCANIA,LOS SAUCES,DISEÑO,15500,2026,,,TURISMO Y COMERCIO,METROS CUADRADOS,638,SECT
40077706-0,"ADQUISICION DE FURGONES PARA TRASLADO DE PROFESIONALES DE RONDA MEDICA DSM, TOLTEN ",REGION DE LA ARAUCANIA,TOLTEN,EJECUCION,171360,2026,,,SALUD,UNIDAD,2,FNDR
30444722-0,"REPOSICION PUENTE CARES, CURARREHUE",REGION DE LA ARAUCANIA,CURARREHUE,EJECUCION,1068497,2026,RS,2026-02-05,TRANSPORTE,METROS,28,SECT
40082310-0,"ADQUISICION VEHICULO PARA FORTALECER LA RESPUESTA ANTE SITUACIONES DE EMERGENCIA, LONQUIMAY",REGION DE LA ARAUCANIA,LONQUIMAY,EJECUCION,184760,2026,,,TRANSPORTE,UNIDAD,1,FNDR
40074286-0,"CONSERVACION CONSERVACION EDIFICIO DEPARTAMENTO PROVINCIAL DE EDUCACION MALLECO, ANGOL",REGION DE LA ARAUCANIA,,EJECUCION,42902,2026,,,EDUCACIÓN,METROS CUADRADOS,1276,SECT
30120122-0,"REPOSICION LICEO ATENEA,  CUNCO",REGION DE LA ARAUCANIA,CUNCO,EJECUCION,35144409,2026,RS,2026-03-19,EDUCACIÓN,METROS CUADRADOS,8068,FNDR
40065233-0,"ADQUISICION CAMIONETA 4X4 PARA LA POSTA DE SALUD RURAL EPEUKURA, curarrehue.",REGION DE LA ARAUCANIA,CURARREHUE,EJECUCION,38690,2026,,,SALUD,UNIDAD,1,FNDR
40065233-0,"ADQUISICION CAMIONETA 4X4 PARA LA POSTA DE SALUD RURAL EPEUKURA, curarrehue.",REGION DE LA ARAUCANIA,CURARREHUE,EJECUCION,38090,2027,,,SALUD,UNIDAD,1,FNDR
40075926-0,CONSTRUCCION MUN. DE VILLARRICA INNOVACIÓN PARA LA VALORIZACION DE RESIDUOS ORGANICOS DOMICIL,REGION DE LA ARAUCANIA,VILLARRICA,EJECUCION,1240379,2026,,,RECURSOS NATURALES Y MEDIO AMBIENTE,HABITANTE BENEFICIADO,5000,FNDR
40080124-0,"REPOSICION VEREDAS AVDA. CARLOS IBAÑEZ Y CALLE DIEGO PORTALES ENTRE AVDA. BALMACEDA Y O'HIGGINS, T. SCHMIDT",REGION DE LA ARAUCANIA,TEODORO SCHMIDT,EJECUCION,162253,2026,,,VIVIENDA Y DESARROLLO URBANO,METROS CUADRADOS,1554,FNDR
30120194-0,"REPOSICION JARDÍN INFANTIL LAS AVELLANITAS, LAUTARO",REGION DE LA ARAUCANIA,LAUTARO,EJECUCION,1364230,2026,RS,2026-04-15,"EDUCACION, CULTURA Y PATRIMONIO",METROS CUADRADOS,353,SECT
40073788-0,"CONSTRUCCION INFRAESTRUCTURA SANITARIAS SIERRA NEVADA, LONQUIMAY",REGION DE LA ARAUCANIA,LONQUIMAY,EJECUCION,941655,2026,OT,2026-08-06,RECURSOS HIDRICOS,UNIDAD,1,FNDR
40078046-0,"CONSERVACION POSTA SALUD RURAL CUARTEL QUEMADO, PUREN",REGION DE LA ARAUCANIA,PUREN,EJECUCION,350000,2026,,,SALUD,METROS CUADRADOS,351,SECT
40048198-0,"REPOSICION CANCHA ESTADIO MUNICIPAL DE QUITRATUE Y OBRAS COMPLEMENTARIAS, COMUNA DE GORBEA",REGION DE LA ARAUCANIA,GORBEA,EJECUCION,2314788,2026,OT,,DEPORTES,METROS CUADRADOS,6000,FNDR
40046866-0,"CONSTRUCCION INFRAESTRUCTURA SANITARIA  VILLA O'HIGGINS (LA BARRA),  TOLTÉN.",REGION DE LA ARAUCANIA,TOLTEN,DISEÑO,92089,2026,,,RECURSOS HIDRICOS,NRO. DE ARRANQUES TOTALES,73,FNDR
40068763-0,ADQUISICION Y REPOSICIÓN EQUIPAMIENTO COMPUTACIONAL,REGION DE LA ARAUCANIA,LAUTARO,EJECUCION,74321,2026,,,MULTISECTORIAL,UNIDAD,14,FNDR
40081210-0,ADQUISICION de VEHÍCULO PARA FORTALECER LA RESPUESTA ANTE SITUACIONES DE EMERGENCIA EN ERCILLA,REGION DE LA ARAUCANIA,ERCILLA,EJECUCION,114954,2026,,,MULTISECTORIAL,UNIDAD,1,FNDR
40081220-0,ADQUISICION DE VEHÍCULO PARA FORTALECER LA RESPUESTA ANTE SITUACIONES DE EMERGENCIA EN LA COMUNA DE CURARREHUE,REGION DE LA ARAUCANIA,CURARREHUE,EJECUCION,113650,2026,,,MULTISECTORIAL,UNIDAD,1,FNDR
40082451-0,"HABILITACION VEHICULO 4X4 EMERGENCIA, CURACAUTÍN",REGION DE LA ARAUCANIA,CURACAUTIN,EJECUCION,113645,2026,,,SEGURIDAD PUBLICA,UNIDAD,1,FNDR
20189211-0,"CONSTRUCCION SISTEMA AGUA POTABLE RURAL DE LOS RISCOS, PUCON",REGION DE LA ARAUCANIA,PUCON,DISEÑO,110066,2026,OT,2026-06-24,RECURSOS HIDRICOS,NRO. DE ARRANQUES NUEVOS,101,FNDR
40072492-0,MEJORAMIENTO VIVIENDAS TUTELADAS TOLTÉN ,REGION DE LA ARAUCANIA,TOLTEN,EJECUCION,1139272,2026,,,VIVIENDA Y DESARROLLO URBANO,UNIDAD,20,SECT
40072492-0,MEJORAMIENTO VIVIENDAS TUTELADAS TOLTÉN ,REGION DE LA ARAUCANIA,TOLTEN,EJECUCION,1068026,2027,,2026-07-27,VIVIENDA Y DESARROLLO URBANO,UNIDAD,20,SECT
40075138-0,"CONSTRUCCION LUMINARIAS SOLARES SECTORES: QUINQUE, NUEVA ETRURIA, MANZANAL,  PITRUFQUEN",REGION DE LA ARAUCANIA,PITRUFQUEN,EJECUCION,78000,2026,,,TRANSPORTE,UNIDAD,35,FNDR
40071194-0,"CONSTRUCCION  SEÑALÉTICA Y MOBILIARIO GEOPARQUE KÜTRALKURA ,COMUNA DE MELIPEUCO",REGION DE LA ARAUCANIA,MELIPEUCO,EJECUCION,99980,2026,,,TURISMO Y COMERCIO,UNIDAD,10,FNDR
40066190-0,CONSTRUCCION UNIDAD DE DIALISIS HOSPITAL DE LONQUIMAY,REGION DE LA ARAUCANIA,LONQUIMAY,DISEÑO,127850,2026,,,SALUD,METROS CUADRADOS,584,SECT
30201772-0,"REPOSICION AVENIDA BALMACEDA, CHOLCHOL",REGION DE LA ARAUCANIA,CHOL CHOL,EJECUCION,8792785,2026,RS,,VIVIENDA Y DESARROLLO URBANO,METROS CUADRADOS,40220,FNDR
40077604-0,CONSERVACION INFRAESTRUCTURA COMPLEMENTARIA VILLARRICA,REGION DE LA ARAUCANIA,VILLARRICA,EJECUCION,5562059,2027,RE,,TRANSPORTE,KILÓMETROS,10,SECT
40077604-0,CONSERVACION INFRAESTRUCTURA COMPLEMENTARIA VILLARRICA,REGION DE LA ARAUCANIA,VILLARRICA,EJECUCION,5562061,2026,RE,2026-08-27,TRANSPORTE,KILÓMETROS,10,SECT
40082335-0,"CONSTRUCCION CESFAM GUACOLDA, COMUNA DE LAUTARO",REGION DE LA ARAUCANIA,LAUTARO,DISEÑO,582000,2027,,,SALUD,UNIDAD,1,FNDR
20155699-0,"ADQUISICION E INSTALACION PLANTA DE TRATAMIENTO DE AGUAS SERVIDAS DOMESTICAS, LOCALIDAD T.SCHMIDT, T.SCHMIDT",REGION DE LA ARAUCANIA,TEODORO SCHMIDT,DISEÑO,259896,2026,OT,2026-08-06,RECURSOS HIDRICOS,LITROS / SEGUNDO,69,FNDR
30057859-0,"INSTALACION SISTEMA DE APR DE PAILACOYAN, RUCATRARO Y COYANCO. CARAHUE",REGION DE LA ARAUCANIA,CARAHUE,EJECUCION,4569164,2026,OT,2026-04-02,RECURSOS HIDRICOS,NRO. DE ARRANQUES TOTALES,170,FNDR
40075761-0,"MEJORAMIENTO AREA DE JUEGOS PLAZA SAN PATRICIO, VILCÚN",REGION DE LA ARAUCANIA,VILCUN,EJECUCION,30701,2026,,,MULTISECTORIAL,METROS CUADRADOS,256,FNDR
40039068-0,REPOSICION CANCHA Y CONSTRUCCION PISTA ATLETICA ESTADIO MUNICIPAL VICTORIA,REGION DE LA ARAUCANIA,VICTORIA,EJECUCION,2718098,2026,FI,2026-07-17,DEPORTES,METROS CUADRADOS,1509,FNDR
40077635-0,"AMPLIACION VETERINARIA MUNICIPAL, COMUNA DE ANGOL",REGION DE LA ARAUCANIA,ANGOL,EJECUCION,96377,2026,,,MULTISECTORIAL,METROS CUADRADOS,89,FNDR
40077635-0,"AMPLIACION VETERINARIA MUNICIPAL, COMUNA DE ANGOL",REGION DE LA ARAUCANIA,ANGOL,EJECUCION,96377,2026,,,MULTISECTORIAL,METROS CUADRADOS,89,MUNIC
40060099-0,"MEJORAMIENTO Y AMPLIACIÓN SSR CAUPOLICÁN TRANAMAN,  PUREN",REGION DE LA ARAUCANIA,PUREN,EJECUCION,4193428,2026,,,RECURSOS HIDRICOS,NRO. DE ARRANQUES TOTALES,414,SECT
40080499-0,"CONSTRUCCION PARADEROS RUTA CH-199, CURARREHUE",REGION DE LA ARAUCANIA,CURARREHUE,EJECUCION,348750,2026,,,TRANSPORTE,UNIDAD,10,FNDR
40043772-0,"CONSERVACION CAMINO COMUNIDAD MANUEL LEVINAO, LAUTARO",REGION DE LA ARAUCANIA,LAUTARO,EJECUCION,68521,2026,,,TRANSPORTE,METROS,920,FNDR
40075304-0,"CONSTRUCCION CENTRO COMUNITARIO, COMUNA DE RENAICO",REGION DE LA ARAUCANIA,RENAICO,EJECUCION,203670,2026,,,MULTISECTORIAL,METROS CUADRADOS,184,MUNIC
40075304-0,"CONSTRUCCION CENTRO COMUNITARIO, COMUNA DE RENAICO",REGION DE LA ARAUCANIA,RENAICO,EJECUCION,203670,2026,,,MULTISECTORIAL,METROS CUADRADOS,184,FNDR
40020749-0,"INSTALACION ALUMBRADO SOLAR, DIFERENTES SECTORES, COMUNA DE LUMACO",REGION DE LA ARAUCANIA,LUMACO,EJECUCION,73782,2026,,,SEGURIDAD PUBLICA,UNIDAD,40,FNDR
40060097-0,"MEJORAMIENTO AMPLIACIÓN SISTEMA APR LICANCO GRANDE, PADRE LAS CASAS (RES. DOH N°1012/2023) ",REGION DE LA ARAUCANIA,PADRE LAS CASAS,EJECUCION,1918652,2026,,,RECURSOS HIDRICOS,NRO. DE ARRANQUES TOTALES,285,SECT
40071425-0,"CONSERVACION EMERGENCIA SERVICIO SANITARIO RURAL COLICURA, COMUNA DE PURÉN",REGION DE LA ARAUCANIA,,EJECUCION,777342,2026,,,RECURSOS HIDRICOS,NRO. DE ARRANQUES TOTALES,63,SECT
40060236-0,CONSTRUCCION COSAM COMUNA DE COLLIPULLI,REGION DE LA ARAUCANIA,,DISEÑO,140343,2026,,,SALUD,METROS CUADRADOS,1753,SECT
40076746-0,"MEJORAMIENTO  Y AMPLIACION RED DE ALCANTARILLADO Y CONSTRUCCION PTAS TIJERAL, RENAICO",REGION DE LA ARAUCANIA,RENAICO,DISEÑO,302961,2026,OT,2026-06-15,RECURSOS HIDRICOS,NRO. UNIDADES DOMICILIARIAS,859,FNDR
40036991-0,"CONSERVACION CANAL CHUFQUEN, REGION DE LA ARAUCANIA",REGION DE LA ARAUCANIA,,EJECUCION,5294504,2026,,,RECURSOS HIDRICOS,HECTAREA,1000,SECT
40074007-0,"MEJORAMIENTO ESPACIOS PUBLICOS PLAZA NEHUENTUE, COMUNA DE CARAHUE",REGION DE LA ARAUCANIA,CARAHUE,DISEÑO,66379,2026,FI,2026-07-02,VIVIENDA Y DESARROLLO URBANO,METROS CUADRADOS,12000,SECT
30377222-0,"CONSTRUCCION POSTA DE SALUD RURAL VILLA ESPERANZA, COLLIPULLI",REGION DE LA ARAUCANIA,COLLIPULLI,EJECUCION,1801356,2026,RS,2026-01-07,SALUD,METROS CUADRADOS,425,FNDR
30377222-0,"CONSTRUCCION POSTA DE SALUD RURAL VILLA ESPERANZA, COLLIPULLI",REGION DE LA ARAUCANIA,COLLIPULLI,EJECUCION,1676643,2027,RS,,SALUD,METROS CUADRADOS,425,FNDR
30092858-0,"REPOSICION ESCUELA  G-524 CHOMIO, PADRE LAS CASAS",REGION DE LA ARAUCANIA,PADRE LAS CASAS,EJECUCION,10285979,2026,FI,2025-08-25,EDUCACIÓN,METROS CUADRADOS,3045,FNDR
40063455-0,"CONSTRUCCION CENTRO COMUNITARIO COPIHUELPE, LONCOCHE",REGION DE LA ARAUCANIA,LONCOCHE,EJECUCION,98473,2026,,,MULTISECTORIAL,METROS CUADRADOS,131,FNDR
40037419-0,INSTALACION SERVICIO DE MONITOREO (PILOTO) BARRIO NORTE TEMUCO,REGION DE LA ARAUCANIA,TEMUCO,EJECUCION,229066,2026,RS,2026-01-09,SEGURIDAD PUBLICA,UNIDAD,11,FNDR
40016425-0,CONSTRUCCION UNIDAD DE DIALISIS HOSPITAL PUREN,REGION DE LA ARAUCANIA,PUREN,EJECUCION,1971536,2026,RS,2026-07-08,SALUD,METROS CUADRADOS,456,FNDR
40069374-0,"CONSERVACION CAMINOS VECINALES  SECTOR CARRERRIÑE, COMUNA DE CHOLCHOL",REGION DE LA ARAUCANIA,CHOL CHOL,EJECUCION,47312,2026,,,TRANSPORTE,KILÓMETROS,1,FNDR
30482963-0,"MEJORAMIENTO PAVIMENTO RUTA S-51, TRAMO PADRE LAS CASAS-CUNCO",REGION DE LA ARAUCANIA,,DISEÑO,1464506,2026,RS,2026-02-20,TRANSPORTE,KILÓMETROS,55,SECT
40061306-0,"REPOSICION SALA CUNA Y JARDIN INFANTIL KIMPELU, PADRE LAS CASAS",REGION DE LA ARAUCANIA,PADRE LAS CASAS,EJECUCION,2525183,2026,RS,2026-08-24,EDUCACIÓN,METROS CUADRADOS,780,FNDR
40061306-0,"REPOSICION SALA CUNA Y JARDIN INFANTIL KIMPELU, PADRE LAS CASAS",REGION DE LA ARAUCANIA,PADRE LAS CASAS,DISEÑO,97128,2026,RS,2026-01-16,EDUCACIÓN,METROS CUADRADOS,780,SECT
40021667-0,"CONSTRUCCION UNIDAD DE CUIDADOS PEDIÁTRICOS DE APOYO HOSPITAL HHA, TEMUCO",REGION DE LA ARAUCANIA,TEMUCO,DISEÑO,1305508,2026,RS,2026-01-13,SALUD,METROS CUADRADOS,2891,FNDR
40070475-0,"CONSTRUCCION AREA VERDE VILLA MIRADOR, LOCALIDAD DE QUEULE, TOLTEN",REGION DE LA ARAUCANIA,TOLTEN,DISEÑO,15768,2026,,,VIVIENDA Y DESARROLLO URBANO,METROS CUADRADOS,645,SECT
40013709-0,"CONSERVACION ESCUELA PUBLICA HORIZONTES Y LOCAL ANEXO, TEODORO SCHMIDT",REGION DE LA ARAUCANIA,TEODORO SCHMIDT,EJECUCION,2450506,2026,,2026-07-15,EDUCACIÓN,METROS CUADRADOS,100,FNDR
40061100-0,"CONSERVACION SISTEMA APR CULLINCO-MALALCHE- ANCAPULLI Y COIPUCO, CHOL CHOL ",REGION DE LA ARAUCANIA,CHOL CHOL,EJECUCION,430526,2026,,,RECURSOS HIDRICOS,NRO. DE ARRANQUES TOTALES,656,SECT
40063338-0,"REPOSICION ESPACIO PÚBLICO LOS ESTEROS, LOCALIDAD DE  CAJÓN, VILCÚN",REGION DE LA ARAUCANIA,VILCUN,DISEÑO,66875,2026,OT,2026-07-01,VIVIENDA Y DESARROLLO URBANO,METROS CUADRADOS,1500,FNDR
40056699-0,"AMPLIACION SISTEMA DE AGUA POTABLE RURAL DE EL SAUCE, VILLARRICA",REGION DE LA ARAUCANIA,VILLARRICA,DISEÑO,172313,2026,RS,2026-05-25,RECURSOS HIDRICOS,NRO. DE ARRANQUES TOTALES,213,FNDR
40032882-0,"CONSTRUCCION CAMARINES  Y GRADERÍAS MODULARES EN CANCHA DE FUTBOL CARHUELLO, PUCON",REGION DE LA ARAUCANIA,PUCON,EJECUCION,84510,2026,,,DEPORTES,METROS CUADRADOS,68,FNDR
30468944-0,CONSTRUCCION PLAN DE CIERRE VERTEDERO ANGOL,REGION DE LA ARAUCANIA,ANGOL,EJECUCION,5764671,2026,RS,2026-07-01,RECURSOS NATURALES Y MEDIO AMBIENTE,METROS CUADRADOS,55200,FNDR
30468944-0,CONSTRUCCION PLAN DE CIERRE VERTEDERO ANGOL,REGION DE LA ARAUCANIA,ANGOL,DISEÑO,148987,2026,RS,2026-01-08,RECURSOS NATURALES Y MEDIO AMBIENTE,METROS CUADRADOS,55200,FNDR
40077325-0,CONSTRUCCION OBRAS LACUSTRES RIBERA LAGO VILLARRICA.,REGION DE LA ARAUCANIA,VILLARRICA,EJECUCION,10309987,2026,,,VIVIENDA Y DESARROLLO URBANO,METROS,1200,SECT
50001878-0,CONSTRUCCION CENTRO COMUNITARIO MANZANAR,REGION DE LA ARAUCANIA,CURACAUTIN,DISEÑO,41500,2026,,,MULTISECTORIAL,METROS CUADRADOS,230,SECT
40082528-0,"CONSTRUCCION DE PAVIMENTOS DE CAUCHO ESCUELA DE PARVULOS SEMILLITA, TEMUCO",REGION DE LA ARAUCANIA,TEMUCO,EJECUCION,24175,2026,,,EDUCACIÓN,METROS CUADRADOS,295,SECT
30095104-0,"MEJORAMIENTO GESTION VIAL AV. OHIGGINS Y DILLMAN BULLOCK, ANGOL",REGION DE LA ARAUCANIA,ANGOL,EJECUCION,33566193,2026,RS,2025-12-09,TRANSPORTE,KILÓMETROS,4,SECT
50001834-0,"CONSTRUCCION Retén Caburgua, comuna de Pucón",REGION DE LA ARAUCANIA,PUCON,DISEÑO,181131,2027,FI,2026-06-01,SEGURIDAD PUBLICA,METROS CUADRADOS,738,SECT
20156148-0,REPOSICION EDIFICIO CONSISTORIAL COMUNA DE TOLTEN,REGION DE LA ARAUCANIA,TOLTEN,EJECUCION,5575724,2026,FI,2026-01-06,MULTISECTORIAL,METROS CUADRADOS,2148,FNDR
40078503-0,"CONSTRUCCION AMPLIACIÓN CEMENTERIO MUNICIPAL, TRAIGUEN",REGION DE LA ARAUCANIA,TRAIGUEN,DISEÑO,50000,2026,,,MULTISECTORIAL,METROS CUADRADOS,2000,FNDR
40078784-0,"HABILITACION DE JUEGO MODULAR PLAZA SAN JOSÉ, CHERQUENCO, VILCÚN",REGION DE LA ARAUCANIA,VILCUN,EJECUCION,17467,2026,,,VIVIENDA Y DESARROLLO URBANO,METROS CUADRADOS,105,FNDR
40080514-0,ADQUISICION DE VEHÍCULO PARA FORTALECER LA RESPUESTA ANTE SITUACIONES DE EMERGENCIA EN LA COMUNA DE VICTORIA,REGION DE LA ARAUCANIA,VICTORIA,EJECUCION,114954,2026,,,SEGURIDAD PUBLICA,UNIDAD,1,FNDR
40026916-0,"CONSTRUCCION SALA CUNA Y JARDÍN INFANTIL QUETROLEUFU, COMUNA DE PUCÓN",REGION DE LA ARAUCANIA,PUCON,DISEÑO,79466,2026,RS,2026-01-21,EDUCACIÓN,METROS CUADRADOS,422,SECT
40081813-0,REPOSICION RX OSTEOPULMoNAR H. LONQUIMAY,REGION DE LA ARAUCANIA,LONQUIMAY,EJECUCION,283022,2026,,,SALUD,UNIDAD,1,FNDR
30485932-0,"MEJORAMIENTO INTEGRAL AERÓDROMO DE VICTORIA, IX REGIÓN.",REGION DE LA ARAUCANIA,VICTORIA,EJECUCION,12827826,2027,RS,2026-08-20,TRANSPORTE,METROS CUADRADOS,74437,SECT
30485932-0,"MEJORAMIENTO INTEGRAL AERÓDROMO DE VICTORIA, IX REGIÓN.",REGION DE LA ARAUCANIA,VICTORIA,EJECUCION,9563513,2026,RS,2026-04-16,TRANSPORTE,METROS CUADRADOS,74437,SECT
40066508-0,"MEJORAMIENTO Y AMPLIACIÓN SSR VILLA CUSACO, NUEVA IMPERIAL, PROV. CAUTIN , REG. ARAUCANÍA ",REGION DE LA ARAUCANIA,NUEVA IMPERIAL,EJECUCION,3253484,2026,,,RECURSOS HIDRICOS,NRO. DE ARRANQUES TOTALES,483,SECT
40063271-0,"REPOSICION CENTRO COMUNITARIO EL ESFUERZO , PUREN",REGION DE LA ARAUCANIA,PUREN,EJECUCION,344937,2026,RS,2025-08-11,VIVIENDA Y DESARROLLO URBANO,METROS CUADRADOS,183,SECT
30135685-0,"REPOSICION  LICEO GREGORIO URRUTIA, GALVARINO",REGION DE LA ARAUCANIA,GALVARINO,DISEÑO,672291,2026,RS,2026-01-07,"EDUCACION, CULTURA Y PATRIMONIO",METROS CUADRADOS,10532,FNDR
40069629-0,"AMPLIACION  SISTEMA APR LOICA PULON, PITRUFQUEN",REGION DE LA ARAUCANIA,PITRUFQUEN,DISEÑO,51859,2026,,,RECURSOS HIDRICOS,NRO. DE ARRANQUES TOTALES,457,SECT
40082444-0,"HABILITACION EMERGENCIA INVERNADEROS Y FORRAJE ANIMALES PARA PEQUEÑOS AGRICULTORES, COMUNA DE",REGION DE LA ARAUCANIA,LOS SAUCES,EJECUCION,33120,2026,,,MULTISECTORIAL,HABITANTE BENEFICIADO,220,FNDR
40078524-0,"MEJORAMIENTO MULTICANCHA POBLACION VILLA ESTADIO, COMUNA DE PURÉN",REGION DE LA ARAUCANIA,PUREN,EJECUCION,122000,2026,,,DEPORTES,METROS CUADRADOS,584,FNDR
40067281-0,"MEJORAMIENTO Y AMPLIACIÓN SSR VILLA CAPRICHO, GALVARINO, PROV. CAUTIN, REG. DE LA ARAUCANÍA ",REGION DE LA ARAUCANIA,GALVARINO,EJECUCION,4994165,2026,,,RECURSOS HIDRICOS,NRO. DE ARRANQUES TOTALES,287,SECT
40082325-0,"ADQUISICION VEHICULO DE PRIMERA RESPUESTA Y GRUPOS ELECTROGENOS PARA APRs, COMUNA TEODORO SCHMIDT",REGION DE LA ARAUCANIA,TEODORO SCHMIDT,EJECUCION,159917,2026,,,MULTISECTORIAL,UNIDAD,7,FNDR
40082709-0,"AMPLIACION SISTEMA DE AGUA POTABLE RURAL EL LINGUE, PUREN",REGION DE LA ARAUCANIA,PUREN,EJECUCION,140747,2026,,,RECURSOS HIDRICOS,METROS,1363,FNDR
40082580-0,"ADQUISICION DE EQUIPOS PARA FORTALECER LA PREPARACIÓN ANTE EMERGENCIAS, NUEVA IMPERIAL",REGION DE LA ARAUCANIA,NUEVA IMPERIAL,EJECUCION,137755,2026,,,MULTISECTORIAL,UNIDAD,3,FNDR
40059379-0,HABILITACION SERVICIO FERROVIARIO DE PASAJEROS ENTRE TEMUCO Y GORBEA,REGION DE LA ARAUCANIA,,EJECUCION,70789740,2026,RS,2025-12-30,TRANSPORTE,KILÓMETROS,45,EMPRE
40074088-0,"MEJORAMIENTO CEMENTERIO INDIGENA PICHI MALLA, VILCÚN",REGION DE LA ARAUCANIA,VILCUN,EJECUCION,33289,2026,,,MULTISECTORIAL,METROS,248,FNDR
40064437-0,"MEJORAMIENTO  SSR PURAQUINA BAJO, PITRUFQUÉN, PROV. CAUTIN, REG. ARAUCANIA",REGION DE LA ARAUCANIA,PITRUFQUEN,EJECUCION,1394331,2026,,,RECURSOS HIDRICOS,NRO. DE ARRANQUES NUEVOS,94,SECT
40018519-0,"REPOSICION ESCUELA RURAL BASICA MOLCO ALTO,  COMUNA DE VILLARRICA.",REGION DE LA ARAUCANIA,VILLARRICA,EJECUCION,5627039,2026,RS,2026-08-21,EDUCACIÓN,METROS CUADRADOS,2410,FNDR
40079167-0,"CONSTRUCCION ELECTRIFICACION RURAL SECTOR LAGUNA JARA, LOLEN Y OTROS, LONQUIMAY",REGION DE LA ARAUCANIA,LONQUIMAY,EJECUCION,1090178,2026,,,ENERGIA,NÚMERO DE EMPALMES,69,FNDR
40040955-0,CONSTRUCCION AREA VERDE CALLE LEON GALLO  SUR COMUNA DE PITRUFQUEN,REGION DE LA ARAUCANIA,PITRUFQUEN,DISEÑO,67787,2026,RS,2026-07-01,VIVIENDA Y DESARROLLO URBANO,METROS CUADRADOS,7351,FNDR
30104345-0,"AMPLIACION RED AGUAS SERVIDAS LABRANZA CENTRO, TEMUCO.",REGION DE LA ARAUCANIA,TEMUCO,EJECUCION,991963,2026,RS,2026-01-12,RECURSOS HIDRICOS,NRO. UNIDADES DOMICILIARIAS,138,FNDR
40005336-0,"REPOSICION CONSULTORIO GENERAL URBANO DE MIRAFLORES, TEMUCO",REGION DE LA ARAUCANIA,TEMUCO,EJECUCION,19411840,2027,RS,2026-06-22,SALUD,METROS CUADRADOS,3573,SECT
40005336-0,"REPOSICION CONSULTORIO GENERAL URBANO DE MIRAFLORES, TEMUCO",REGION DE LA ARAUCANIA,TEMUCO,DISEÑO,185390,2026,RS,2026-03-16,SALUD,METROS CUADRADOS,3573,SECT
40005336-0,"REPOSICION CONSULTORIO GENERAL URBANO DE MIRAFLORES, TEMUCO",REGION DE LA ARAUCANIA,TEMUCO,EJECUCION,19246795,2026,RS,,SALUD,METROS CUADRADOS,3573,SECT
40057747-0,"CONSTRUCCION CIRCUITO CALISTENIA BRISAS DEL LLAIMA 2 DE CAJÓN, VILCÚN",REGION DE LA ARAUCANIA,VILCUN,EJECUCION,25600,2026,,,MULTISECTORIAL,METROS CUADRADOS,180,FNDR
40030969-0,"REPOSICION SISTEMA DE AGUA POTABLE RURAL SANTA JULIA, CURACAUTÍN",REGION DE LA ARAUCANIA,CURACAUTIN,EJECUCION,1091803,2026,RS,2026-08-13,RECURSOS HIDRICOS,NRO. DE ARRANQUES NUEVOS,70,SECT
40077714-0,CONSERVACION CONSERVACION RED VIAL REGION DE LA ARAUCANIA ,REGION DE LA ARAUCANIA,,EJECUCION,18746485,2026,,,TRANSPORTE,METROS,57,SECT
40030148-0,NORMALIZACION ÁREA DE MOVIMIENTO AERÓDROMO LOS CONFINES DE ANGOL,REGION DE LA ARAUCANIA,ANGOL,EJECUCION,7141680,2027,RS,2026-06-10,TRANSPORTE,METROS CUADRADOS,48996,SECT
40030148-0,NORMALIZACION ÁREA DE MOVIMIENTO AERÓDROMO LOS CONFINES DE ANGOL,REGION DE LA ARAUCANIA,ANGOL,EJECUCION,5824997,2026,RS,2026-03-09,TRANSPORTE,METROS CUADRADOS,48996,SECT
40078050-0,"CONSERVACION POSTA SALUD RURAL REDUCCION PAILAHUEQUE, VICTORIA",REGION DE LA ARAUCANIA,VICTORIA,EJECUCION,350000,2026,,,SALUD,METROS CUADRADOS,351,SECT
40081719-0,"ADQUISICION VEHÍCULOS ESPECIALES PDI, REGIÓN DE LA ARAUCANÍA",REGION DE LA ARAUCANIA,,EJECUCION,1100,2027,,,SEGURIDAD PUBLICA,UNIDAD,6,FNDR
40069989-0,"CONSTRUCCION SISTEMA DE ILUMINACION, ESTADIO PAILAHUEQUE, COMUNA DE ERCILLA",REGION DE LA ARAUCANIA,ERCILLA,EJECUCION,179093,2026,,,MULTISECTORIAL,METROS CUADRADOS,13670,FNDR
40077281-0,"CONSTRUCCION AMPLIACION PUNTO LIMPIO, COMUNA DE TRAIGUEN",REGION DE LA ARAUCANIA,TRAIGUEN,EJECUCION,182999,2026,,,RECURSOS NATURALES Y MEDIO AMBIENTE,METROS CUADRADOS,165,FNDR
40062754-0,"ADQUISICION Y REPOSICIÓN DE CAMIONES ALJIBE PARA CONSUMO HUMANO, PURÉN",REGION DE LA ARAUCANIA,PUREN,EJECUCION,258152,2026,,,RECURSOS HIDRICOS,UNIDAD,2,FNDR
40074281-0,"CONSERVACION EDIFICIO DEPARTAMENTO PROVINCIAL DE EDUCACION CAUTIN NORTE Y SUR, TEMUCO",REGION DE LA ARAUCANIA,,EJECUCION,63821,2026,,,EDUCACIÓN,METROS CUADRADOS,1581,SECT
40082472-0,HABILITACION RECUPERACIÓN Y REHABILITACIÓN POR EMERGENCIA HIDROMETEOROLÓGICA EN LA COMUNA DE PADRE LAS CASAS,REGION DE LA ARAUCANIA,PADRE LAS CASAS,EJECUCION,346905,2026,,,MULTISECTORIAL,METROS CUBICOS,14500,FNDR
30485159-0,REPOSICION CAMION ALJIBE COMUNA DE MELIPEUCO,REGION DE LA ARAUCANIA,MELIPEUCO,EJECUCION,124706,2026,,,RECURSOS HIDRICOS,METROS CÚBICOS / AÑO,6753,FNDR
40056892-0,CONSERVACION POR CAMINOS BASICOS PROVINCIA DE CAUTIN 1 2023-2025 BUEN VIVIR,REGION DE LA ARAUCANIA,,EJECUCION,23507441,2026,,2025-12-01,TRANSPORTE,KILÓMETROS,80,SECT
40022689-0,"MEJORAMIENTO PLAZA LA FRONTERA DE CAJÓN, VILCÚN",REGION DE LA ARAUCANIA,VILCUN,EJECUCION,43000,2026,,,MULTISECTORIAL,METROS CUADRADOS,657,FNDR
40082362-0,"ADQUISICION VEHÍCULO Y EQUIPAMIENTO DE PRIMERA RESPUESTA ANTE EMERGENCIAS, COMUNA DE PURÉN",REGION DE LA ARAUCANIA,PUREN,EJECUCION,113645,2026,,,MULTISECTORIAL,UNIDAD,1,FNDR
40027544-0,CONSTRUCCION UNIDAD DE DIALISIS PARA EL HOSPITAL DE VILCUN,REGION DE LA ARAUCANIA,VILCUN,DISEÑO,100630,2026,RS,2026-01-21,SALUD,METROS CUADRADOS,620,SECT
30362077-0,"REPOSICION POSTA DE SALUD RURAL MAICA, COLLIPULLI",REGION DE LA ARAUCANIA,COLLIPULLI,EJECUCION,2091389,2026,RS,2026-01-07,SALUD,METROS CUADRADOS,489,FNDR
30362077-0,"REPOSICION POSTA DE SALUD RURAL MAICA, COLLIPULLI",REGION DE LA ARAUCANIA,COLLIPULLI,EJECUCION,1772357,2027,RS,,SALUD,METROS CUADRADOS,489,FNDR
40071692-0,REPOSICION CANCHA FÚTBOL SAN RAMÓN COMUNA DE PADRE LAS CASAS,REGION DE LA ARAUCANIA,PADRE LAS CASAS,EJECUCION,2257598,2026,,,DEPORTES,METROS CUADRADOS,1624,FNDR
40065845-0,ADQUISICION FURGONES DE TRANSPORTE DEPARTAMENTO DE EDUCACION VICTORIA,REGION DE LA ARAUCANIA,VICTORIA,EJECUCION,208805,2026,,,EDUCACIÓN,UNIDAD,3,FNDR
40075568-0,"MEJORAMIENTO MULTICANCHA POBLACION EL ESFUERZO, COMUNA DE PUREN",REGION DE LA ARAUCANIA,PUREN,EJECUCION,175000,2026,,,MULTISECTORIAL,METROS CUADRADOS,730,FNDR
40061058-0,"CONSTRUCCION SISTEMA DE APR CHOÑI,LEUFUCHE,SAAVEDRA",REGION DE LA ARAUCANIA,SAAVEDRA,FACTIBILIDAD,202836,2026,RS,2026-07-30,RECURSOS HIDRICOS,NRO. DE ARRANQUES NUEVOS,115,FNDR
40061058-0,"CONSTRUCCION SISTEMA DE APR CHOÑI,LEUFUCHE,SAAVEDRA",REGION DE LA ARAUCANIA,SAAVEDRA,PREFACTIBILIDAD,122462,2026,RS,2026-06-17,RECURSOS HIDRICOS,NRO. DE ARRANQUES NUEVOS,115,FNDR
40058642-0,REPOSICION SALA CUNA Y JARDIN INFANTIL WE CHOYUN TRAIGUEN,REGION DE LA ARAUCANIA,TRAIGUEN,DISEÑO,58453,2026,RS,2026-01-19,"EDUCACION, CULTURA Y PATRIMONIO",METROS CUADRADOS,341,SECT
40051702-0,MEJORAMIENTO RUTA S-965 CURARREHUE-PUENTE BASAS,REGION DE LA ARAUCANIA,CURARREHUE,EJECUCION,12037043,2026,RS,2026-08-14,TRANSPORTE,KILÓMETROS,999,FNDR
40051702-0,MEJORAMIENTO RUTA S-965 CURARREHUE-PUENTE BASAS,REGION DE LA ARAUCANIA,CURARREHUE,EJECUCION,12037043,2026,RS,2026-08-14,TRANSPORTE,KILÓMETROS,999,SECT
40063327-0,"CONSERVACION 40 VIVIENDAS TUTELADAS DEL ADULTO MAYOR, ANGOL",REGION DE LA ARAUCANIA,ANGOL,EJECUCION,194254,2026,AD,2025-12-10,VIVIENDA Y DESARROLLO URBANO,UNIDAD,40,SECT
40053710-0,"ADQUISICION Y REPOSICION MAQUINARIA PARA MANTENCION DE RED VIAL, COMUNA DE CUNCO",REGION DE LA ARAUCANIA,CUNCO,EJECUCION,1022693,2026,,,TRANSPORTE,METROS CUADRADOS,6,FNDR
30107046-0,CONSTRUCCION CONEXION VIAL LAGO COLICO-PLAYA BLANCA CABURGUA,REGION DE LA ARAUCANIA,CUNCO,DISEÑO,2938015,2026,RS,2026-05-20,TRANSPORTE,KILÓMETROS,14,SECT
30467604-0,REPOSICION PARQUE ESTADIO MUNICIPAL DE LAUTARO,REGION DE LA ARAUCANIA,LAUTARO,EJECUCION,5782281,2026,FI,2026-01-08,DEPORTES,METROS CUADRADOS,21952,FNDR
40071899-0,"CONSTRUCCION CENTRO COMUNITARIO DEL FOLKLORE, VICTORIA",REGION DE LA ARAUCANIA,VICTORIA,EJECUCION,346415,2026,,,CULTURA Y PATRIMONIO,METROS CUADRADOS,400,FNDR
40075654-0,"CONSTRUCCION SISTEMA DE AGUA POTABLE RURAL AMAZA Y BAYOTORO, VICTORIA ",REGION DE LA ARAUCANIA,VICTORIA,FACTIBILIDAD,178840,2026,FI,2026-05-14,RECURSOS HIDRICOS,NRO. DE ARRANQUES NUEVOS,419,SECT
40070026-0,"ADQUISICION BUS MUNICIPAL, COMUNA DE FREIRE",REGION DE LA ARAUCANIA,FREIRE,EJECUCION,301400,2026,,,EDUCACIÓN,UNIDAD,1,FNDR
40071052-0,"MEJORAMIENTO MULTICANCHA Y ÁREA VERDE LOS ROBLES, PUCÓN",REGION DE LA ARAUCANIA,PUCON,EJECUCION,229490,2026,,,MULTISECTORIAL,METROS CUADRADOS,1258,FNDR
30446872-0,"INSTALACION SISTEMA AGUA POTABLE RURAL HUECHOPUDO, MITARRUCAHUE, RELUN, VILLARRICA",REGION DE LA ARAUCANIA,VILLARRICA,DISEÑO,129322,2026,RS,2026-01-12,RECURSOS HIDRICOS,NRO. DE ARRANQUES NUEVOS,251,FNDR
40076876-0,"ADQUISICION POOL MAQUINARIA PARA PLAN DE VIALIDAD COMUNAL, CURACAUTÍN",REGION DE LA ARAUCANIA,CURACAUTIN,EJECUCION,679285,2026,,,TRANSPORTE,UNIDAD,4,FNDR
40012776-0,ADQUISICION MOTONIVELADORA Y CARGADOR FRONTAL Y REPOSICION MOTONIVELADORA COMUNA DE CHOLCHOL,REGION DE LA ARAUCANIA,CHOL CHOL,EJECUCION,1158670,2026,,,TRANSPORTE,KILÓMETROS,482,FNDR
40068308-0,"MEJORAMIENTO PUTUE BAJO RINCONADA (S731) Y CRUCE RUTA S-91 RINCONADA (S727/S731), VILLARRICA",REGION DE LA ARAUCANIA,VILLARRICA,EJECUCION,9061254,2026,RS,2025-10-02,TRANSPORTE,KILÓMETROS,11,SECT
40069619-0,CONSERVACION GLOBAL RED DE PEQUEÑOS AERODROMOS REGIÓN DE LA ARAUCANÍA,REGION DE LA ARAUCANIA,,EJECUCION,346828,2026,,,TRANSPORTE,METROS CUADRADOS,343611,SECT
30437451-0,REPOSICION EDIFICIO CONSISTORIAL DE LUMACO,REGION DE LA ARAUCANIA,LUMACO,DISEÑO,111834,2026,,,VIVIENDA Y DESARROLLO URBANO,METROS CUADRADOS,1648,FNDR
40059890-0,"CONSTRUCCION PARQUE ECOTURISTICO SALTO DONGUIL, GORBEA ",REGION DE LA ARAUCANIA,GORBEA,DISEÑO,111348,2026,,,VIVIENDA Y DESARROLLO URBANO,METROS CUADRADOS,20000,FNDR
40080224-0,CONSERVACION GLOBAL MIXTA REGION DE LA ARAUCANIA ,REGION DE LA ARAUCANIA,,EJECUCION,47047976,2027,,,TRANSPORTE,KILÓMETROS,250,SECT
40080230-0,CONSERVACION SEGURIDAD VIAL ZONA DE ESCUELA REGION DE LA ARAUCANIA ,REGION DE LA ARAUCANIA,,EJECUCION,409973,2027,,,TRANSPORTE,KILÓMETROS,10,SECT
40080530-0,"CONSTRUCCION REFUGIOS PEATONALES rurales sector este ,COMUNA DE TRAIGUÉN",REGION DE LA ARAUCANIA,TRAIGUEN,EJECUCION,348755,2026,,,MULTISECTORIAL,UNIDAD,30,FNDR
40070477-0,"CONSTRUCCION VEREDAS SECTOR PORTAL QUEULE, TOLTEN",REGION DE LA ARAUCANIA,TOLTEN,DISEÑO,16660,2026,,,VIVIENDA Y DESARROLLO URBANO,METROS,4165,SECT
40061749-0,"MEJORAMIENTO   BARRIO NORORIENTE, COMUNA DE TEODORO SCHMIDT",REGION DE LA ARAUCANIA,TEODORO SCHMIDT,EJECUCION,446453,2026,RS,2026-02-13,VIVIENDA Y DESARROLLO URBANO,METROS CUADRADOS,1,SECT
40071560-0,"CONSTRUCCION CENTRO DE PARADOR TURISTICO PIEDRA BLANCA, LONQUIMAY",REGION DE LA ARAUCANIA,LONQUIMAY,EJECUCION,1237199,2026,,,TURISMO Y COMERCIO,UNIDAD,1,FNDR
40078512-0,CONSERVACION INFRAESTRUCTURA ESCOLAR PUBLICA,REGION DE LA ARAUCANIA,TEMUCO,EJECUCION,515900,2026,,,EDUCACIÓN,METROS CUADRADOS,10113,FNDR
40069141-0,"ADQUISICION RETROEXCAVADORA, COMUNA TEODORO SCHMIDT ",REGION DE LA ARAUCANIA,TEODORO SCHMIDT,EJECUCION,173104,2026,,,TRANSPORTE,UNIDAD,1,FNDR
40075711-0,"MEJORAMIENTO DE CAMINOS COMUNIDAD LORENZO HUENUVIL, ANTONIO CANIU Y SECTOR LA VICTORIA,VILCÚN",REGION DE LA ARAUCANIA,VILCUN,EJECUCION,180000,2026,,,TRANSPORTE,METROS,8700,FNDR
40079035-0,"REPOSICION TRASPORTE DAEM, COMUNA DE GALVARINO",REGION DE LA ARAUCANIA,GALVARINO,EJECUCION,164878,2026,,,EDUCACIÓN,UNIDAD,1,FNDR
30388735-0,MEJORAMIENTO ACCESO NORPONIENTE A PADRE LAS CASAS,REGION DE LA ARAUCANIA,,DISEÑO,1695087,2026,RS,2025-11-21,TRANSPORTE,KILÓMETROS,6,SECT
30479236-0,"REPOSICION Centro Deportivo Y Recreativo Náutico, Comuna de Nueva Imperial",REGION DE LA ARAUCANIA,NUEVA IMPERIAL,DISEÑO,157462,2026,FI,,DEPORTES,METROS CUADRADOS,1863,FNDR
40027952-0,"MEJORAMIENTO SISTEMAS APR, REGIÓN DE LA ARAUCANÍA, GLOSA 05 APR (PREFACT., FACT., DISEÑO)",REGION DE LA ARAUCANIA,,DISEÑO,1443394,2026,,,RECURSOS HIDRICOS,UNIDAD,47,SECT
30480901-0,"REPOSICION TALLER DE MAQUINARIAS DIRECCIÓN DE VIALIDAD PROVINCIA DE CAUTÍN,",REGION DE LA ARAUCANIA,PADRE LAS CASAS,EJECUCION,13896391,2026,RS,2026-06-23,TRANSPORTE,METROS CUADRADOS,3824,SECT
40034171-0,AMPLIACION Y MEJORAMIENTO RUTA 5  TRAMO COLLIPULLI TEMUCO ,REGION DE LA ARAUCANIA,,PREFACTIBILIDAD,2595982,2026,RS,2025-12-22,TRANSPORTE,KILÓMETROS,144,SECT
40055438-0,"REPOSICION POSTA DE SALUD RURAL LEUFUCHE, COMUNA DE CUNCO",REGION DE LA ARAUCANIA,CUNCO,EJECUCION,1461200,2026,OT,,SALUD,METROS CUADRADOS,359,FNDR
20189205-0,"INSTALACION SISTEMA AGUA POTABLE PULLALLAN Y HABILITACIÓN SERVICIO CALOF, SAAVEDRA",REGION DE LA ARAUCANIA,SAAVEDRA,DISEÑO,124590,2026,OT,2026-01-12,RECURSOS HIDRICOS,NRO. DE ARRANQUES TOTALES,239,FNDR
40044429-0,"REPOSICION LICEO BICENTENARIO MARTIN KLEINKNECHT, TOLTEN.",REGION DE LA ARAUCANIA,,DISEÑO,298405,2026,FI,,"EDUCACION, CULTURA Y PATRIMONIO",METROS CUADRADOS,4171,SECT
30187622-0,MEJORAMIENTO INTEGRAL PLAZA DE PAILAHUEQUE - ERCILLA,REGION DE LA ARAUCANIA,ERCILLA,EJECUCION,2328911,2026,RS,2026-01-13,VIVIENDA Y DESARROLLO URBANO,METROS CUADRADOS,12557,FNDR
40069579-0,"CONSTRUCCION SISTEMA DE AGUAS LLUVIAS POCHOCHINGUE, ANGOL",REGION DE LA ARAUCANIA,ANGOL,DISEÑO,414101,2026,,,RECURSOS HIDRICOS,METROS,4000,SECT
40072517-0,"MEJORAMIENTO PISCINA PARQUE SANTA LUCÍA, COLLIPULLI",REGION DE LA ARAUCANIA,COLLIPULLI,EJECUCION,347710,2026,,,VIVIENDA Y DESARROLLO URBANO,METROS CUADRADOS,1,FNDR
40039879-0,MEJORAMIENTO PLAZA DE ARMAS RENAICO,REGION DE LA ARAUCANIA,RENAICO,EJECUCION,1062945,2026,RS,2026-05-05,VIVIENDA Y DESARROLLO URBANO,METROS CUADRADOS,5850,FNDR
40062985-0,"REPOSICION CIERRE PERIMETRAL,INSTALACION JUEGOS INFANTILES Y SEGURIDAD PEATONAL,LONQUIMAY",REGION DE LA ARAUCANIA,LONQUIMAY,EJECUCION,82500,2026,,,MULTISECTORIAL,METROS,230,FNDR
40070800-0,"CONSTRUCCION CANCHA DE FUTBOLITO CON PASTO SINTÉTICO EL BOSQUE, COLLIPULLI",REGION DE LA ARAUCANIA,COLLIPULLI,EJECUCION,202000,2026,,,DEPORTES,METROS CUADRADOS,1575,FNDR
30072828-0,"REPOSICION PARCIAL LICEO DOMINGO SANTA MARIA, RENAICO",REGION DE LA ARAUCANIA,RENAICO,EJECUCION,19368137,2026,RS,2026-01-06,"EDUCACION, CULTURA Y PATRIMONIO",METROS CUADRADOS,4415,FNDR
40000086-0,"CONSTRUCCION SISTEMA DE AGUA POTABLE RURAL BOQUIPULLI ALTO Y BAJO, VILLARRICA",REGION DE LA ARAUCANIA,VILLARRICA,DISEÑO,183079,2026,RS,2026-05-20,RECURSOS HIDRICOS,NRO. DE ARRANQUES TOTALES,110,FNDR
40075471-0,"ADQUISICION DE DOS VEHICULOS ESCOLARES PARA EDUCACION, COMUNA DE PUREN",REGION DE LA ARAUCANIA,PUREN,EJECUCION,147536,2026,,,EDUCACIÓN,UNIDAD,1,FNDR
40021530-0,"REPOSICION SIST. EVAC. DE AGUAS LLUVIAS CALLE ESCALA ENTRE RODRIGUEZ Y COSTANERA, LAUTARO",REGION DE LA ARAUCANIA,LAUTARO,EJECUCION,410453,2026,RS,,RECURSOS HIDRICOS,METROS,560,FNDR
40054263-0,"CONSTRUCCION PARQUE URBANO MELIPEUCO, comuna de melipeuco",REGION DE LA ARAUCANIA,MELIPEUCO,FACTIBILIDAD,170393,2026,OT,2026-08-11,VIVIENDA Y DESARROLLO URBANO,METROS CUADRADOS,25421,SECT
40068635-0,CONSERVACION EMBARCADEROS LAGO BUDI SAAVEDRA,REGION DE LA ARAUCANIA,SAAVEDRA,EJECUCION,1003432,2026,RS,2025-08-25,TRANSPORTE,UNIDAD,4,SECT
40061886-0,"ADQUISICION VEHICULOS ACCESIBILIDAD UNIVERSAL, COMUNA DE PADRE LAS CASAS",REGION DE LA ARAUCANIA,PADRE LAS CASAS,EJECUCION,415027,2026,,,TRANSPORTE,UNIDAD,2,FNDR
40069589-0,"CONSERVACION SISTEMA SANITARIO HUENTELAR, CHOL CHOL ",REGION DE LA ARAUCANIA,CHOL CHOL,EJECUCION,531531,2026,,,RECURSOS HIDRICOS,NRO. DE ARRANQUES TOTALES,120,SECT
40059748-0,"CONSTRUCCION COLEGIO BICENTENARIO ARAUCANÍA, VILLARRICA",REGION DE LA ARAUCANIA,VILLARRICA,DISEÑO,627890,2026,,,EDUCACIÓN,METROS CUADRADOS,8150,FNDR
40070851-0,"CONSTRUCCION SEDE SOCIAL COMUNIDAD INDIGENA DOMINGO BIZARRO, NUEVA IMPERIAL",REGION DE LA ARAUCANIA,NUEVA IMPERIAL,EJECUCION,95280,2026,,,VIVIENDA Y DESARROLLO URBANO,METROS CUADRADOS,73,FNDR
40019507-0,"MEJORAMIENTO CIERRE PERIMETRAL ESTADIO RADAL, LOCALIDAD DE RADAL, COMUNA DE FREIRE",REGION DE LA ARAUCANIA,FREIRE,EJECUCION,36000,2026,,,DEPORTES,UNIDAD,630,FNDR
40070954-0,"CONSTRUCCION CUBIERTA CANCHA DE TENIS, PADRE LAS CASAS",REGION DE LA ARAUCANIA,PADRE LAS CASAS,EJECUCION,190000,2026,,,DEPORTES,METROS CUADRADOS,675,FNDR
40035350-0,"INSTALACION SISTEMA AGUA POTABLE RURAL MOLCO QUEPE, PADRE LAS CASAS",REGION DE LA ARAUCANIA,PADRE LAS CASAS,EJECUCION,2293085,2026,RS,2025-11-11,RECURSOS HIDRICOS,NRO. DE ARRANQUES TOTALES,207,SECT
40069575-0,"ADQUISICION AMBULANCIAS Y CAMIONETAS 4X4 Y REPOSICION DE AMBULANCIA, COMUNA DE CHOLCHOL",REGION DE LA ARAUCANIA,CHOL CHOL,EJECUCION,356870,2026,,,SALUD,UNIDAD,6,FNDR
30106226-0,CONSERVACION GLOBAL MIXTO CAMINOS RED VIAL IX REGION 2011-2015,REGION DE LA ARAUCANIA,,EJECUCION,15614185,2026,,,TRANSPORTE,KILÓMETROS,1000,SECT
30104304-0,CONSTRUCCION EDIFICIO CONSISTORIAL COMUNA DE CARAHUE,REGION DE LA ARAUCANIA,CARAHUE,DISEÑO,355809,2027,,,VIVIENDA Y DESARROLLO URBANO,HABITANTE BENEFICIADO,25696,FNDR
30112914-0,CONSTRUCCION SEDE COMUNITARIA ASOCIACION DE DIABETICOS DE LAUTARO,REGION DE LA ARAUCANIA,LAUTARO,EJECUCION,31659,2027,,,MULTISECTORIAL,METROS CUADRADOS,123,FNDR
30112914-0,CONSTRUCCION SEDE COMUNITARIA ASOCIACION DE DIABETICOS DE LAUTARO,REGION DE LA ARAUCANIA,LAUTARO,EJECUCION,31659,2026,,,MULTISECTORIAL,METROS CUADRADOS,123,FNDR
30487151-0,"CONSTRUCCION SONDAJE  ABAST. AGUA ESCUELA Y POSTA EL LIUCO, GORBEA",REGION DE LA ARAUCANIA,GORBEA,EJECUCION,42583,2026,,,RECURSOS HIDRICOS,METROS,50,FNDR
30352173-0,"REPOSICION CENTRO SALUD FAMILIAR METODISTA (MILLARAY), TEMUCO",REGION DE LA ARAUCANIA,TEMUCO,EJECUCION,7639407,2026,RS,2026-01-07,SALUD,METROS,3261,FNDR
30486970-0,"REPOSICION CUARTEL 5° COMPAÑÍA DE BOMBEROS SELVA OSCURA, VICTORIA",REGION DE LA ARAUCANIA,VICTORIA,EJECUCION,1685612,2026,,,SEGURIDAD PUBLICA,METROS CUADRADOS,420,FNDR
30327173-0,"CONSTRUCCION INFRAESTRUCTURAS SANITARIAS VILLA NUEVA ESPERANZA, LOS LAURELES, CUNCO",REGION DE LA ARAUCANIA,CUNCO,EJECUCION,834299,2026,RS,2026-01-12,VIVIENDA Y DESARROLLO URBANO,NRO. UNIDADES DOMICILIARIAS,65,FNDR
30080600-0,"MEJORAMIENTO RUTA S-422 PTO.SAAVEDRA - EL ALMA - EL TEMO,  SAAVEDRA",REGION DE LA ARAUCANIA,SAAVEDRA,EJECUCION,11291731,2026,RS,2026-01-06,TRANSPORTE,KILÓMETROS,19,FNDR
40080213-0,"CONSERVACION AREAS EXTERIORES ESCUELA PUBLICA ANTONIO LADINO, SAAVEDRA.",REGION DE LA ARAUCANIA,,EJECUCION,215137,2026,,,EDUCACIÓN,METROS CUADRADOS,5897,SECT
40059806-0,REPOSICION COMPLEJO EDUCACIONAL MELIPEUCO,REGION DE LA ARAUCANIA,MELIPEUCO,DISEÑO,531230,2026,FI,,EDUCACIÓN,METROS CUADRADOS,5000,FNDR
40080306-0,"ADQUISICION ADQUISICION DE UNA CLINICA DENTAL MOVIL, PARA LA COMUNA DE CHOLCHOL",REGION DE LA ARAUCANIA,CHOL CHOL,EJECUCION,600000,2026,,,SALUD,UNIDAD,1,FNDR
40077621-0,"MEJORAMIENTO SEÑALIZACION Y SEGURIDAD PEATONAL, COMUNA DE LOS SAUCES ",REGION DE LA ARAUCANIA,LOS SAUCES,EJECUCION,110965,2026,,,TRANSPORTE,UNIDAD,292,FNDR
40075149-0,"CONSTRUCCION DESVÍO NUEVA LAS VIÑAS, REGIÓN DE LA ARAUCANÍA",REGION DE LA ARAUCANIA,,EJECUCION,3457712,2026,OT,2026-06-16,TRANSPORTE,UNIDAD,1,EMPRE
40038018-0,"CONSTRUCCION PILETA CENTRAL PLAZA DE ARMAS, COMUNA DE ERCILLA",REGION DE LA ARAUCANIA,ERCILLA,EJECUCION,99000,2026,,,VIVIENDA Y DESARROLLO URBANO,METROS CUADRADOS,180,FNDR
40002724-0,CONSERVACION GLOBAL RED VIAL REGION DE LA ARAUCANIA AÑOS 2019-2021,REGION DE LA ARAUCANIA,,EJECUCION,976568,2026,,,TRANSPORTE,KILÓMETROS,100,SECT
40051592-0,"CONSTRUCCION PAVIMENTOS PARTICIPATIVOS, 33 PROCESO, REGIÓN DE LA ARAUCANÍA",REGION DE LA ARAUCANIA,,EJECUCION,12789163,2026,RS,2026-01-09,TRANSPORTE,KILÓMETROS,44,FNDR
40070772-0,AMPLIACION SISTEMA SANITARIO RURAL CHANCO CORTE ALTO COMUNA DE PITRUFQUEN,REGION DE LA ARAUCANIA,PITRUFQUEN,DISEÑO,57238,2026,,,RECURSOS HIDRICOS,NRO. DE ARRANQUES TOTALES,257,FNDR
40010192-0,"ADQUISICION DE VEHICULO ADAPTADO CON ACCESIBILIDAD UNIVERSAL, COMUNA DE FREIRE",REGION DE LA ARAUCANIA,FREIRE,EJECUCION,91868,2026,,,SALUD,UNIDAD,1,FNDR
40080882-0,"CONSERVACION SSR IPINCO, COMUNA DE PURÉN",REGION DE LA ARAUCANIA,PUREN,EJECUCION,1369612,2026,,,RECURSOS HIDRICOS,NRO. DE ARRANQUES TOTALES,98,SECT
40070099-0,"MEJORAMIENTO DE CAMINOS VECINALES, SECTOR ISLA HUAPI, COMUNA SAAVEDRA",REGION DE LA ARAUCANIA,SAAVEDRA,EJECUCION,135000,2026,,,TRANSPORTE,METROS,2600,FNDR
40082117-0,CONSTRUCCION CENTRO COMUNITARIO COMUNIDAD INDIGENA SANTIAGO CALFUAL ,REGION DE LA ARAUCANIA,CURARREHUE,EJECUCION,159600,2026,,,MULTISECTORIAL,METROS CUADRADOS,81,FNDR
40063275-0,"CONSTRUCCION PLAZA EL BOSQUE, PUREN",REGION DE LA ARAUCANIA,PUREN,EJECUCION,284580,2026,,,VIVIENDA Y DESARROLLO URBANO,METROS CUADRADOS,1252,SECT
40080338-0,"CONSTRUCCION DE INFRAESTRUCTURA DE APOYO A LA SEGURIDAD VIAL Y TRANSPORTE PUBLICO, COMUNA DE FREIRE",REGION DE LA ARAUCANIA,FREIRE,EJECUCION,249908,2027,,,TRANSPORTE,METROS CUADRADOS,2277,FNDR
40070145-0,CONSERVACION GLOBAL MIXTA CAMINOS RED VIAL REGION DE LA ARAUCANIA,REGION DE LA ARAUCANIA,,EJECUCION,61861320,2026,AD,2025-12-01,TRANSPORTE,KILÓMETROS,1573,SECT
40080475-0,"CONSTRUCCION REFUGIOS PEATONALes urbanos, COMUNA DE ANGOL",REGION DE LA ARAUCANIA,ANGOL,EJECUCION,150,2026,,,TRANSPORTE,UNIDAD,15,FNDR
40061102-0,"CONSERVACION SISTEMA APR LEUFULAFQUEN, TOLTEN ",REGION DE LA ARAUCANIA,TOLTEN,EJECUCION,676542,2026,,,RECURSOS HIDRICOS,NRO. DE ARRANQUES TOTALES,700,SECT
40050900-0,"AMPLIACION SISTEMA AGUA POTABLE METREÑEHUE, PUCÓN",REGION DE LA ARAUCANIA,PUCON,DISEÑO,188164,2026,FI,2026-07-03,RECURSOS HIDRICOS,NRO. DE ARRANQUES NUEVOS,170,FNDR
40069576-0,"ADQUISICION EXCAVADORA, RODILLO, TRACTOR DESBROZADOR Y ALZA HOMBRE, COMUNA DE CHOLCHOL",REGION DE LA ARAUCANIA,CHOL CHOL,EJECUCION,733314,2026,,,TRANSPORTE,UNIDAD,4,FNDR
40024422-0,"MEJORAMIENTO BARRIO SANTA ANA, COMUNA DE LAUTARO",REGION DE LA ARAUCANIA,LAUTARO,EJECUCION,616723,2026,RS,2026-04-01,VIVIENDA Y DESARROLLO URBANO,METROS CUADRADOS,1990,SECT
30460846-0,CONSTRUCCION PARQUE COSTANERA NUEVA IMPERIAL,REGION DE LA ARAUCANIA,NUEVA IMPERIAL,DISEÑO,185735,2026,FI,,VIVIENDA Y DESARROLLO URBANO,METROS CUADRADOS,50000,FNDR
40069283-0,"CONSERVACION CANCHA SINTETICA ESTADIO SALINAS, GORBEA.",REGION DE LA ARAUCANIA,GORBEA,EJECUCION,360850,2026,,,DEPORTES,METROS CUADRADOS,6700,FNDR
40070850-0,"CONSTRUCCION MULTICANCHA Y HABILITACION DE ESPACIO RECREATIVO PORTAL QUEULE, COMUNA DE TOLTÉN",REGION DE LA ARAUCANIA,TOLTEN,EJECUCION,229602,2026,,,VIVIENDA Y DESARROLLO URBANO,METROS CUADRADOS,3200,FNDR
40021418-0,MEJORAMIENTO RIPIO RUTA R-791; SECTOR: PTE CONTRACO-TROYO-LONQUIMAY (FIN PAV EXISTENTE) ,REGION DE LA ARAUCANIA,LONQUIMAY,DISEÑO,1532593,2026,RS,2025-12-05,TRANSPORTE,METROS CUADRADOS,901,SECT
40079312-0,"CONSTRUCCION ELECTRIFICACION RURAL COMUNIDAD MIGUEL HUENTELEN, COLLIPULLI",REGION DE LA ARAUCANIA,COLLIPULLI,EJECUCION,702114,2026,,,ENERGIA,NÚMERO DE EMPALMES,59,FNDR
40080646-0,CONSTRUCCION DE EQUIPAMIENTO VIAL Y DEMARCACION  EN DIVERSAS CALLES DE PITRUFQUEN,REGION DE LA ARAUCANIA,PITRUFQUEN,EJECUCION,348557,2026,,,TRANSPORTE,UNIDAD,485,FNDR
30363439-0,"CONSTRUCCION ELECTRIFICACION RURAL  FREIRE 1, RAYIN Y OTROS",REGION DE LA ARAUCANIA,FREIRE,EJECUCION,263081,2026,FI,2026-01-09,ENERGIA,NÚMERO DE EMPALMES,36,FNDR
40079361-0,"CONSERVACION REGADIO LOS GALPONES SECTOR COMUY, PITRUFQUEN",REGION DE LA ARAUCANIA,,EJECUCION,341170,2026,,,RECURSOS HIDRICOS,HECTAREA,7000,SECT
40078762-0,"MEJORAMIENTO ESTADIO MUNICIPAL, COMUNA DE LONQUIMAY",REGION DE LA ARAUCANIA,LONQUIMAY,EJECUCION,136140,2026,,,DEPORTES,METROS CUADRADOS,9443,FNDR
40017277-0,"MEJORAMIENTO RUTA S-192, GALVARINO - RUCATRARO, TRAMO DM 0 A DM 12",REGION DE LA ARAUCANIA,GALVARINO,EJECUCION,9750649,2026,RS,2025-12-22,TRANSPORTE,KILÓMETROS,12,SECT
40070827-0,"CONSTRUCCION SISTEMA DE ILUMINACION, ESTADIO PIDIMA, COMUNA DE ERCILLA",REGION DE LA ARAUCANIA,ERCILLA,EJECUCION,179972,2026,,,DEPORTES,METROS CUADRADOS,13050,FNDR
40071498-0,ADQUISICION DE EQUIPAMIENTO PARA LA SEGURIDAD CIUDADANA EN NUEVA IMPERIAL,REGION DE LA ARAUCANIA,NUEVA IMPERIAL,EJECUCION,1899489,2026,,,SEGURIDAD PUBLICA,UNIDAD,50,FNDR
40066228-0,ADQUISICION CARROBOMBA FORESTAL 5A CIA BOMBEROS PILLANLELBUN,REGION DE LA ARAUCANIA,LAUTARO,EJECUCION,429721,2026,,,SEGURIDAD PUBLICA,UNIDAD,1,FNDR
40072649-0,HABILITACION SALA DE ANGIÓGRAFO BIPLANO PARA EL HOSPITAL HHA DE TEMUCO,REGION DE LA ARAUCANIA,,EJECUCION,2215268,2026,,,SALUD,UNIDAD,1,FNDR
40026303-0,"CONSERVACION ESCUELA SANTA MARÍA DE BOROA, COMUNA DE NUEVA IMPERIAL.",REGION DE LA ARAUCANIA,NUEVA IMPERIAL,EJECUCION,700639,2026,,2026-01-12,EDUCACIÓN,METROS CUADRADOS,1710,SECT
40059148-0,CONSERVACION OFICINAS EDIFICIO PRINCIPAL DIRECCIÓN DE OBRAS HIDRAULICAS  ARAUCANIA,REGION DE LA ARAUCANIA,TEMUCO,EJECUCION,1213418,2026,AD,2025-11-14,MULTISECTORIAL,METROS CUADRADOS,550,SECT
40055698-0,"CONSERVACION SISTEMA APR NEICUF - POCULON - SALTAPURA, COMUNA T. SCHMIDT",REGION DE LA ARAUCANIA,TEODORO SCHMIDT,EJECUCION,3185153,2026,,,RECURSOS HIDRICOS,NRO. DE ARRANQUES TOTALES,571,FNDR
40025823-0,"CONSTRUCCION DE NICHOS Y MEJORAMIENTO DE ACCESO CEMENTERIO, CUNCO",REGION DE LA ARAUCANIA,CUNCO,EJECUCION,37000,2026,,,VIVIENDA Y DESARROLLO URBANO,METROS CUADRADOS,211,FNDR
40038862-0,"REPOSICION ESTADIO MUNICIPAL, NUEVA IMPERIAL",REGION DE LA ARAUCANIA,NUEVA IMPERIAL,DISEÑO,171887,2026,,,DEPORTES,METROS CUADRADOS,20000,FNDR
30137226-0,REPOSICION CUARTEL UNDÉCIMA COMPAÑÍA DE BOMBEROS CAJÓN,REGION DE LA ARAUCANIA,VILCUN,EJECUCION,2570234,2026,,2026-03-23,SEGURIDAD PUBLICA,METROS CUADRADOS,449,FNDR
40051415-0,"HABILITACION DE SONDAJE SISTEMA DE AGUA POTABLE RURAL RAYENCO AFUNALHUE, VILLARRICA",REGION DE LA ARAUCANIA,VILLARRICA,EJECUCION,815631,2026,RS,2026-02-25,RECURSOS HIDRICOS,NRO. DE ARRANQUES TOTALES,203,SECT
40062588-0,REPOSICION DE VEHICULOS PARA TRANSPORTE ESCOLAR RURAL EN LA COMUNA DE CURARREHUE,REGION DE LA ARAUCANIA,CURARREHUE,EJECUCION,217857,2026,,,EDUCACIÓN,UNIDAD,2,FNDR
30137818-0,"CONSTRUCCION CUARTEL TERCERA COMPAÑIA BOMBEROS, PUCON",REGION DE LA ARAUCANIA,PUCON,EJECUCION,2952914,2027,RS,,SEGURIDAD PUBLICA,METROS CUADRADOS,782,FNDR
30137818-0,"CONSTRUCCION CUARTEL TERCERA COMPAÑIA BOMBEROS, PUCON",REGION DE LA ARAUCANIA,PUCON,EJECUCION,3100950,2026,RS,2026-01-07,SEGURIDAD PUBLICA,METROS CUADRADOS,782,FNDR
40059660-0,CONSERVACION POR CAMINOS BASICOS PROVINCIA DE CAUTIN 3 2025-2027  BUEN VIVIR ,REGION DE LA ARAUCANIA,,EJECUCION,15150503,2026,AD,2025-11-22,TRANSPORTE,KILÓMETROS,37,SECT
30483167-0,REPOSICION PUENTE MALLECO Y ACCESOS EN RUTA R-152 ANGOL,REGION DE LA ARAUCANIA,ANGOL,EJECUCION,14845398,2026,RS,2025-11-21,TRANSPORTE,METROS,125,SECT
40015848-0,"CONSTRUCCION POSTA SALUD RURAL REPOCURA, CHOL CHOL",REGION DE LA ARAUCANIA,CHOL CHOL,DISEÑO,69850,2026,RE,2026-01-08,SALUD,METROS CUADRADOS,286,FNDR
40018977-0,"REPOSICION MERCADO  MUNICIPAL, VICTORIA",REGION DE LA ARAUCANIA,VICTORIA,DISEÑO,355000,2026,OT,2026-07-31,TURISMO Y COMERCIO,METROS CUADRADOS,3289,FNDR
40074013-0,"REPOSICION VEREDA E INSTALACIÓN DE LUMINARIA CALLE ESPERANZA, HUALPIN, COMUNA T. SCHMIDT",REGION DE LA ARAUCANIA,TEODORO SCHMIDT,EJECUCION,198386,2026,,,VIVIENDA Y DESARROLLO URBANO,METROS CUADRADOS,1377,SECT
40074030-0,"ADQUISICION  DE RETROEXCAVADORA, COMUNA DE TRAIGUÉN.",REGION DE LA ARAUCANIA,TRAIGUEN,EJECUCION,124351,2026,,,TRANSPORTE,UNIDAD,1,FNDR
40062787-0,"REPOSICION Y REUBICACION CUARTEL 3RA. COMPAÑIA DE BOMBEROS, VICTORIA",REGION DE LA ARAUCANIA,VICTORIA,DISEÑO,136220,2026,,,SEGURIDAD PUBLICA,METROS CUADRADOS,420,FNDR
40069220-0,"CONSERVACION CAMINOS VECINALES SECTOR CURACO TRAÑITRAÑI , COMUNA DE CHOLCHOL",REGION DE LA ARAUCANIA,CHOL CHOL,EJECUCION,150000,2026,,,TRANSPORTE,KILÓMETROS,22,FNDR
40061099-0,"MEJORAMIENTO y ampliacion SISTEMA APR CHAMICHACO, ERCILLA ",REGION DE LA ARAUCANIA,ERCILLA,EJECUCION,2500300,2027,,,RECURSOS HIDRICOS,NRO. DE ARRANQUES TOTALES,87,SECT
40074760-0,"CONSTRUCCION SISTEMA DE AGUA POTABLE RURAL COLLICO, Y SECTOR LUMACO, LONCOCHE",REGION DE LA ARAUCANIA,LONCOCHE,EJECUCION,4518524,2026,RS,2026-05-14,RECURSOS HIDRICOS,METROS CUADRADOS,302,SECT
40064630-0,"CONSERVACION SISTEMA DE RIEGO CANAL BOQUIHUE, REGIÓN DE LA ARAUCANÍA 2024-2025",REGION DE LA ARAUCANIA,,EJECUCION,1056168,2026,AD,2025-12-01,RECURSOS HIDRICOS,METROS,10300,SECT
40074214-0,"MEJORAMIENTO ESPACIO PUBLICO VILLA EL ESFUERZO, ERCILLA",REGION DE LA ARAUCANIA,ERCILLA,DISEÑO,60126,2027,OT,2026-06-04,VIVIENDA Y DESARROLLO URBANO,METROS CUADRADOS,3815,SECT
30097841-0,MEJORAMIENTO ACCESIBILIDAD AL MAR PARA PESCA ARTESANAL - SAAVEDRA,REGION DE LA ARAUCANIA,SAAVEDRA,FACTIBILIDAD,1595409,2026,RS,2025-11-28,PESCA,METROS CUADRADOS,4100000,SECT
40030677-0,CONSERVACION GLOBAL MIXTA CAMINOS RED VIAL REGION DE LA ARAUCANIA 2022-2026,REGION DE LA ARAUCANIA,,EJECUCION,74310384,2026,,,TRANSPORTE,KILÓMETROS,1000,SECT
40032131-0,MEJORAMIENTO INTERCONEXIÓN ORIENTE TEMUCO PADRE LAS CASAS,REGION DE LA ARAUCANIA,,PREFACTIBILIDAD,552727,2026,RS,2025-12-09,TRANSPORTE,KILÓMETROS,8,SECT
40082431-0,"ADQUISICION VEHÍCULO PARA PRIMERA RESPUESTA, COMUNA DE MELIPEUCO",REGION DE LA ARAUCANIA,MELIPEUCO,EJECUCION,184760,2026,,,SEGURIDAD PUBLICA,UNIDAD,1,FNDR
40067281-0,"MEJORAMIENTO Y AMPLIACIÓN SSR VILLA CAPRICHO, GALVARINO, PROV. CAUTIN, REG. DE LA ARAUCANÍA ",REGION DE LA ARAUCANIA,GALVARINO,EJECUCION,4994165,2026,,,RECURSOS HIDRICOS,NRO. DE ARRANQUES NUEVOS,251,SECT
30119003-0,"REPOSICION ESCUELA MUNICIPAL SAN JUAN DE AILLINCO, GALVARINO",REGION DE LA ARAUCANIA,GALVARINO,EJECUCION,8559849,2026,RS,2026-01-22,EDUCACIÓN,METROS CUADRADOS,2424,SECT
30119003-0,"REPOSICION ESCUELA MUNICIPAL SAN JUAN DE AILLINCO, GALVARINO",REGION DE LA ARAUCANIA,GALVARINO,EJECUCION,8559849,2026,RS,2026-01-22,EDUCACIÓN,METROS CUADRADOS,2424,FNDR
40070781-0,CONSTRUCCION REDUCTORES DE VELOCIDAD DIVERSOS SECTORES DE LA COMUNA DE TEMUCO,REGION DE LA ARAUCANIA,TEMUCO,EJECUCION,130508,2026,,,TRANSPORTE,UNIDAD,149,FNDR
30483649-0,"MEJORAMIENTO CALLE BUNSTER ENTRE CALLE ALEMANIA Y CALLE ISABEL RIQUELME, ANGOL",REGION DE LA ARAUCANIA,ANGOL,EJECUCION,1411714,2026,RS,2026-08-13,TRANSPORTE,METROS,651,FNDR
30483649-0,"MEJORAMIENTO CALLE BUNSTER ENTRE CALLE ALEMANIA Y CALLE ISABEL RIQUELME, ANGOL",REGION DE LA ARAUCANIA,ANGOL,EJECUCION,1226934,2027,RS,,TRANSPORTE,METROS,651,FNDR
20178141-0,"INSTALACION SISTEMA AGUA POTABLE RURAL CHIVILCOYAN, IMPERIAL",REGION DE LA ARAUCANIA,NUEVA IMPERIAL,EJECUCION,6970302,2026,OT,2026-01-12,RECURSOS HIDRICOS,NRO. DE ARRANQUES TOTALES,263,FNDR
40079944-0,"CONSTRUCCION HITO FUNDACIONAL RESCATANDO HISTORIA, COMUNA DE LOS SAUCES ",REGION DE LA ARAUCANIA,LOS SAUCES,DISEÑO,10000,2026,,,CULTURA Y PATRIMONIO,UNIDAD,1,SECT
40081324-0,"CONSTRUCCION ELECTRIFICACION RURAL SECTOR ÑIRRIMAPU 2, PADRE LAS CASAS",REGION DE LA ARAUCANIA,PADRE LAS CASAS,EJECUCION,159449,2026,,,ENERGIA,NÚMERO DE EMPALMES,29,FNDR
40082630-0,"HABILITACION VIAL Y AYUDAS TEMPRANAS, COMUNA DE SAAVEDRA",REGION DE LA ARAUCANIA,SAAVEDRA,EJECUCION,191230,2026,,,MULTISECTORIAL,HABITANTE BENEFICIADO,2330,FNDR
40082711-0,"ADQUISICION VEHÍCULO Y EQUIPO ELECTROGENO PARA EMERGENCIAS, COMUNA DE ANGOL",REGION DE LA ARAUCANIA,ANGOL,EJECUCION,125773,2026,,,MULTISECTORIAL,UNIDAD,2,FNDR
40078607-0,"CONSERVACION  ESCUELA DARIO SALAS,PADRE LAS CASAS",REGION DE LA ARAUCANIA,PADRE LAS CASAS,EJECUCION,48078,2026,,,EDUCACIÓN,METROS CUADRADOS,84,SECT
40082295-0,CONSERVACION RUTINARIA AERÓDROMO PUCÓN ,REGION DE LA ARAUCANIA,PUCON,EJECUCION,347328,2026,,,TRANSPORTE,METROS CUADRADOS,244080,SECT
40076893-0,"CONSERVACION DE RIBERAS CON GAVIONES EN ESTERO ICALMA, SECTOR ICALMA, COMUNA DE LONQUIMAY",REGION DE LA ARAUCANIA,,EJECUCION,309300,2026,,,RECURSOS HIDRICOS,METROS CUBICOS,750,SECT
40032091-0,HABILITACION CENTRO DE INTERPRETACION DEL PATRIMONIO NATURAL Y CULTURAL COMUNA DE CURACAUTIN,REGION DE LA ARAUCANIA,CURACAUTIN,DISEÑO,197339,2026,,,CULTURA Y PATRIMONIO,METROS CUADRADOS,3500,FNDR
40076626-0,"REPOSICION CAMION RECOLECTOR RSD,  GALVARINO",REGION DE LA ARAUCANIA,GALVARINO,EJECUCION,199800,2027,,,RECURSOS NATURALES Y MEDIO AMBIENTE,UNIDAD,1,FNDR
40080298-0,"REPOSICION PARADEROS URBANOS Y REFUGIOS PEATONALES, COMUNA DE ERCILLA",REGION DE LA ARAUCANIA,ERCILLA,EJECUCION,348005,2026,,,TRANSPORTE,METROS CUADRADOS,200,FNDR
30485334-0,"REPOSICION BANDEJONES AVDA. GREGORIO URRUTIA, CURACAUTIN",REGION DE LA ARAUCANIA,CURACAUTIN,EJECUCION,1506289,2026,,,VIVIENDA Y DESARROLLO URBANO,METROS CUADRADOS,7000,FNDR
40068458-0,"REPOSICION GIMNASIO MUNICIPAL ARTISTICO RITMICO, TEMUCO",REGION DE LA ARAUCANIA,TEMUCO,EJECUCION,14770184,2026,FI,2026-07-15,DEPORTES,METROS CUADRADOS,4171,MUNIC
40070583-0,"CONSTRUCCION BAÑOS, GRADERIAS Y REPOSICION CASETA DEL JURADO EN MEDIALUNA, COMUNA DE GORBEA",REGION DE LA ARAUCANIA,GORBEA,EJECUCION,190000,2026,,,DEPORTES,METROS CUADRADOS,161,FNDR
40082230-0,"ADQUISICION DE VEHICULO ADAPTADO CON ACCESIBILIDAD UNIVERSAL, COMUNA DE TRAIGUÉN",REGION DE LA ARAUCANIA,TRAIGUEN,EJECUCION,110522,2026,,,SALUD,UNIDAD,1,FNDR
40071385-0,"CONSERVACION POSTA MALALCHE, COMUNA DE CHOLCHOL",REGION DE LA ARAUCANIA,CHOL CHOL,EJECUCION,721699,2026,,,SALUD,METROS CUADRADOS,150,FNDR
40080289-0,"HABILITACION E INSTALACIÓN ILUMINACION SOLAR REFUGIOS PEATONALES RURALES, PADRE LAS CASAS",REGION DE LA ARAUCANIA,PADRE LAS CASAS,EJECUCION,300510,2026,,,ENERGIA,UNIDAD,32,FNDR
40080920-0,"ADQUISICION VEHICULO DE RESPUESTA A EMERGENCIAS, COMUNA DE TEODORO SCHMIDT",REGION DE LA ARAUCANIA,TEODORO SCHMIDT,EJECUCION,114954,2026,,,MULTISECTORIAL,UNIDAD,1,FNDR
40082709-0,"AMPLIACION SISTEMA DE AGUA POTABLE RURAL EL LINGUE, PUREN",REGION DE LA ARAUCANIA,PUREN,EJECUCION,140747,2026,,,RECURSOS HIDRICOS,NRO. DE ARRANQUES NUEVOS,14,FNDR
30119015-0,"REPOSICION  ESCUELA MANZANAR, COMUNA DE LUMACO",REGION DE LA ARAUCANIA,LUMACO,EJECUCION,6031458,2026,RS,2026-01-22,"EDUCACION, CULTURA Y PATRIMONIO",METROS CUADRADOS,1515,SECT
30119015-0,"REPOSICION  ESCUELA MANZANAR, COMUNA DE LUMACO",REGION DE LA ARAUCANIA,LUMACO,EJECUCION,6031458,2026,RS,2026-01-22,"EDUCACION, CULTURA Y PATRIMONIO",METROS CUADRADOS,1515,FNDR
40064762-0,CONSERVACION DIVERSOS CAMINOS RURALES SECTOR CHANCO PONIENTE COMUNA DE PITRUFQUEN,REGION DE LA ARAUCANIA,PITRUFQUEN,EJECUCION,90552,2026,,,TRANSPORTE,METROS,1658,FNDR
40073590-0,"CONSERVACION CAMINOS VECINALES SECTOR SUR PONIENTE, NVA. IMPERIAL",REGION DE LA ARAUCANIA,NUEVA IMPERIAL,EJECUCION,266417,2026,,,TRANSPORTE,METROS,7638,FNDR
30433475-0,REPOSICION POSTA SALUD RURAL ANIÑIR- TRAIGUEN,REGION DE LA ARAUCANIA,TRAIGUEN,EJECUCION,1205937,2026,RS,2026-01-08,SALUD,METROS CUADRADOS,396,FNDR
40050822-0,"CONSTRUCCION ELECTRIFICACION RURAL SECTOR EX FUNDO BRASIL - VEGA REDONDA, VILCUN",REGION DE LA ARAUCANIA,VILCUN,EJECUCION,105757,2026,RS,2026-01-09,ENERGIA,NÚMERO DE EMPALMES,37,FNDR
40070460-0,"CONSTRUCCION SEMAFORIZACIÓN SERRANO-MANUEL RODRÍGUEZ-RUTA CH 181, CURACAUTÍN",REGION DE LA ARAUCANIA,CURACAUTIN,EJECUCION,151470,2026,,,TRANSPORTE,UNIDAD,1,FNDR
40056687-0,"MEJORAMIENTO RUTA S-781 COLLICO HUINCACARA, VILLARRICA ",REGION DE LA ARAUCANIA,VILLARRICA,EJECUCION,9684016,2026,RS,2026-01-30,TRANSPORTE,KILÓMETROS,10,FNDR
40056687-0,"MEJORAMIENTO RUTA S-781 COLLICO HUINCACARA, VILLARRICA ",REGION DE LA ARAUCANIA,VILLARRICA,EJECUCION,9684016,2026,RS,2026-01-30,TRANSPORTE,KILÓMETROS,10,SECT
30112007-0,CONSTRUCCION TERMINAL DE BUSES RURAL E INTERURBANO DE PUERTO SAAVEDRA,REGION DE LA ARAUCANIA,SAAVEDRA,DISEÑO,219616,2026,FI,2026-01-13,TRANSPORTE,METROS CUADRADOS,532,FNDR
40082678-0,"ADQUISICION ADQUISICIÓN DE ALIMENTACIÓN ANIMAL, MEDICAMENTOS E INSUMOS VETERINARIOS Y MATERI",REGION DE LA ARAUCANIA,LUMACO,EJECUCION,107000000,2026,,,MULTISECTORIAL,HABITANTE BENEFICIADO,118,FNDR
40075578-0,"REPOSICION de EQUIPOS DE MANTENCION DE RED DE CAMINOS VECINALES, COMUNA NUEVA IMPERIAL",REGION DE LA ARAUCANIA,NUEVA IMPERIAL,EJECUCION,842520,2026,,,TRANSPORTE,UNIDAD,6,FNDR
40081396-0,"ADQUISICION DE VEHÍCULO DE PRIMERA INTERVENCIÓN PARA EMERGENCIA, COMUNA DE MELIPEUCO",REGION DE LA ARAUCANIA,MELIPEUCO,EJECUCION,196255,2026,,,SEGURIDAD PUBLICA,UNIDAD,1,FNDR
40079200-0,"CONSTRUCCION Y REPOSICIÓN DE GARITAS, RUTA S-69, CH-199, S-91, S-95-T Y CHAURA, VILLARRICA",REGION DE LA ARAUCANIA,VILLARRICA,EJECUCION,285298,2026,,,TRANSPORTE,UNIDAD,28,FNDR
40069623-0,"CONSERVACION SISTEMA SANITARIO RURAL TRAWENCO, GALVARINO ",REGION DE LA ARAUCANIA,GALVARINO,EJECUCION,531531,2026,,,RECURSOS HIDRICOS,NRO. DE ARRANQUES TOTALES,198,SECT
40059968-0,MEJORAMIENTO SERVICIO FERROVIARIO DE PASAJEROS EN LA REGIÓN DE LA ARAUCANÍA,REGION DE LA ARAUCANIA,,DISEÑO,4465667,2026,RS,2025-12-23,TRANSPORTE,KILÓMETROS,50,EMPRE
40076928-0,"HABILITACION CENTRO DE APOYO INTEGRAL COMUNITARIO PARA PERSONAS CON DOLOR CRONICO, COMUNA DE TEMUCO",REGION DE LA ARAUCANIA,,EJECUCION,123720,2026,,,SALUD,METROS CUADRADOS,20,SECT
30486614-0,CONSTRUCCION DE PUNTOS LIMPIOS EN LA REGIÓN DE LA ARAUCANÍA,REGION DE LA ARAUCANIA,,EJECUCION,3508218,2026,RS,,RECURSOS NATURALES Y MEDIO AMBIENTE,HABITANTE BENEFICIADO,118713,FNDR
40074264-0,"MEJORAMIENTO MEJORAMIENTO PLAZA ARMAS, COMUNA DE LAUTARO",REGION DE LA ARAUCANIA,LAUTARO,EJECUCION,1124717,2026,,,VIVIENDA Y DESARROLLO URBANO,METROS CUADRADOS,10000,SECT
40009707-0,"MEJORAMIENTO CAMINOS BÁSICOS INTERMEDIOS SUR Y OESTE, REGIÓN DE LA ARAUCANÍA",REGION DE LA ARAUCANIA,,DISEÑO,494638,2026,RS,2025-11-19,TRANSPORTE,KILÓMETROS,90,SECT
40009707-0,"MEJORAMIENTO CAMINOS BÁSICOS INTERMEDIOS SUR Y OESTE, REGIÓN DE LA ARAUCANÍA",REGION DE LA ARAUCANIA,,DISEÑO,494638,2026,RS,2025-11-19,TRANSPORTE,KILÓMETROS,90,FNDR
40075913-0,"CONSERVACION ESCUELA PRESBÍTERO JOSÉ AGUSTÍN GÓMEZ, COMUNA DE GORBEA",REGION DE LA ARAUCANIA,GORBEA,EJECUCION,15464,2026,,,EDUCACIÓN,METROS CUADRADOS,29,SECT
40063001-0,ADQUISICION DRAGA Y POOL DE MAQUINARIA MANTENCION VIAL COMUNA DE NUEVA IMPERIAL,REGION DE LA ARAUCANIA,NUEVA IMPERIAL,EJECUCION,1367054,2026,,,TRANSPORTE,UNIDAD,3,FNDR
40031493-0,"REPOSICION PUENTE PUYEHUE, LASTARRIA, COMUNA DE GORBEA",REGION DE LA ARAUCANIA,GORBEA,DISEÑO,91013,2026,RS,2025-12-09,TRANSPORTE,METROS CUADRADOS,562,SECT
30341126-0,MEJORAMIENTO Y REPOSICION PARCIAL COMPLEJO EDUC. MONS. FCO. VALDES SUBERCASEAUX CURARREHUE.,REGION DE LA ARAUCANIA,CURARREHUE,DISEÑO,378513,2027,,,"EDUCACION, CULTURA Y PATRIMONIO",METROS CUADRADOS,7861,FNDR
40071375-0,"REPOSICION POSTA HUAMAQUI, COMUNA DE CHOLCHOL",REGION DE LA ARAUCANIA,CHOL CHOL,EJECUCION,721699,2026,,,SALUD,METROS CUADRADOS,150,FNDR
40069607-0,"CONSERVACION SISTEMA SANITARIO RURAL CHACAICO, ERCILLA ",REGION DE LA ARAUCANIA,ERCILLA,EJECUCION,694717,2026,,,RECURSOS HIDRICOS,NRO. DE ARRANQUES TOTALES,65,SECT
40021358-0,"CONSTRUCCION CANCHA DE PASTO SINTETICO Y EQUIPAMIENTO SECTOR BOYECO, PUREN ",REGION DE LA ARAUCANIA,PUREN,EJECUCION,92458,2026,,,DEPORTES,METROS CUADRADOS,1303,FNDR
40031256-0,"MEJORAMIENTO CENTRO DE HOSPEDAJE DE CAMPO DE DEPORTES ÑIELOL, TEMUCO",REGION DE LA ARAUCANIA,TEMUCO,EJECUCION,822538,2026,FI,2026-06-24,MULTISECTORIAL,METROS CUADRADOS,635,SECT
40048295-0,"MEJORAMIENTO BARRIO TOLTEN SUR,  COMUNA DE TOLTEN",REGION DE LA ARAUCANIA,TOLTEN,EJECUCION,745695,2026,RS,2025-12-04,VIVIENDA Y DESARROLLO URBANO,METROS CUADRADOS,2000,SECT
40059332-0,"CONSERVACION PARQUE ISLA CAUTÍN, TEMUCO",REGION DE LA ARAUCANIA,TEMUCO,EJECUCION,2899570,2026,,2026-01-13,VIVIENDA Y DESARROLLO URBANO,METROS CUADRADOS,270000,SECT
40059332-0,"CONSERVACION PARQUE ISLA CAUTÍN, TEMUCO",REGION DE LA ARAUCANIA,TEMUCO,EJECUCION,2899570,2026,,2026-01-13,VIVIENDA Y DESARROLLO URBANO,METROS CUADRADOS,270000,MUNIC
40032011-0,"MEJORAMIENTO SISTEMA SANITARIO RURAL PUA,  VICTORIA, COM. DE MALLECO, REG. DE LA ARAUCANÍA ",REGION DE LA ARAUCANIA,VICTORIA,EJECUCION,778966,2026,,,RECURSOS HIDRICOS,NRO. DE ARRANQUES TOTALES,318,SECT
40021154-0,"CONSERVACION CANAL ALLIPEN, COMUNA DE FREIRE, REGION DE LA ARAUCANIA",REGION DE LA ARAUCANIA,FREIRE,EJECUCION,3559158,2026,,,RECURSOS HIDRICOS,HECTAREA,1000,SECT
40004734-0,AMPLIACION JARDÍN INFANTIL AYUN ANTÚ,REGION DE LA ARAUCANIA,PUCON,EJECUCION,116403,2026,,,"EDUCACION, CULTURA Y PATRIMONIO",METROS CUADRADOS,200,SECT
40068949-0,"MEJORAMIENTO DEL ESPACIO PUBLICO CALLE LOS SAUCES SECTOR HUILQUE, COMUNA DE SAAVEDRA",REGION DE LA ARAUCANIA,SAAVEDRA,EJECUCION,105000,2026,,,MULTISECTORIAL,METROS CUADRADOS,432,FNDR
30376489-0,CONSTRUCCION BIBLIOTECA REGIONAL DE LA ARAUCANIA,REGION DE LA ARAUCANIA,TEMUCO,EJECUCION,21664455,2026,RS,2026-01-05,CULTURA Y PATRIMONIO,METROS CUADRADOS,6234,FNDR
30376489-0,CONSTRUCCION BIBLIOTECA REGIONAL DE LA ARAUCANIA,REGION DE LA ARAUCANIA,TEMUCO,EJECUCION,21664455,2026,RS,2026-01-05,CULTURA Y PATRIMONIO,METROS CUADRADOS,6234,SECT
40059860-0,"CONSTRUCCION COSTANERA AMANECER, ENTRE CALLE LAS QUILAS Y AV. SAN SEBASTIAN, TEMUCO",REGION DE LA ARAUCANIA,TEMUCO,DISEÑO,659626,2026,RS,2026-08-12,TRANSPORTE,KILÓMETROS,8,SECT
40024416-0,"MEJORAMIENTO BARRIO RENACER DE GUACOLDA, COMUNA DE TRAIGUEN",REGION DE LA ARAUCANIA,TRAIGUEN,EJECUCION,603644,2026,,,VIVIENDA Y DESARROLLO URBANO,METROS CUADRADOS,1000,SECT
30112980-0,MEJORAMIENTO CALLE 3 PONIENTE ENTRE 1 NORTE Y LOS CONQUISTADORES-TCO,REGION DE LA ARAUCANIA,TEMUCO,EJECUCION,1087883,2026,RS,2026-08-19,TRANSPORTE,METROS,344,FNDR
40080776-0,ADQUISICION  VEHÍCULO DE EMERGENCIAS EN LA COMUNA DE PITRUFQUEN,REGION DE LA ARAUCANIA,PITRUFQUEN,EJECUCION,114954,2026,,,SEGURIDAD PUBLICA,UNIDAD,1,FNDR
40082474-0,"ADQUISICION GENERADORES, EQUIPAMIENTO Y VEHÍCULO PRIMERA RESPUESTA ANTE EMERGENCIAS, Comuna de Villarrica",REGION DE LA ARAUCANIA,VILLARRICA,EJECUCION,123639,2026,,,MULTISECTORIAL,UNIDAD,3,FNDR
40069146-0,"CONSTRUCCION CONEXIÓN VIAL, RUTA S-638, S-644 Y S/R, SECTOR PORMA-PUNTA RIEL, TEODORO SCHMIDT",REGION DE LA ARAUCANIA,TEODORO SCHMIDT,DISEÑO,1271203,2026,RS,2026-07-13,TRANSPORTE,KILÓMETROS,21,SECT
40082411-0,"HABILITACION DE CONECTIVIDAD RURAL E INFRAESTRUCTURA PRODUCTIVA POR EMERGENCIA CLIMATICA, VICTORIA",REGION DE LA ARAUCANIA,VICTORIA,EJECUCION,346245,2026,,,MULTISECTORIAL,METROS CUBICOS,10980,FNDR
30002745-0,"CONSTRUCCION SISTEMA DE REGADIO LAS VERTIENTES - PUA, REGION DE LA ARAUCANIA",REGION DE LA ARAUCANIA,,FACTIBILIDAD,2488516,2026,RS,2025-11-28,RECURSOS HIDRICOS,HECTAREA,8000,SECT
40063256-0,CONSTRUCCION COLECTOR Y PLANTA DE TRATAMIENTO DE AGUAS SERVIDAS DE CATRIPULLI,REGION DE LA ARAUCANIA,CURARREHUE,DISEÑO,329157,2026,,,RECURSOS HIDRICOS,NRO. UNIDADES DOMICILIARIAS,305,FNDR
40020186-0,"MEJORAMIENTO CBI INSPECTOR FERNÁNDEZ - LAGUNA MALLECO S: PUENTE COLO-V.  OHIGGINS, VICTORIA",REGION DE LA ARAUCANIA,VICTORIA,EJECUCION,10211515,2026,RS,2026-08-17,TRANSPORTE,KILÓMETROS,13,SECT
40019910-0,AMPLIACION Y MEJORAMIENTO  AERÓDROMO DE PUCÓN,REGION DE LA ARAUCANIA,PUCON,DISEÑO,1691726,2026,RS,2025-11-19,TRANSPORTE,METROS CUADRADOS,2817,SECT
40006966-0,"REPOSICION ESCUELA ERICO HORNUNG, COLLIPULLI",REGION DE LA ARAUCANIA,COLLIPULLI,EJECUCION,4707272,2026,FI,2026-01-12,"EDUCACION, CULTURA Y PATRIMONIO",METROS CUADRADOS,1249,FNDR
30410576-0,"AMPLIACION  Y NORMALIZACIÓN PABELLONES QUIRÚRGICOS, HHHA DE TEMUCO",REGION DE LA ARAUCANIA,TEMUCO,EJECUCION,43457685,2026,RS,2026-01-21,SALUD,METROS CUADRADOS,4871,SECT
40061046-0,"INSTALACION INSTALACIÓN SISTEMA DE APR HUIÑOCO, LONCOCHE",REGION DE LA ARAUCANIA,LONCOCHE,PREFACTIBILIDAD,234057,2026,,,RECURSOS HIDRICOS,NRO. DE ARRANQUES TOTALES,150,SECT
40038219-0,"CONSTRUCCION SALA DE PROCESOS COMUNITARIA, COMUNA DE PERQUENCO",REGION DE LA ARAUCANIA,PERQUENCO,EJECUCION,265930,2026,,,TURISMO Y COMERCIO,METROS CUADRADOS,140,FNDR
40005794-0,"REPOSICION ESCUELA NICOLAS PEREZ, COLLIPULLI",REGION DE LA ARAUCANIA,COLLIPULLI,EJECUCION,7045830,2027,RS,2026-08-27,"EDUCACION, CULTURA Y PATRIMONIO",METROS CUADRADOS,3249,FNDR
40005794-0,"REPOSICION ESCUELA NICOLAS PEREZ, COLLIPULLI",REGION DE LA ARAUCANIA,COLLIPULLI,EJECUCION,7045830,2026,RS,,"EDUCACION, CULTURA Y PATRIMONIO",METROS CUADRADOS,3249,FNDR
40056664-0,"CONSTRUCCION COSAM NODO LACUSTRE, COMUNA PUCÓN",REGION DE LA ARAUCANIA,PUCON,EJECUCION,8324501,2026,RS,2026-01-21,SALUD,METROS CUADRADOS,1963,SECT
30005793-0,"REPOSICION PLAZA ARTURO PRAT DE PUERTO SAAVEDRA, COMUNA DE SAAVEDRA",REGION DE LA ARAUCANIA,SAAVEDRA,EJECUCION,3325366,2026,FI,,VIVIENDA Y DESARROLLO URBANO,METROS CUADRADOS,10261,FNDR
40069627-0,"CONSERVACION SISTEMA SANITARIO RURAL MANZANARES, CURACAUTIN",REGION DE LA ARAUCANIA,CURACAUTIN,EJECUCION,531531,2026,,,RECURSOS HIDRICOS,NRO. DE ARRANQUES TOTALES,143,SECT
40074028-0,"MEJORAMIENTO SISTEMA APR HUILIO, AMPLIACIÓN A SECTOR SUR, FREIRE  ",REGION DE LA ARAUCANIA,FREIRE,EJECUCION,5893834,2026,,,RECURSOS HIDRICOS,NRO. DE ARRANQUES TOTALES,93,SECT
40070898-0,"REPOSICION PUENTE CARIMAN ENTRE HUGOLINO LILLO Y RUTA S95 T, LICAN RAY , VILLARRICA",REGION DE LA ARAUCANIA,VILLARRICA,DISEÑO,322700,2026,,,TRANSPORTE,METROS CUADRADOS,1,SECT
40062947-0,CONSTRUCCION CANCHA SINTETICA CLUB DEPORTIVO CENTRO CULTURAL PILLANLELBUN,REGION DE LA ARAUCANIA,LAUTARO,EJECUCION,859444,2026,,,DEPORTES,METROS CUADRADOS,8000,FNDR
40070128-0,CONSERVACION RED VIAL ADMINISTRACION DIRECTA REGION DE LA ARAUCANÍA,REGION DE LA ARAUCANIA,,EJECUCION,13759748,2026,AD,2025-12-03,TRANSPORTE,KILÓMETROS,5612,SECT
40080627-0,"CONSTRUCCION PARADERO DE BUSES INTERURBANO, COMUNA DE GORBEA",REGION DE LA ARAUCANIA,GORBEA,EJECUCION,335583,2026,,,TRANSPORTE,METROS CUADRADOS,450,FNDR
40036351-0,"CONSERVACION DE CAMINOS VECINALES DEL SECTOR RURAL, COMUNA DE CUNCO",REGION DE LA ARAUCANIA,CUNCO,EJECUCION,159000,2026,,,TRANSPORTE,METROS,6220,FNDR
40037085-0,"CONSERVACION CAMINO VECINAL CALLEJON LOS PINOS, SECTOR SANTA ADELA CUNCO",REGION DE LA ARAUCANIA,CUNCO,EJECUCION,51000,2026,,,TRANSPORTE,METROS,1630,FNDR
40020466-0,"CONSERVACION ESCUELA PUBLICA ALEJANDRO GOROSTIAGA ORREGO, COMUNA DE NUEVA IMPERIAL.",REGION DE LA ARAUCANIA,,EJECUCION,4890092,2026,,,EDUCACIÓN,METROS CUADRADOS,6655,SECT
40024106-0,REPOSICION PLAZA DE ARMAS  LICAN-RAY,REGION DE LA ARAUCANIA,VILLARRICA,DISEÑO,79189,2026,,,VIVIENDA Y DESARROLLO URBANO,METROS CUADRADOS,12204,SECT
40027537-0,CONSTRUCCION UNIDAD DE DIALISIS PARA EL HOSPITAL DE CARAHUE,REGION DE LA ARAUCANIA,CARAHUE,DISEÑO,182984,2026,RS,2026-01-12,SALUD,METROS CUADRADOS,450,FNDR
30363426-0,"CONSTRUCCION ELECTRIFICACION RURAL SECTOR QUILQUIHUENCO, LINCO ORIENTE Y OTROS, COLLIPULlI",REGION DE LA ARAUCANIA,COLLIPULLI,EJECUCION,569509,2026,FI,,ENERGIA,NÚMERO DE EMPALMES,44,FNDR
40076155-0,"CONSERVACION ESCUELA EDUARDO FREI MONTALVA, PERQUENCO",REGION DE LA ARAUCANIA,PERQUENCO,EJECUCION,9529,2026,,,EDUCACIÓN,METROS CUADRADOS,40,SECT
40046091-0,"INSTALACION AGUA POTABLE PELEHUITO, NAPAÑIR, SAUCE HUACHO, SAUCE HUACHO RINCON, LOS SAUCES",REGION DE LA ARAUCANIA,LOS SAUCES,PREFACTIBILIDAD,121749,2026,RS,2026-08-17,RECURSOS HIDRICOS,NRO. DE ARRANQUES NUEVOS,114,FNDR
40035979-0,"CONSTRUCCION DE SALA CUNA Y JARDIN INFANTIL LUCIANO FARIÑA, TEMUCO",REGION DE LA ARAUCANIA,TEMUCO,DISEÑO,50029,2026,RS,2026-01-19,"EDUCACION, CULTURA Y PATRIMONIO",METROS CUADRADOS,468,SECT
40035979-0,"CONSTRUCCION DE SALA CUNA Y JARDIN INFANTIL LUCIANO FARIÑA, TEMUCO",REGION DE LA ARAUCANIA,TEMUCO,EJECUCION,1619256,2026,RS,2026-08-12,"EDUCACION, CULTURA Y PATRIMONIO",METROS CUADRADOS,468,SECT
30484568-0,"CONSTRUCCION CIRCUITO LINEAL URBANO (FAJA EFE), ANGOL",REGION DE LA ARAUCANIA,ANGOL,EJECUCION,12752743,2026,FI,2026-01-13,VIVIENDA Y DESARROLLO URBANO,METROS CUADRADOS,84605,FNDR
40048251-0,REPOSICION Y ADQUISICIÓN SISTEMA RADIOCOMUNICACIONES GENDARMERÍA REGIÓN DE LA ARAUCANÍA,REGION DE LA ARAUCANIA,,EJECUCION,4257063,2026,,,JUSTICIA,METROS CUADRADOS,79806,FNDR
40020287-0,CONSERVACION GLOBAL MIXTA CAMINOS RED VIAL REGION DE LA ARAUCANIA 2021,REGION DE LA ARAUCANIA,,EJECUCION,43236241,2026,,,TRANSPORTE,KILÓMETROS,1000,SECT
40070714-0,"MEJORAMIENTO MULTICANCHA POBLACION  21 DE MAYO, COMUNA DE PUREN",REGION DE LA ARAUCANIA,PUREN,EJECUCION,116000,2026,,,DEPORTES,METROS CUADRADOS,616,FNDR
40005723-0,"MEJORAMIENTO AV. PABLO NERUDA Y SIMON BOLIVAR / IMPERIAL, TEMUCO",REGION DE LA ARAUCANIA,TEMUCO,EJECUCION,30404423,2026,RS,2026-01-22,TRANSPORTE,METROS,3279,SECT
40069596-0,"CONSERVACION SISTEMA SANITARIO RURAL AGUA TENDIDA, CARAHUE",REGION DE LA ARAUCANIA,CARAHUE,EJECUCION,531222,2026,,,RECURSOS HIDRICOS,NRO. DE ARRANQUES TOTALES,110,SECT
40071219-0,"CONSTRUCCION SEÑALETICAS TURISTICAS GEOPARQUE KUTRALKURA, COMUNA DE CURARREHUE",REGION DE LA ARAUCANIA,CURARREHUE,EJECUCION,100000,2026,,,TURISMO Y COMERCIO,UNIDAD,51,FNDR
40066723-0,"REPOSICION Y AMPLIACIÓN APR SECTOR EL LIUCO, COMUNA DE GORBEA",REGION DE LA ARAUCANIA,GORBEA,DISEÑO,161145,2026,,,RECURSOS HIDRICOS,NRO. DE ARRANQUES TOTALES,100,FNDR
40058042-0,CONSTRUCCION COSAM COMUNA DE ANGOL,REGION DE LA ARAUCANIA,ANGOL,DISEÑO,131464,2026,FI,2026-07-08,SALUD,METROS CUADRADOS,1753,FNDR
40071415-0,"ADQUISICION CAMION RSD Y CONTENEDORES, COMUNA LOS SAUCES ",REGION DE LA ARAUCANIA,LOS SAUCES,EJECUCION,333020,2026,,,MULTISECTORIAL,UNIDAD,2,FNDR
40064818-0,REPOSICION AMBULANCIA PARA TRASLADO DE USUARIOS DEL CENTRO DE SALUD FAMILIAR DE CURARREHUE,REGION DE LA ARAUCANIA,CURARREHUE,EJECUCION,127141,2026,,,SALUD,UNIDAD,1,FNDR
40061906-0,"CONSTRUCCION PLAZA DE ACCESO LUMACO, COMUNA DE LUMACO",REGION DE LA ARAUCANIA,LUMACO,EJECUCION,212507,2026,,,TURISMO Y COMERCIO,METROS CUADRADOS,1500,FNDR
40069585-0,CONSTRUCCION CONTROL ALUVIONAL QUEBRADAS DE QUEULE,REGION DE LA ARAUCANIA,TOLTEN,PREFACTIBILIDAD,515655,2026,,,RECURSOS HIDRICOS,HABITANTE BENEFICIADO,850,SECT
30084551-0,NORMALIZACION CESFAM CONSULTORIO GENERAL DE TROVOLHUE,REGION DE LA ARAUCANIA,CARAHUE,EJECUCION,9343719,2026,RS,2026-01-06,SALUD,METROS CUADRADOS,2689,FNDR
40024541-0,"MEJORAMIENTO BARRIO PABLO NERUDA, COMUNA DE COLLIPULLI",REGION DE LA ARAUCANIA,COLLIPULLI,EJECUCION,773022,2026,RS,2025-12-19,VIVIENDA Y DESARROLLO URBANO,METROS CUADRADOS,1302,SECT
40075905-0,"MEJORAMIENTO CAMINO  RURAL MARTINEZ DE ROSAS - LOS COIGUES, FREIRE",REGION DE LA ARAUCANIA,FREIRE,EJECUCION,7067014,2026,RS,2025-12-29,TRANSPORTE,KILÓMETROS,9,SECT
40057567-0,"MEJORAMIENTO CAMINO MEMBRILLO ALTO CON DTS, MELIPEUCO",REGION DE LA ARAUCANIA,MELIPEUCO,EJECUCION,160000,2026,,,TRANSPORTE,METROS CUADRADOS,11875,FNDR
40076163-0,"CONSERVACION ESCUELA HEROES DE IQUIQUE, COMUNA DE VICTORIA",REGION DE LA ARAUCANIA,VICTORIA,EJECUCION,12649,2026,,,EDUCACIÓN,METROS CUADRADOS,17,SECT
40039741-0,NORMALIZACION AREA DE MOVIMIENTO AERODROMO LA ARAUCANIA,REGION DE LA ARAUCANIA,FREIRE,DISEÑO,715005,2026,RS,2025-11-18,TRANSPORTE,METROS CUADRADOS,280000,SECT
40057833-0,"MEJORAMIENTO COMPLEJO MEDIA LUNA, VICTORIA",REGION DE LA ARAUCANIA,VICTORIA,EJECUCION,177500,2026,,,DEPORTES,METROS CUADRADOS,3135,FNDR
40039423-0,"CONSTRUCCION INFRAESTRUCTURA SANITARIA CHESQUE, BILBAO Y LOS NOTROS, LONCOCHE",REGION DE LA ARAUCANIA,LONCOCHE,EJECUCION,1972021,2026,RS,2026-01-12,VIVIENDA Y DESARROLLO URBANO,NÚMERO DE SOLUCIONES,158,FNDR
40069602-0,"CONSERVACION SERVICIO SANITARIO RURAL MELIPEUCO, MELIPEUCO ",REGION DE LA ARAUCANIA,MELIPEUCO,EJECUCION,590556,2026,,,RECURSOS HIDRICOS,NRO. DE ARRANQUES TOTALES,1600,SECT
40046654-0,CONSERVACION  RED VIAL PROVINCIA DE CAUTIN 2023-2025,REGION DE LA ARAUCANIA,,EJECUCION,7974970,2026,,,TRANSPORTE,KILÓMETROS,1,SECT
40055058-0,MEJORAMIENTO CBI VILCUN CODAHUE VEGA REDONDA,REGION DE LA ARAUCANIA,VILCUN,EJECUCION,4709071,2026,RS,2025-11-26,TRANSPORTE,KILÓMETROS,9,SECT
40055058-0,MEJORAMIENTO CBI VILCUN CODAHUE VEGA REDONDA,REGION DE LA ARAUCANIA,VILCUN,EJECUCION,4709071,2026,RS,2025-11-26,TRANSPORTE,KILÓMETROS,9,FNDR
40072395-0,CONSERVACION RED SECUNDARIA DE AGUAS LLUVIAS ARAUCANÍA 2026-2027,REGION DE LA ARAUCANIA,,EJECUCION,619466,2026,RS,2026-04-09,RECURSOS HIDRICOS,METROS,13000,SECT
40062985-0,"REPOSICION CIERRE PERIMETRAL,INSTALACION JUEGOS INFANTILES Y SEGURIDAD PEATONAL,LONQUIMAY",REGION DE LA ARAUCANIA,LONQUIMAY,EJECUCION,82500,2026,,,MULTISECTORIAL,METROS CUADRADOS,201,FNDR
40071603-0,"REPOSICION CALLE IMPERIAL, ENTRE AV. CAUPOLICÃ_x0081_N Y CARRERA, TEMUCO",REGION DE LA ARAUCANIA,TEMUCO,EJECUCION,678987,2026,RS,2025-11-06,TRANSPORTE,METROS CUADRADOS,686,SECT
40063000-0,ADQUISICION VEHÍCULOS DE SEGURIDAD CIUDADANA COMUNA DE NUEVA IMPERIAL,REGION DE LA ARAUCANIA,NUEVA IMPERIAL,EJECUCION,50973,2026,,,SEGURIDAD PUBLICA,UNIDAD,1,FNDR
30458978-0,MEJORAMIENTO CAMINO ALMAGRO- TEODORO SCHMIDT,REGION DE LA ARAUCANIA,TEODORO SCHMIDT,EJECUCION,61530809,2026,RS,2025-11-20,TRANSPORTE,KILÓMETROS,35,SECT
40062950-0,"MEJORAMIENTO AVDA. SAN MARTIN Y OHIGGINS ENTRE AVDA. G. MISTARL Y CALLE PHILIPPI, TEMUCO",REGION DE LA ARAUCANIA,TEMUCO,EJECUCION,25876316,2027,FI,,TRANSPORTE,KILÓMETROS,1,SECT
40073977-0,"MEJORAMIENTO PLAZA DE ARMAS, COMUNA DE VILLARRICA",REGION DE LA ARAUCANIA,VILLARRICA,EJECUCION,188178,2026,,,VIVIENDA Y DESARROLLO URBANO,METROS CUADRADOS,4800,FNDR
20059863-0,"INSTALACION APR GUADABA(S), NAHUELVE, PIVADENCO, NININCO, OTROS, LOS SAUCES",REGION DE LA ARAUCANIA,LOS SAUCES,PREFACTIBILIDAD,204875,2026,RE,2026-08-12,RECURSOS HIDRICOS,NRO. DE ARRANQUES TOTALES,369,FNDR
40047310-0,"CONSTRUCCION CICLOVIAS AV. BALMACEDA, AV. LAS ENCINAS Y AV. CAUPOLICAN, TEMUCO",REGION DE LA ARAUCANIA,TEMUCO,EJECUCION,3231055,2026,RS,2025-12-05,TRANSPORTE,METROS,2360,SECT
40059722-0,"CONSTRUCCION REDUCTORES DE VELOCIDAD Y DEMARCACION VIAL SECTOR SAN ANTONIO, LONCOCHE",REGION DE LA ARAUCANIA,LONCOCHE,EJECUCION,23895,2026,,,TRANSPORTE,UNIDAD,14,FNDR
40074282-0,"CONSTRUCCION PASEO PEATONAL CALLE URRUTIA, COMUNA DE PERQUENCO",REGION DE LA ARAUCANIA,PERQUENCO,EJECUCION,33000,2026,,,VIVIENDA Y DESARROLLO URBANO,METROS CUADRADOS,260,FNDR
40076951-0,CONSTRUCCION PAVIMENTACIÓN ACCESO NORTE QUEPE,REGION DE LA ARAUCANIA,FREIRE,DISEÑO,22726,2026,,,TRANSPORTE,METROS CUADRADOS,1000,SECT
40075749-0,"ADQUISICION CAMIÓN RECOLECTOR DE RSD Y CONTENEDORES DE BASURA, COMUNA DE MELIPEUCO",REGION DE LA ARAUCANIA,MELIPEUCO,EJECUCION,255773,2026,,,RECURSOS NATURALES Y MEDIO AMBIENTE,UNIDAD,1,FNDR
40060092-0,"MEJORAMIENTO Y AMPLIACIÓN SSR  LA ESPERANZA DE COLICO, CUNCO",REGION DE LA ARAUCANIA,CUNCO,EJECUCION,5113774,2026,,,RECURSOS HIDRICOS,NRO. DE ARRANQUES TOTALES,169,SECT
40005104-0,"INSTALACION SISTEMA DE AGUA POTABLE RURAL SECTOR MARILEO, LAUTARO",REGION DE LA ARAUCANIA,LAUTARO,DISEÑO,60164,2026,RS,2026-01-12,RECURSOS HIDRICOS,NRO. DE ARRANQUES TOTALES,130,FNDR
40005104-0,"INSTALACION SISTEMA DE AGUA POTABLE RURAL SECTOR MARILEO, LAUTARO",REGION DE LA ARAUCANIA,LAUTARO,EJECUCION,2023029,2026,RS,2026-07-28,RECURSOS HIDRICOS,NRO. DE ARRANQUES TOTALES,130,FNDR
40033191-0,"CONSERVACION SISTEMA DE CONTROL DE TRANSITO ARAUCANIA, ETAPA III",REGION DE LA ARAUCANIA,,EJECUCION,1217557,2026,,,TRANSPORTE,UNIDAD,1,SECT
40024983-0,"CONSTRUCCION BAÑOS Y CIERRE PERIMETRAL TERRENO ESTADIO HUAPI BUDI, COMUNA DE SAAVEDRA",REGION DE LA ARAUCANIA,SAAVEDRA,EJECUCION,20000,2026,,,MULTISECTORIAL,METROS CUADRADOS,33,FNDR
40060085-0,"MEJORAMIENTO Y AMPLIACIÓN  SSR RAPAHUE, CHOL CHOL ",REGION DE LA ARAUCANIA,CHOL CHOL,EJECUCION,1362005,2026,,,RECURSOS HIDRICOS,NRO. DE ARRANQUES TOTALES,127,SECT
40059921-0,"CONSTRUCCION  CENTRO DEPORTIVO MUNICIPAL, COMUNA DE GORBEA",REGION DE LA ARAUCANIA,GORBEA,EJECUCION,7429346,2026,,,DEPORTES,METROS CUADRADOS,2006,FNDR
40067301-0,"MEJORAMIENTO SSR EL AMARGO, COLLIPULLI, PROV. MALLECO, REG. DE LA ARAUCANIA",REGION DE LA ARAUCANIA,COLLIPULLI,EJECUCION,2948150,2026,,,RECURSOS HIDRICOS,NRO. DE ARRANQUES TOTALES,100,SECT
40036772-0,"CONSERVACION ESCUELA PUBLICA COI COI, CARAHUE",REGION DE LA ARAUCANIA,,EJECUCION,416614,2026,,,"EDUCACION, CULTURA Y PATRIMONIO",METROS CUADRADOS,1,SECT
40071610-0,"CONSERVACION  ESCUELA LAS LILAS, TRAIGUEN",REGION DE LA ARAUCANIA,TRAIGUEN,EJECUCION,166185,2026,,,EDUCACIÓN,METROS CUADRADOS,0,FNDR
40031085-0,NORMALIZACION DE VARIOS PUENTES REGION DE LA ARAUCANIA,REGION DE LA ARAUCANIA,,DISEÑO,1166574,2026,FI,2025-09-15,TRANSPORTE,KILÓMETROS,0,SECT
40063246-0,CONSERVACION CICLOVÍAS VARIA COMUNAS ARAUCANIA 2025-2026,REGION DE LA ARAUCANIA,,EJECUCION,298573,2026,AD,2025-12-05,TRANSPORTE,METROS,6100,SECT
30486031-0,"MEJORAMIENTO ESTADIO BARROS ARANA, COMUNA TEODORO SCHMIDT.",REGION DE LA ARAUCANIA,TEODORO SCHMIDT,DISEÑO,121594,2026,,2026-07-29,DEPORTES,METROS CUADRADOS,9489,FNDR
40051334-0,"CONSERVACION CAMINO EL AUTO 2, SECTOR CHUFQUÉN, TRAIGUÉN",REGION DE LA ARAUCANIA,TRAIGUEN,EJECUCION,80934,2026,,,TRANSPORTE,METROS,1437,FNDR
40059335-0,"CONSERVACION PARQUE PULMAHUE, COMUNA DE PADRE LAS CASAS",REGION DE LA ARAUCANIA,PADRE LAS CASAS,EJECUCION,879347,2026,AD,2026-01-13,VIVIENDA Y DESARROLLO URBANO,METROS CUADRADOS,36287,SECT
40061782-0,"MEJORAMIENTO BARRIO CAJON SUR, COMUNA DE VILCÚN  ",REGION DE LA ARAUCANIA,VILCUN,EJECUCION,474883,2026,RS,2025-12-05,VIVIENDA Y DESARROLLO URBANO,METROS CUADRADOS,1,SECT
40012238-0,CONSTRUCCION SALA CUNA  SERVICIO DE SALUD ARAUCANIA NORTE,REGION DE LA ARAUCANIA,ANGOL,DISEÑO,59117,2026,RS,2026-01-12,SALUD,METROS CUADRADOS,436,SECT
40071167-0,"CONSTRUCCION SISTEMA AGUAS COMUNITARIAS JUAN CALFUNAM, COMUNA DE VILCUN",REGION DE LA ARAUCANIA,,DISEÑO,175036,2026,,,RECURSOS HIDRICOS,METROS,1960,SECT
40071167-0,"CONSTRUCCION SISTEMA AGUAS COMUNITARIAS JUAN CALFUNAM, COMUNA DE VILCUN",REGION DE LA ARAUCANIA,,EJECUCION,170989,2026,,,RECURSOS HIDRICOS,METROS,1960,SECT
40034871-0,"INSTALACION SISTEMA AGUA POTABLE RURAL HUALLIPULLI, LONQUIMAY",REGION DE LA ARAUCANIA,LONQUIMAY,EJECUCION,2596752,2026,RS,2025-11-11,RECURSOS HIDRICOS,NRO. DE ARRANQUES NUEVOS,96,SECT
40071169-0,"CONSTRUCCION SISTEMA AGUAS COMUNITARIAS JOSE HUENCHUAL 2, COMUNA DE LAUTARO",REGION DE LA ARAUCANIA,,DISEÑO,175036,2026,,,RECURSOS HIDRICOS,METROS,527,SECT
40071169-0,"CONSTRUCCION SISTEMA AGUAS COMUNITARIAS JOSE HUENCHUAL 2, COMUNA DE LAUTARO",REGION DE LA ARAUCANIA,,EJECUCION,170989,2026,,,RECURSOS HIDRICOS,METROS,527,SECT
40034862-0,"REPOSICION LICEO INDUSTRIAL DE NUEVA IMPERIAL, NUEVA IMPERIAL",REGION DE LA ARAUCANIA,NUEVA IMPERIAL,DISEÑO,531039,2026,OT,2026-07-15,EDUCACIÓN,METROS CUADRADOS,4744,FNDR
40053451-0,"MEJORAMIENTO ESPACIOS PUBLICOS PLAZA CHILE, COMUNA DE CARAHUE",REGION DE LA ARAUCANIA,CARAHUE,DISEÑO,73680,2026,RS,2025-12-16,VIVIENDA Y DESARROLLO URBANO,METROS CUADRADOS,7130,SECT
30078294-0,"CONSTRUCCION DEFENSAS FLUVIALES RIO CHOL-CHOL (URBANO), N. IMPERIAL",REGION DE LA ARAUCANIA,NUEVA IMPERIAL,EJECUCION,3733079,2026,RS,,RECURSOS HIDRICOS,HABITANTE BENEFICIADO,2000,SECT
30371076-0,CONSERVACION GLOBAL MIXTA RED VIAL IX REGION 2016-2020,REGION DE LA ARAUCANIA,,EJECUCION,2598690,2026,,,TRANSPORTE,KILÓMETROS,1000,SECT
30371278-0,"CONSERVACION GLOBAL RED VIAL IX REGION, 2016-2020",REGION DE LA ARAUCANIA,,EJECUCION,9468692,2026,,,TRANSPORTE,KILÓMETROS,1000,SECT
30093795-0,INSTALACION PROYECTO PRUEBA FAVOR NO BORRAR,REGION DE LA ARAUCANIA,ANGOL,EJECUCION,105345,2027,,,RECURSOS HIDRICOS,NRO. DE ARRANQUES TOTALES,2,FNDR
30325472-0,"CONSTRUCCION Y  REPARACION DE ACERAS,  COMUNA  LONCOCHE",REGION DE LA ARAUCANIA,LONCOCHE,EJECUCION,21397,2026,,,TRANSPORTE,METROS CUADRADOS,1032,FNDR
30107162-0,MEJORAMIENTO RUTA S-75 S:COLICO-CABURGUA NORTE,REGION DE LA ARAUCANIA,,EJECUCION,4260326,2026,RS,2025-11-28,TRANSPORTE,KILÓMETROS,37,SECT
40052839-0,"REPOSICION EDIFICIO CONSISTORIAL, TRAIGUÉN",REGION DE LA ARAUCANIA,TRAIGUEN,DISEÑO,313105,2026,,,MULTISECTORIAL,METROS CUADRADOS,4215,FNDR
40016268-0,MEJORAMIENTO CAMINO BASICO INTERMEDIO CHUFQUEN QUINO R-850,REGION DE LA ARAUCANIA,TRAIGUEN,EJECUCION,11993808,2026,RS,2025-12-22,TRANSPORTE,KILÓMETROS,22,FNDR
40016268-0,MEJORAMIENTO CAMINO BASICO INTERMEDIO CHUFQUEN QUINO R-850,REGION DE LA ARAUCANIA,TRAIGUEN,EJECUCION,11993808,2026,RS,2025-12-22,TRANSPORTE,KILÓMETROS,22,SECT
40059781-0,"HABILITACION DE CORREDOR FERROVIARIO DE TRANSPORTE PUBLICO LONCOCHE,  VILLARRICA  Y PUCON",REGION DE LA ARAUCANIA,,PREFACTIBILIDAD,642522,2026,RS,2025-11-24,TRANSPORTE,KILÓMETROS,122,SECT
40072869-0,"MEJORAMIENTO DE CAMINOS VECINALES, SECTOR EL OLVIDO, LA AURORA Y OTROS, COMUNA DE LUMACO",REGION DE LA ARAUCANIA,LUMACO,EJECUCION,260000,2026,,,TRANSPORTE,METROS,7100,FNDR
40077364-0,"CONSTRUCCION SISTEMA DE APR GALLETUE, LONQUIMAY ",REGION DE LA ARAUCANIA,LONQUIMAY,EJECUCION,1851908,2026,OT,2026-06-22,RECURSOS HIDRICOS,METROS CUADRADOS,100,SECT
40078042-0,"CONSERVACION CESFAM ALEMANIA, ANGOL",REGION DE LA ARAUCANIA,ANGOL,EJECUCION,1500000,2026,,,SALUD,METROS CUADRADOS,1100,SECT
40070532-0,"CONSTRUCCION PARADOR Y SEÑALÉTICAS TURÍSTICAS GEOPARQUE KÜTRALKURA, COMUNA DE CURACAUTÍN",REGION DE LA ARAUCANIA,CURACAUTIN,EJECUCION,100000,2026,,,TURISMO Y COMERCIO,UNIDAD,40,FNDR
40047243-0,"ADQUISICION CAMION MULTIPROPOSITO, MELIPEUCO",REGION DE LA ARAUCANIA,MELIPEUCO,EJECUCION,423632,2026,,,TRANSPORTE,UNIDAD,2,FNDR
40069606-0,"CONSERVACION SISTEMA SANITARIO RURAL PRADO HUICHAHUE, PADRE LAS CASAS",REGION DE LA ARAUCANIA,PADRE LAS CASAS,EJECUCION,531531,2026,,,RECURSOS HIDRICOS,NRO. DE ARRANQUES TOTALES,107,SECT
40071722-0,REPOSICION PUENTE CALLE AMUNATEGUI ENTRE LUIS URIBE Y TROMEN,REGION DE LA ARAUCANIA,PUREN,EJECUCION,413117,2026,FI,2026-07-10,TRANSPORTE,METROS CUADRADOS,1,FNDR
40069155-0,"CONSTRUCCION PUNTO DE POSADA PARA HELICOPTEROS, AERÓDROMO DE TRAIGUÉN.",REGION DE LA ARAUCANIA,TRAIGUEN,EJECUCION,618599,2026,,,TRANSPORTE,METROS CUADRADOS,3969,SECT
30486596-0,"CONSTRUCCION SISTEMA AGUA POTABLE RURAL ROMOPULLI, SAAVEDRA",REGION DE LA ARAUCANIA,SAAVEDRA,DISEÑO,152905,2026,RS,2026-07-20,RECURSOS HIDRICOS,NRO. DE ARRANQUES TOTALES,238,FNDR
40063806-0,"REPOSICION AMBULANCIAS AEB PARA CESFAM ANDRES SANDOVAL CALDERON, COMUNA DE CUNCO",REGION DE LA ARAUCANIA,CUNCO,EJECUCION,218551,2027,,,SALUD,UNIDAD,2,FNDR
40063806-0,"REPOSICION AMBULANCIAS AEB PARA CESFAM ANDRES SANDOVAL CALDERON, COMUNA DE CUNCO",REGION DE LA ARAUCANIA,CUNCO,EJECUCION,218551,2026,,,SALUD,UNIDAD,2,FNDR
40075235-0,"CONSERVACION COLECTOR RED PRIMARIA DE AGUAS LLUVIAS N°48, COMUNA DE TEMUCO",REGION DE LA ARAUCANIA,,EJECUCION,1097112,2026,AD,2025-12-22,RECURSOS HIDRICOS,METROS,1898,SECT
40076891-0,"CONSERVACION DE RIBERA CON ENROCADO EN RÍO MALLECO, SECTOR DE CANCURA, COMUNA DE ANGOL",REGION DE LA ARAUCANIA,,EJECUCION,309300,2026,,,RECURSOS HIDRICOS,METROS CUBICOS,1680,SECT
40048203-0,"CONSTRUCCION PARQUE LINEAL COMUNITARIO FLOR DONGUIL, COMUNA DE GORBEA",REGION DE LA ARAUCANIA,GORBEA,EJECUCION,1099403,2026,,,VIVIENDA Y DESARROLLO URBANO,METROS CUADRADOS,13575,FNDR
40026995-0,"REPOSICION SALA CUNA Y JARDÍN INFANTIL ESTRELLITA, TEMUCO",REGION DE LA ARAUCANIA,TEMUCO,EJECUCION,1594866,2026,RS,2025-10-30,"EDUCACION, CULTURA Y PATRIMONIO",METROS CUADRADOS,535,SECT
40074035-0,"CONSTRUCCION CIERRE PERIMETRAL Y GRADERIAS PARA CANCHA DE FUTBOL SECTOR LAS ROCAS, P.L.CASAS",REGION DE LA ARAUCANIA,PADRE LAS CASAS,EJECUCION,90000,2026,,,DEPORTES,METROS CUADRADOS,85,FNDR
40048343-0,"REPOSICION PUENTE SECTOR REPOCURA, COMUNA DE CHOLCHOL",REGION DE LA ARAUCANIA,CHOL CHOL,EJECUCION,56344,2026,,,TRANSPORTE,METROS,18,FNDR
40064846-0,"CONSTRUCCION CENTRO MULTIPROPOSITO-DOJO ARTES MARCIALES, COMUNA DE GALVARINO",REGION DE LA ARAUCANIA,GALVARINO,EJECUCION,336000,2026,,,DEPORTES,UNIDAD,1,SECT
40030470-0,CONSTRUCCION SISTEMA DE AGUA POTABLE RURAL LONCOTRARO ALTO ,REGION DE LA ARAUCANIA,VILLARRICA,DISEÑO,103588,2026,FI,,RECURSOS HIDRICOS,NRO. DE ARRANQUES NUEVOS,97,FNDR
40076168-0,CONSERVACION CIERE PERIMETRAL ESTADIO DE LICAN RAY,REGION DE LA ARAUCANIA,VILLARRICA,EJECUCION,147313,2026,,,DEPORTES,METROS,541,SECT
40028891-0,MEJORAMIENTO PARQUE SANTA LUCÍA COLLIPULLI,REGION DE LA ARAUCANIA,COLLIPULLI,EJECUCION,2078402,2026,RS,2025-12-04,VIVIENDA Y DESARROLLO URBANO,METROS CUADRADOS,11471,SECT
40069144-0,"CONSTRUCCION CONEXIÓN VIAL, PUENTE NIGUE, TOLTÉN",REGION DE LA ARAUCANIA,TOLTEN,DISEÑO,800508,2026,RS,2025-11-23,TRANSPORTE,METROS,108,SECT
40031574-0,"MEJORAMIENTO CAMINO LABRANZA - MOLLULCO , TEMUCO",REGION DE LA ARAUCANIA,TEMUCO,EJECUCION,5780779,2026,RS,2026-05-05,TRANSPORTE,KILÓMETROS,4,SECT
40059645-0,CONSTRUCCION SANEAMIENTO SANITARIO INTEGRAL LOTEO BELLAVISTA 5 CAMINO AL VOLCÁN SEGUNDA FAJA,REGION DE LA ARAUCANIA,VILLARRICA,EJECUCION,262888,2026,,,MULTISECTORIAL,METROS CUADRADOS,5089,FNDR
40019008-0,REPOSICION EDIFICIO MOP REGIÓN DE LA ARAUCANÍA,REGION DE LA ARAUCANIA,TEMUCO,PREFACTIBILIDAD,183646,2026,RS,2025-12-17,MULTISECTORIAL,METROS CUADRADOS,12426,SECT
40069566-0,"MEJORAMIENTO SISTEMA DE REGADIO CANAL PILLANLELBUN, LAUTARO, VILCUN, TEMUCO",REGION DE LA ARAUCANIA,LAUTARO,DISEÑO,619167,2026,,,RECURSOS HIDRICOS,HECTAREA,5000,SECT
40071423-0,"MEJORAMIENTO Y AMPLIACION GIMNASIO MUNICIPAL, COMUNA DE LOS SAUCES ",REGION DE LA ARAUCANIA,LOS SAUCES,DISEÑO,131857,2026,,,DEPORTES,METROS CUADRADOS,470,FNDR
40042503-0,"ADQUISICION DE FURGON PARA TRASLADO DE PERSONAS EN SITUACION DE DISCAPACIDAD, MELIPEUCO",REGION DE LA ARAUCANIA,MELIPEUCO,EJECUCION,120190,2026,,,SALUD,UNIDAD,1,FNDR
40076680-0,"ADQUISICION 2 MINIBUSES PARA EL DEPARTAMENTO DE EDUCACIÓN MUNICIPAL, COMUNA DE FREIRE",REGION DE LA ARAUCANIA,FREIRE,EJECUCION,160650,2026,,,EDUCACIÓN,UNIDAD,2,FNDR
40071064-0,"MEJORAMIENTO PATIO CUBIERTO ESCUELA LOS PERALES, COMUNA DE GORBEA",REGION DE LA ARAUCANIA,GORBEA,EJECUCION,70000,2026,,,EDUCACIÓN,METROS,276,FNDR
30483134-0,"MEJORAMIENTO CBI CAMINO PUENTE PAYA-HUIÑOCO, LONCOCHE",REGION DE LA ARAUCANIA,LONCOCHE,EJECUCION,5756536,2026,RS,2025-12-22,TRANSPORTE,KILÓMETROS,11,SECT
40031493-0,"REPOSICION PUENTE PUYEHUE, LASTARRIA, COMUNA DE GORBEA",REGION DE LA ARAUCANIA,GORBEA,DISEÑO,91013,2026,RS,2025-12-09,TRANSPORTE,METROS,45,SECT
30064290-0,"CONSTRUCCION SISTEMA DE AGUA POTABLE RURAL HUETE RUCAN, TEMUCO.",REGION DE LA ARAUCANIA,TEMUCO,EJECUCION,3839483,2026,,,RECURSOS HIDRICOS,NRO. DE ARRANQUES TOTALES,420,FNDR
40050736-0,MEJORAMIENTO PALGUIN - ACCESO NORTE PARQUE PNV,REGION DE LA ARAUCANIA,PUCON,DISEÑO,1518013,2026,RS,2026-08-14,TRANSPORTE,KILÓMETROS,14,FNDR
40073385-0,"MEJORAMIENTO AMPLIACION SSR QUINO, COMUNA DE VICTORIA",REGION DE LA ARAUCANIA,VICTORIA,EJECUCION,2537581,2026,,,RECURSOS HIDRICOS,NRO. DE ARRANQUES TOTALES,252,SECT
40033681-0,"ADQUISICION CASA POETA JORGE TEILLIER, COMUNA DE LAUTARO",REGION DE LA ARAUCANIA,LAUTARO,DISEÑO,432775,2026,FI,,"EDUCACION, CULTURA Y PATRIMONIO",METROS CUADRADOS,169,FNDR
30094632-0,"CONSTRUCCION SISTEMA DE AGUA POTABLE RURAL PEHUENCO, VICTORIA",REGION DE LA ARAUCANIA,VICTORIA,EJECUCION,4021409,2026,RE,,RECURSOS HIDRICOS,NRO. DE ARRANQUES TOTALES,292,FNDR
40065088-0,NORMALIZACION CENTRO CERRADO CHOL CHOL,REGION DE LA ARAUCANIA,,FACTIBILIDAD,755235,2027,,,JUSTICIA,METROS CUADRADOS,18000,SECT
40071716-0,"REPOSICION DE EXCAVADORA PARA MANTENCIÓN DE RED DE CAMINOS VECINALES,  COMUNA DE NUEVA IMPERIAL",REGION DE LA ARAUCANIA,NUEVA IMPERIAL,EJECUCION,237292,2026,,,TRANSPORTE,UNIDAD,4,FNDR
40065095-0,INSTALACION ILUMINACION SOLAR REFUGIOS PEATONALES RURALES COMUNA DE PADRE LAS CASAS,REGION DE LA ARAUCANIA,PADRE LAS CASAS,EJECUCION,428996,2026,OT,2026-08-27,ENERGIA,UNIDAD,45,FNDR
40067724-0,"MEJORAMIENTO  CBI ACCESO A QUILONCO TRAMO KM 0,000 AL KM 4,305. VILCUN",REGION DE LA ARAUCANIA,VILCUN,EJECUCION,2430257,2026,RS,2025-11-26,TRANSPORTE,KILÓMETROS,4,FNDR
40067724-0,"MEJORAMIENTO  CBI ACCESO A QUILONCO TRAMO KM 0,000 AL KM 4,305. VILCUN",REGION DE LA ARAUCANIA,VILCUN,EJECUCION,2430257,2026,RS,2025-11-26,TRANSPORTE,KILÓMETROS,4,SECT
30460322-0,REPOSICION ESCUELA G-512 MOLLULCO DE TEMUCO,REGION DE LA ARAUCANIA,TEMUCO,EJECUCION,14471244,2026,RS,2025-11-14,"EDUCACION, CULTURA Y PATRIMONIO",METROS CUADRADOS,3708,MUNIC
30460322-0,REPOSICION ESCUELA G-512 MOLLULCO DE TEMUCO,REGION DE LA ARAUCANIA,TEMUCO,EJECUCION,14471244,2026,RS,2025-11-14,"EDUCACION, CULTURA Y PATRIMONIO",METROS CUADRADOS,3708,SECT
40069373-0,"CONSERVACION CAMINOS VECINALES SECTOR PITRACO, COMUNA DE CHOLCHOL",REGION DE LA ARAUCANIA,CHOL CHOL,EJECUCION,150000,2026,,,TRANSPORTE,KILÓMETROS,2,FNDR
30483037-0,AMPLIACION RUTA 199-CH SECTOR: PUCÓN - CR. RUTA S-905,REGION DE LA ARAUCANIA,,DISEÑO,889914,2026,RS,2026-01-18,TRANSPORTE,KILÓMETROS,6,SECT
40081350-0,"CONSTRUCCION ELECTRIFICACION RURAL SECTOR EX FUNDO LAS MERCEDES Y COLONIA MENDOZA, VILCUN",REGION DE LA ARAUCANIA,VILCUN,EJECUCION,517446,2026,,,ENERGIA,NÚMERO DE EMPALMES,34,FNDR
40079608-0,NORMALIZACION ELECTRICA DE LA FERIA DE LABRANZA. TEMUCO,REGION DE LA ARAUCANIA,TEMUCO,EJECUCION,308022,2026,,,MULTISECTORIAL,UNIDAD,45,FNDR
40019598-0,"MEJORAMIENTO CBI ALLIPÉN FOLILCO LAFQUÉN, FREIRE",REGION DE LA ARAUCANIA,FREIRE,EJECUCION,7794577,2026,RS,2025-11-24,TRANSPORTE,KILÓMETROS,10455,SECT
30121509-0,REPOSICION ESCUELA ESPECIAL ÑIELOL DE TEMUCO,REGION DE LA ARAUCANIA,TEMUCO,EJECUCION,18281463,2026,RS,2026-01-09,"EDUCACION, CULTURA Y PATRIMONIO",METROS CUADRADOS,5689,MUNIC
30121509-0,REPOSICION ESCUELA ESPECIAL ÑIELOL DE TEMUCO,REGION DE LA ARAUCANIA,TEMUCO,EJECUCION,18281463,2026,RS,2026-01-09,"EDUCACION, CULTURA Y PATRIMONIO",METROS CUADRADOS,5689,FNDR
30104076-0,"CONSTRUCCION SISTEMA AGUA POTABLE RURAL MARIAÑIR, P. LAS CASAS",REGION DE LA ARAUCANIA,PADRE LAS CASAS,EJECUCION,2761666,2026,FI,2026-06-19,RECURSOS HIDRICOS,NRO. DE ARRANQUES TOTALES,102,FNDR
30129336-0,"CONSTRUCCION SIS.AGUA POTABLE HUINCACARA SUR VOIPIR SECO, VILLARRICA",REGION DE LA ARAUCANIA,VILLARRICA,EJECUCION,6624494,2026,RS,2026-03-09,RECURSOS HIDRICOS,NRO. DE ARRANQUES TOTALES,278,FNDR
40071130-0,"CONSTRUCCION SALA DE ARCHIVOS Y BODEGAS MUNICIPALES, PERQUENCO",REGION DE LA ARAUCANIA,PERQUENCO,EJECUCION,100000,2026,,,SEGURIDAD PUBLICA,METROS CUADRADOS,293,FNDR
30080581-0,"INSTALACION SISTEMA AGUA POTABLE DOLLINCO ALHUECO, LAUTARO",REGION DE LA ARAUCANIA,LAUTARO,EJECUCION,4043364,2026,RS,2026-01-05,RECURSOS HIDRICOS,NRO. DE ARRANQUES TOTALES,223,FNDR
40009317-0,"REPOSICION CENTRO COMUNITARIO MUNICIPAL TEODORO SCHMIDT, COMUNA TEODORO SCHMIDT",REGION DE LA ARAUCANIA,TEODORO SCHMIDT,EJECUCION,684158,2026,FI,,MULTISECTORIAL,METROS CUADRADOS,346,FNDR
40050305-0,CONSERVACION DE ZONAS DE ESCUELA REGION DE LA ARAUCANIA 2025-2026,REGION DE LA ARAUCANIA,,EJECUCION,1439466,2026,AD,2025-11-22,TRANSPORTE,KILÓMETROS,24,SECT
40080681-0,MEJORAMIENTO TERMINAL DE BUSES PERQUENCO,REGION DE LA ARAUCANIA,PERQUENCO,EJECUCION,187350,2026,,,TRANSPORTE,METROS CUADRADOS,112,FNDR
40021841-0,"MEJORAMIENTO ÁREAS VERDES SIETE VENAS ENTRE CALLE ANTURRAYEN Y CALLE ANTIQUINA, TEMUCO",REGION DE LA ARAUCANIA,TEMUCO,EJECUCION,101662,2026,,,VIVIENDA Y DESARROLLO URBANO,METROS CUADRADOS,930,FNDR
40020455-0,"CONSERVACION ESCUELA PUBLICA ROMILIO ADRIAZOLA, CARAHUE.",REGION DE LA ARAUCANIA,,EJECUCION,1569949,2026,,,EDUCACIÓN,METROS CUADRADOS,2990,SECT
40037824-0,"CONSTRUCCION DE NICHOS CEMENTERIO DE PUERTO SAAVEDRA, COMUNA DE SAAVEDRA",REGION DE LA ARAUCANIA,SAAVEDRA,EJECUCION,37473,2026,,,MULTISECTORIAL,METROS CUADRADOS,33,FNDR
40037824-0,"CONSTRUCCION DE NICHOS CEMENTERIO DE PUERTO SAAVEDRA, COMUNA DE SAAVEDRA",REGION DE LA ARAUCANIA,SAAVEDRA,EJECUCION,37473,2026,,,MULTISECTORIAL,METROS CUADRADOS,33,MUNIC
40074325-0,"REPOSICION LICEO C44 ALONSO DE ERCILLA Y ZUÑIGA, COMUNA DE ERCILLA",REGION DE LA ARAUCANIA,ERCILLA,DISEÑO,1123,2026,,,EDUCACIÓN,METROS CUADRADOS,3723,FNDR
30485336-0,"REPOSICION POSTA SALUD RURAL RADALCO, COMUNA DE CURACAUTIN",REGION DE LA ARAUCANIA,CURACAUTIN,EJECUCION,1781802,2026,RS,2026-01-08,SALUD,METROS CUADRADOS,410,FNDR
30485336-0,"REPOSICION POSTA SALUD RURAL RADALCO, COMUNA DE CURACAUTIN",REGION DE LA ARAUCANIA,CURACAUTIN,EJECUCION,1733313,2027,RS,,SALUD,METROS CUADRADOS,410,FNDR
40071731-0,CONSTRUCCION CEMENTERIO MUNICIPAL COMUNA DE PADRE LAS CASAS,REGION DE LA ARAUCANIA,PADRE LAS CASAS,DISEÑO,103100,2026,,,SALUD,METROS CUADRADOS,4000,FNDR
30480161-0,"REPOSICION ESCUELA MIGUEL HUENTELEN, COLLIPULLI",REGION DE LA ARAUCANIA,COLLIPULLI,EJECUCION,18837050,2026,RS,2026-01-12,"EDUCACION, CULTURA Y PATRIMONIO",METROS CUADRADOS,4897,FNDR
40071021-0,"REPOSICION DE VEREDAS DISTINTOS SECTORES, COMUNA DE VILLARRICA",REGION DE LA ARAUCANIA,VILLARRICA,EJECUCION,101169,2026,,,VIVIENDA Y DESARROLLO URBANO,METROS CUADRADOS,947,FNDR
40056888-0,CONSERVACION RED VIAL PROVINCIA DE MALLECO Y CAUTIN 2023-2025,REGION DE LA ARAUCANIA,,EJECUCION,13325042,2026,,2025-11-29,TRANSPORTE,KILÓMETROS,44,SECT
40052330-0,"CONSTRUCCION HITOS DE ACCESO MANZANAR, COMUNA DE CURACAUTIN",REGION DE LA ARAUCANIA,CURACAUTIN,EJECUCION,205023,2026,,,VIVIENDA Y DESARROLLO URBANO,METROS CUADRADOS,1,SECT
40057819-0,INSTALACION SEÑALIZACION VIAL CAMBIO SENTIDO DE TRANSITO CALLES SECTOR CENTRO DE LAUTARO,REGION DE LA ARAUCANIA,LAUTARO,EJECUCION,36152,2026,,,TRANSPORTE,METROS,500,FNDR
40076022-0,"CONSERVACION escuela basica las hortensias, comuna de cunco",REGION DE LA ARAUCANIA,CUNCO,EJECUCION,15429,2026,,,EDUCACIÓN,METROS CUADRADOS,21,SECT
40067782-0,REPOSICION VEHICULOS INSTITUTO TELETON ARAUCANIA,REGION DE LA ARAUCANIA,,EJECUCION,221789,2026,,,SALUD,METROS CUADRADOS,3,FNDR
40071634-0,"CONSTRUCCION SEDE SOCIAL COMUNIDAD INDIGENA JOSE DEMULEO ÑANCUL, COMUNA DE PUREN",REGION DE LA ARAUCANIA,PUREN,EJECUCION,136000,2026,,,MULTISECTORIAL,METROS CUADRADOS,121,FNDR
30396675-0,"CONSTRUCCION PARQUE ESTADIO CULTURAL DE CHOMIO, PADRE LAS CASAS",REGION DE LA ARAUCANIA,PADRE LAS CASAS,DISEÑO,79678,2026,FI,2026-01-13,DEPORTES,METROS CUADRADOS,15624,FNDR
30393933-0,"REPOSICION CECOSF BAJO TRAIGUEN, VICTORIA",REGION DE LA ARAUCANIA,VICTORIA,EJECUCION,1603489,2026,RS,2026-01-08,SALUD,METROS CUADRADOS,355,FNDR
40071577-0,"CONSERVACION GIMNASIO PATRICIO PHILLIPS, COMUNA DE TRAIGUÉN",REGION DE LA ARAUCANIA,TRAIGUEN,EJECUCION,319708,2026,,,DEPORTES,METROS CUADRADOS,1296,FNDR
30486487-0,CONSTRUCCION COSTANERA DEPORTIVA NUEVA IMPERAL,REGION DE LA ARAUCANIA,NUEVA IMPERIAL,EJECUCION,4123995,2026,,,VIVIENDA Y DESARROLLO URBANO,METROS,2000,SECT
40056895-0,CONSERVACION CAMINOS COMUNIDADES INDIGENAS CAUTIN Y MALLECO 2023-2025 BUEN VIVIR,REGION DE LA ARAUCANIA,,EJECUCION,10052562,2026,AD,2025-12-11,TRANSPORTE,KILÓMETROS,114,SECT
40070855-0,MEJORAMIENTO CAMINOS RURALES  MALLECO -CAUTIN 2025,REGION DE LA ARAUCANIA,,DISEÑO,914223,2026,RS,2026-01-27,TRANSPORTE,KILÓMETROS,60,SECT
40039870-0,CONSTRUCCION SISTEMA AGUA POTABLE RURAL HUILLINCO-CALCOY NORTE,REGION DE LA ARAUCANIA,LUMACO,DISEÑO,67370,2026,FI,,RECURSOS HIDRICOS,LITROS / SEGUNDO,5,FNDR
40048563-0,"CONSTRUCCION SEDE SOCIAL VILLA PULMAHUE XIV, PADRE LAS CASAS",REGION DE LA ARAUCANIA,PADRE LAS CASAS,EJECUCION,110000,2026,,,MULTISECTORIAL,METROS CUADRADOS,99,FNDR
40071613-0,"CONSERVACION ESCUELA DIDAICO, TRAIGUÉN",REGION DE LA ARAUCANIA,TRAIGUEN,EJECUCION,133,2026,,,EDUCACIÓN,METROS CUADRADOS,235,FNDR
40047587-0,CONSERVACION OBRAS FISCALES DE RIEGO REGION DE LA ARAUCANIA 2024 - 2025,REGION DE LA ARAUCANIA,,EJECUCION,3715276,2026,AD,2026-01-20,RECURSOS HIDRICOS,METROS,253000,SECT
40025844-0,"MEJORAMIENTO CAMINO BÁSICO INTERMEDIO  ACCESO QUILAS BAJAS, FREIRE",REGION DE LA ARAUCANIA,FREIRE,EJECUCION,3213400,2026,RS,2025-12-22,TRANSPORTE,METROS,5560,SECT
40065075-0,CONSERVACION SISTEMA DE CONTROL DE TRANSITO ARAUCANIA ETAPA IV ,REGION DE LA ARAUCANIA,,EJECUCION,2845500,2026,AD,2026-01-15,TRANSPORTE,UNIDAD,1,SECT
40075483-0,"MEJORAMIENTO CAMINOS RURALES VARIOS SECTORES, LAUTARO",REGION DE LA ARAUCANIA,LAUTARO,EJECUCION,191479,2026,,,TRANSPORTE,METROS,2300,FNDR
40009708-0,"MEJORAMIENTO CAMINOS BÁSICOS INTERMEDIOS NORTE Y ESTE, REGIÓN DE LA ARAUCANÍA",REGION DE LA ARAUCANIA,,DISEÑO,497409,2026,RS,2026-01-08,TRANSPORTE,KILÓMETROS,107,FNDR
40069661-0,"REPOSICION VEREDAS E INSTALACIÓN MOBILIARIO CEMENTERIO MUNICIPAL, NUEVA IMPERIAL",REGION DE LA ARAUCANIA,NUEVA IMPERIAL,EJECUCION,60000,2026,,,VIVIENDA Y DESARROLLO URBANO,METROS CUADRADOS,756,FNDR
40073686-0,"MEJORAMIENTO CALLE LOS ROBLES, ENTRE RODRÍGUEZ Y CAUPOLICÁN, COLLIPULLI ",REGION DE LA ARAUCANIA,COLLIPULLI,EJECUCION,88953,2026,,,VIVIENDA Y DESARROLLO URBANO,METROS CUADRADOS,990,SECT
40032007-0,"MEJORAMIENTO Y AMPLIACIÓN SSR CHAMPULLI, CARAHUE, PROV. CAUTIN, REG. DE LA ARAUCANIA  ",REGION DE LA ARAUCANIA,CARAHUE,EJECUCION,2773050,2026,,,RECURSOS HIDRICOS,NRO. DE ARRANQUES TOTALES,246,SECT
40073665-0,"MEJORAMIENTO CANCHA DE FUTBOLITO NÚMERO 3 ESTADIO MUNICIPAL, COLLIPULLI",REGION DE LA ARAUCANIA,COLLIPULLI,EJECUCION,59000,2026,,,DEPORTES,METROS CUADRADOS,1593,FNDR
30484920-0,REPOSICION EDIFICIO CONSISTORIAL DE LONCOCHE,REGION DE LA ARAUCANIA,LONCOCHE,DISEÑO,199846,2026,,,MULTISECTORIAL,METROS CUADRADOS,2636,FNDR
40038513-0,CONSERVACION GLOBAL MIXTA CAMINOS RED VIAL REGION DE LA ARAUCANIA 2023-2027,REGION DE LA ARAUCANIA,,EJECUCION,72086650,2026,AD,2025-12-04,TRANSPORTE,KILÓMETROS,100,SECT
40070925-0,"CONSTRUCCION CIERRE PERIMETRAL ELTUM COMUNIDAD JACINTO CAÑIUPAN, COMUNA DE PURÉN",REGION DE LA ARAUCANIA,PUREN,EJECUCION,30500,2026,,,MULTISECTORIAL,METROS,137,FNDR
40032128-0,"MEJORAMIENTO AV. CAUPOLICAN ENTRE LEON GALLO Y MANUEL RODRIGUEZ, TEMUCO",REGION DE LA ARAUCANIA,TEMUCO,EJECUCION,36719785,2026,RS,2026-08-24,TRANSPORTE,KILÓMETROS,1,MUNIC
30064908-0,"INSTALACION A.P.R.QUILLEM BAJO, ALTO Y QUEBRADA MOLINO, CARAHUE",REGION DE LA ARAUCANIA,CARAHUE,EJECUCION,2652843,2026,FI,2026-03-26,RECURSOS HIDRICOS,NRO. DE ARRANQUES TOTALES,113,FNDR
40071089-0,"REPARACION DE PAVIMENTOS RADIO URBANO, CURACAUTIN",REGION DE LA ARAUCANIA,CURACAUTIN,EJECUCION,82845,2026,,,TRANSPORTE,METROS CUADRADOS,399,FNDR
40075873-0,"MEJORAMIENTO CAMINO LOS MALLINES, COMUNA DE MELIPEUCO",REGION DE LA ARAUCANIA,MELIPEUCO,EJECUCION,131280,2026,,,TRANSPORTE,METROS,1000,FNDR
40069608-0,"CONSERVACION SISTEMA SANITARIO RURAL CHEQUENCO, ERCILLA",REGION DE LA ARAUCANIA,ERCILLA,EJECUCION,649580,2026,,,RECURSOS HIDRICOS,NRO. DE ARRANQUES TOTALES,75,SECT
40027860-0,"CONSERVACION ESCUELA ARENAS BLANCAS, COMUNA NUEVA IMPERIAL",REGION DE LA ARAUCANIA,NUEVA IMPERIAL,EJECUCION,473532,2026,AD,2026-01-12,EDUCACIÓN,METROS CUADRADOS,479,SECT
40047072-0,"CONSERVACION EMBARCADERO PUERTO DOMINGUEZ,  PROVINCIA DE CAUTIN",REGION DE LA ARAUCANIA,SAAVEDRA,EJECUCION,839225,2026,,2025-11-03,MULTISECTORIAL,METROS CUADRADOS,994,SECT
40080412-0,"REPOSICION SEDE SOCIAL COMUNIDAD INDIGENA JUAN ANTONIO LLANCAVIL, SECTOR MILLAHUECO COMUNA DE SAAVEDRA",REGION DE LA ARAUCANIA,SAAVEDRA,EJECUCION,103589,2026,,,MULTISECTORIAL,METROS CUADRADOS,83,FNDR
40080439-0,CONSERVACION BORDE COSTERO SAAVEDRA,REGION DE LA ARAUCANIA,SAAVEDRA,EJECUCION,3000000,2027,,,VIVIENDA Y DESARROLLO URBANO,METROS,0,SECT
40052236-0,MEJORAMIENTO DE CAMINO RURAL PUTABLA SECTOR AFUNALHUE COMUNA DE VILLARRICA ,REGION DE LA ARAUCANIA,VILLARRICA,EJECUCION,90906,2026,,,TRANSPORTE,METROS,4000,FNDR
40063331-0,"CONSERVACION VIVIENDA SERVIU ADULTO MAYOR, REGIÓN DE LA ARAUCANÍA 2025",REGION DE LA ARAUCANIA,,EJECUCION,120014,2026,AD,2025-12-05,VIVIENDA Y DESARROLLO URBANO,UNIDAD,16,SECT
40082282-0,"ADQUISICION DE VEHICULO DE PRIMERA RESPUESTA Y GENERADORES PARA 6 APR, COMUNA DE CHOLCHOL",REGION DE LA ARAUCANIA,CHOL CHOL,EJECUCION,206353,2026,,,MULTISECTORIAL,UNIDAD,7,FNDR
30130132-0,"INSTALACION SISTEMA AGUA POTABLE RURAL ÑERECO, LAUTARO",REGION DE LA ARAUCANIA,LAUTARO,EJECUCION,2089672,2026,RS,2025-11-12,RECURSOS HIDRICOS,NRO. DE ARRANQUES NUEVOS,171,SECT
40079276-0,"CONSTRUCCION Y REPOSICION PARADEROS RUTA PRINCIPAL S-20 CHOLCHOL - TEMUCO, COMUNA DE CHOLCHOL",REGION DE LA ARAUCANIA,CHOL CHOL,EJECUCION,157235,2026,,,TRANSPORTE,UNIDAD,10,FNDR
40077955-0,"CONSERVACION ESC. BASICA CAUPOLICAN, PUREN",REGION DE LA ARAUCANIA,PUREN,EJECUCION,15510,2026,,,EDUCACIÓN,METROS CUADRADOS,26,SECT
40052136-0,"CONSTRUCCION INFRAESTRUCTURA SANITARIA, LOCALIDAD DE SELVA OSCURA, COMUNA DE VICTORIA",REGION DE LA ARAUCANIA,VICTORIA,PREFACTIBILIDAD,111178,2026,OT,,RECURSOS HIDRICOS,NRO. DE ARRANQUES TOTALES,450,FNDR
40081902-0,"CONSTRUCCION ELECTRIFICACION RURAL COMUNIDAD JUAN MARIHUAL, TEMUCO",REGION DE LA ARAUCANIA,TEMUCO,EJECUCION,360871,2026,,,ENERGIA,NÚMERO DE EMPALMES,23,FNDR
40071113-0,REPOSICION CUARTEL FRONTERA PDI ICALMA,REGION DE LA ARAUCANIA,LONQUIMAY,EJECUCION,207605,2026,,,SEGURIDAD PUBLICA,METROS CUADRADOS,124,SECT
30435474-0,"CONSTRUCCION APR COIHUECO,PELEHUE,PUNTA RIEL,PONHUITO, T.SCHMIDT",REGION DE LA ARAUCANIA,TEODORO SCHMIDT,EJECUCION,4887675,2027,RS,,RECURSOS HIDRICOS,NRO. DE ARRANQUES TOTALES,289,FNDR
30435474-0,"CONSTRUCCION APR COIHUECO,PELEHUE,PUNTA RIEL,PONHUITO, T.SCHMIDT",REGION DE LA ARAUCANIA,TEODORO SCHMIDT,EJECUCION,4868133,2026,RS,2026-06-22,RECURSOS HIDRICOS,NRO. DE ARRANQUES TOTALES,289,FNDR
30486631-0,"MEJORAMIENTO BORDE FLUVIAL RIO TOLTEN, VARIOS SECTORES, TEODORO SCHMIDT",REGION DE LA ARAUCANIA,TEODORO SCHMIDT,PREFACTIBILIDAD,222483,2027,RS,2026-07-27,VIVIENDA Y DESARROLLO URBANO,UNIDAD,3,SECT
40068636-0,"CONSERVACION BALIZADO RIO IMPERIAL, CARAHUE",REGION DE LA ARAUCANIA,CARAHUE,EJECUCION,306505,2026,AD,2025-12-19,PESCA,METROS,200,SECT
40025215-0,"AMPLIACION ALUMBRADO PUBLICO SECTOR AGUA TENDIDA, ACCESO NORTE, PANGUECO Y  BOYONCO , PURÉN",REGION DE LA ARAUCANIA,PUREN,EJECUCION,54000,2026,,,ENERGIA,METROS,1500,FNDR
40076115-0,"CONSERVACION COMPLEJO EDUCACIONAL LA GRANJA, VILCUN",REGION DE LA ARAUCANIA,VILCUN,EJECUCION,15465,2026,,,EDUCACIÓN,METROS CUADRADOS,31,SECT
40077932-0,"CONSTRUCCION GARITAS  Y LUMINARIAS SOLARES SECTORES: RESERVA, FAJA MAISAN, 2DA FAJA,PITRUFQUEN",REGION DE LA ARAUCANIA,PITRUFQUEN,EJECUCION,109229,2026,,,TRANSPORTE,UNIDAD,27,FNDR
40079151-0,"ADQUISICION RETROEXCAVADORA, LONCOCHE",REGION DE LA ARAUCANIA,LONCOCHE,EJECUCION,147266,2026,,,TRANSPORTE,UNIDAD,1,FNDR
40081991-0,"CONSTRUCCION ESPACIO PUBLICO LAS VILLAS, LONQUIMAY ",REGION DE LA ARAUCANIA,LONQUIMAY,DISEÑO,65331,2026,,,MULTISECTORIAL,METROS CUADRADOS,19000,SECT
40081085-0,ADQUISICION DE VEHICULO PARA FORTALECER LA RESPUESTA ANTE SITUACIONES DE EMERGENCIA EN LA COMUNA DE SAAVEDRA,REGION DE LA ARAUCANIA,SAAVEDRA,EJECUCION,114954,2026,,,MULTISECTORIAL,UNIDAD,1,FNDR
40081699-0,"CONSTRUCCION ELECTRIFICACION RURAL COMUNIDADES NAHUELHUEN Y JOSE CHEUQUIAN, TEMUCO",REGION DE LA ARAUCANIA,TEMUCO,EJECUCION,597817,2026,,,ENERGIA,NÚMERO DE EMPALMES,50,FNDR
40080534-0,"MEJORAMIENTO ALUMBRADO PÚBLICO PEATONAL CALLE RODRIGUEZ Y CALLE TRANSVERSAL, COLLIPULLI",REGION DE LA ARAUCANIA,COLLIPULLI,EJECUCION,262165,2026,,,ENERGIA,METROS,0,FNDR
40065453-0,"CONSTRUCCION SISTEMA AGUA POTABLE RURAL HUAPI SUR , SAAVEDRA",REGION DE LA ARAUCANIA,SAAVEDRA,PREFACTIBILIDAD,122460,2026,OT,2026-06-11,RECURSOS HIDRICOS,NRO. DE ARRANQUES NUEVOS,248,FNDR
40065453-0,"CONSTRUCCION SISTEMA AGUA POTABLE RURAL HUAPI SUR , SAAVEDRA",REGION DE LA ARAUCANIA,SAAVEDRA,FACTIBILIDAD,202836,2026,OT,2026-08-07,RECURSOS HIDRICOS,NRO. DE ARRANQUES NUEVOS,248,FNDR
40073774-0,"CONSTRUCCION EXTENSIÓN DE RED AGUA POTABLE, ACCESO FAJA RICCI, COMUNA DE GORBEA",REGION DE LA ARAUCANIA,GORBEA,EJECUCION,41500,2026,,,RECURSOS HIDRICOS,LITROS / SEGUNDO,0,FNDR
40073774-0,"CONSTRUCCION EXTENSIÓN DE RED AGUA POTABLE, ACCESO FAJA RICCI, COMUNA DE GORBEA",REGION DE LA ARAUCANIA,GORBEA,EJECUCION,41500,2026,,,RECURSOS HIDRICOS,LITROS / SEGUNDO,0,MUNIC
40039812-0,"ADQUISICION CAMIÓN RECOLECTOR RSD, COMUNA DE TOLTÉN",REGION DE LA ARAUCANIA,TOLTEN,EJECUCION,263595,2026,,,MULTISECTORIAL,UNIDAD,1,FNDR
40066622-0,ADQUISICION SEÑALETICA COSTA ARAUCANIA II,REGION DE LA ARAUCANIA,CARAHUE,EJECUCION,412400,2026,,,TURISMO Y COMERCIO,UNIDAD,259,FNDR
40066878-0,"MEJORAMIENTO MEJORAMIENTO CIRCULACIÓN PEATONAL Y ESPACIOS PÚBLICOS VILLA ESTACIÓN, CARAHUE",REGION DE LA ARAUCANIA,CARAHUE,EJECUCION,225964,2026,,,VIVIENDA Y DESARROLLO URBANO,METROS CUADRADOS,1000,FNDR
40069603-0,"CONSERVACION SISTEMA SANITARIO RURAL LA ISLA, PUREN ",REGION DE LA ARAUCANIA,PUREN,EJECUCION,649580,2026,,,RECURSOS HIDRICOS,METROS CUADRADOS,84,SECT
40080727-0,CONSTRUCCION CICLOVIA FREIRE-VILLA TRUF TRUF,REGION DE LA ARAUCANIA,FREIRE,EJECUCION,329239,2027,,,TRANSPORTE,METROS CUADRADOS,2340,FNDR
40079897-0,"CONSTRUCCION LUMINARIAS FOTOVOLTAICAS SECTOR BOROA FILULAWEN, NUEVA IMPERIAL",REGION DE LA ARAUCANIA,NUEVA IMPERIAL,EJECUCION,144300,2026,,,ENERGIA,UNIDAD,35,FNDR
40080568-0,"CONSERVACION SISTEMA DE REGADIO CANAL IMPERIAL, ETAPA VI, COMUNAS DE TEMUCO Y N. IMPERIAL, AÑO 2026",REGION DE LA ARAUCANIA,NUEVA IMPERIAL,EJECUCION,290600,2026,,,RECURSOS HIDRICOS,HECTAREA,800,SECT
30484569-0,HABILITACION ANTIGUO HOSPITAL DE ANGOL PARA BIBLIOTECA MUNICIPAL,REGION DE LA ARAUCANIA,ANGOL,DISEÑO,273184,2026,RS,2026-01-08,"EDUCACION, CULTURA Y PATRIMONIO",METROS CUADRADOS,1719,FNDR
40075535-0,"CONSTRUCCION LUMINARIAS SOLARES SECTORES: GALPONES, BALSA COIPUE,  PITRUFQUEN",REGION DE LA ARAUCANIA,PITRUFQUEN,EJECUCION,35000,2026,,,TRANSPORTE,UNIDAD,15,FNDR
30096109-0,MEJORAMIENTO RUTA S-222 HUALACURA LOS BOLDOS,REGION DE LA ARAUCANIA,NUEVA IMPERIAL,EJECUCION,4143234,2026,RS,2026-04-21,TRANSPORTE,KILÓMETROS,14,FNDR
30482371-0,"CONSTRUCCION POLIDEPORTIVO MUNICIPAL, COLLIPULLI",REGION DE LA ARAUCANIA,COLLIPULLI,EJECUCION,17773141,2026,RS,2026-08-06,DEPORTES,METROS CUADRADOS,18736,FNDR
30109997-0,"MEJORAMIENTO EE.PP. AVDA. OHIGGINS, VICTORIA",REGION DE LA ARAUCANIA,VICTORIA,EJECUCION,2477085,2026,RS,,VIVIENDA Y DESARROLLO URBANO,METROS CUADRADOS,15269,FNDR
30181672-0,MEJORAMIENTO RUTA S-138  S: TRANAPUENTE-LIMITE REG. NORTE,REGION DE LA ARAUCANIA,CARAHUE,EJECUCION,17508262,2026,RS,2025-11-28,TRANSPORTE,KILÓMETROS,34,SECT
30136611-0,"MEJORAMIENTO CBI 2DA. FAJA EL VOLCAN, VILLARRICA ",REGION DE LA ARAUCANIA,,EJECUCION,4354827,2026,RS,2026-01-09,TRANSPORTE,KILÓMETROS,17,SECT
30317475-0,CONSTRUCCION SISTEMA DE AGUA POTABLE HUAHUANCO,REGION DE LA ARAUCANIA,CUNCO,PREFACTIBILIDAD,92681,2026,OT,,RECURSOS HIDRICOS,NRO. DE ARRANQUES NUEVOS,81,SECT
40024685-0,REPOSICION INFRAESTRUCTURA USO PUBLICO Y ADMINISTRATIVA PARQUE NACIONAL NAHUELBUTA,REGION DE LA ARAUCANIA,ANGOL,EJECUCION,5101018,2026,RS,2026-07-03,RECURSOS NATURALES Y MEDIO AMBIENTE,METROS CUADRADOS,7195,FNDR
40032877-0,"CONSTRUCCION CAMARINES Y GRADERIAS MODULARES EN CANCHA DE FUTBOL PICHARES, PUCÓN",REGION DE LA ARAUCANIA,PUCON,EJECUCION,84872,2026,,,DEPORTES,METROS CUADRADOS,68,FNDR
40071087-0,"CONSTRUCCION RED DE AGUA POTABLE Y ALCANTARILLADO PARA VILLAS LOS RETIROS, TEMUCO ",REGION DE LA ARAUCANIA,TEMUCO,EJECUCION,1633376,2026,,,VIVIENDA Y DESARROLLO URBANO,NÚMERO DE SOLUCIONES,80,FNDR
40030398-0,REPOSICION CUARTEL DE BOMBEROS OCTAVA COMPAÑIA DE BOMBEROS DE TEMUCO,REGION DE LA ARAUCANIA,TEMUCO,DISEÑO,111446,2026,RS,2026-01-13,SEGURIDAD PUBLICA,METROS CUADRADOS,749,FNDR
40072774-0,"ADQUISICION Y REPOSICIÓN MAQUINARIA CONSERVACIÓN VIAL, MUNICIPALIDAD DE PUCÓN",REGION DE LA ARAUCANIA,PUCON,EJECUCION,402899,2026,,,TRANSPORTE,UNIDAD,3,FNDR
30389722-0,"MEJORAMIENTO PLAZA JORGE TEILLIER, LAUTARO",REGION DE LA ARAUCANIA,LAUTARO,EJECUCION,1259288,2026,RS,2025-12-04,VIVIENDA Y DESARROLLO URBANO,METROS CUADRADOS,11593,SECT
40070379-0,"CONSTRUCCION CENTRO MULTIPROPOSITO VILLA TRINTRE, COMUNA DE LOS SAUCES ",REGION DE LA ARAUCANIA,LOS SAUCES,EJECUCION,178572,2026,,,MULTISECTORIAL,METROS CUADRADOS,176,FNDR
40067205-0,"CONSERVACION CAMINO BASICO LIRCAY-BOTROLHUE, COMUNA DE TEMUCO",REGION DE LA ARAUCANIA,TEMUCO,EJECUCION,1558481,2026,,,TRANSPORTE,METROS,3500,FNDR
40055171-0,"REPOSICION PUENTE DE MADERA COMUNIDAD JOSE LUIS PARRA, PADRE LAS CASAS",REGION DE LA ARAUCANIA,PADRE LAS CASAS,EJECUCION,63706,2026,,,TRANSPORTE,METROS,5,FNDR
30391825-0,"REPOSICION CONSULTORIO GENERAL RURAL CHOLCHOL Y ADECUACIÓN A CESFAM, CHOLCHOL",REGION DE LA ARAUCANIA,CHOL CHOL,DISEÑO,566141,2026,RS,2026-01-07,SALUD,METROS CUADRADOS,2223,FNDR
40072323-0,"CONSTRUCCION PLANTA DE COMPOSTAJE COMUNAL, PUCÓN, ETAPA I",REGION DE LA ARAUCANIA,PUCON,EJECUCION,1518934190,2026,,,RECURSOS NATURALES Y MEDIO AMBIENTE,HABITANTE BENEFICIADO,0,FNDR
40070927-0,"MEJORAMIENTO ESPACIO PUBLICO LOS LAURELES, COMUNA DE CUNCO",REGION DE LA ARAUCANIA,CUNCO,EJECUCION,346000,2026,,,VIVIENDA Y DESARROLLO URBANO,METROS CUADRADOS,4010,FNDR
40067402-0,"CONSTRUCCION DE GARITAS CAMINERAS, SECTOR MILLEUCO, AÑILCO Y VIDA NUEVA, COMUNA DE VILLARRICA",REGION DE LA ARAUCANIA,VILLARRICA,EJECUCION,89222,2026,,,TRANSPORTE,UNIDAD,6,FNDR
40041454-0,"MEJORAMIENTO ESPACIOS PÚBLICOS AVENIDA OHIGGINS, COMUNA DE NUEVA IMPERIAL",REGION DE LA ARAUCANIA,NUEVA IMPERIAL,DISEÑO,59096,2026,,,VIVIENDA Y DESARROLLO URBANO,METROS CUADRADOS,7625,SECT
40070735-0,"CONSTRUCCION PARQUE URBANO BORDE RIO QUILLEM, COMUNA DE GALVARINO",REGION DE LA ARAUCANIA,GALVARINO,FACTIBILIDAD,111037,2026,,,VIVIENDA Y DESARROLLO URBANO,METROS CUADRADOS,25501,SECT
40081051-0,"ADQUISICION VEHÍCULO DE EMERGENCIA PARA GESTION DEL RIESGO DE DESASTRE, COMUNA DE VILLARRICA",REGION DE LA ARAUCANIA,VILLARRICA,EJECUCION,114958,2026,,,SEGURIDAD PUBLICA,UNIDAD,1,FNDR
40075454-0,REPOSICION Y ADQUISICION DE  MAQUINARIA PARA  CONSERVACION VIAL  DE LA COMUNA LAUTARO,REGION DE LA ARAUCANIA,LAUTARO,EJECUCION,1514960,2026,,,TRANSPORTE,UNIDAD,9,FNDR
40082407-0,ADQUISICION  GRUPOS ELECTROGENOS PARA SISTEMAS APR,REGION DE LA ARAUCANIA,,EJECUCION,55591,2026,,,SEGURIDAD PUBLICA,UNIDAD,5,FNDR
40066830-0,REPOSICION CANCHA FÚTBOL PULIL COMUNA DE PADRE LAS CASAS,REGION DE LA ARAUCANIA,PADRE LAS CASAS,EJECUCION,808342,2026,OT,2026-06-24,DEPORTES,METROS CUADRADOS,9467,FNDR
40068656-0,CONSERVACION rampa e infraestructura de apoyo caleta queule,REGION DE LA ARAUCANIA,TOLTEN,EJECUCION,996249,2026,RS,2025-10-21,PESCA,METROS CUADRADOS,1500,SECT
40026294-0,MEJORAMIENTO CAMINO BY PASS SAAVEDRA,REGION DE LA ARAUCANIA,SAAVEDRA,EJECUCION,6081774,2026,RS,2026-01-14,TRANSPORTE,KILÓMETROS,8,SECT
40054714-0,MEJORAMIENTO VIVIENDAS TUTELADAS TEMUCO 2025-2026,REGION DE LA ARAUCANIA,TEMUCO,EJECUCION,334657,2026,,,VIVIENDA Y DESARROLLO URBANO,UNIDAD,20,SECT
40047314-0,"CONSTRUCCION CICLOVIAS MIRAFLORES Y YUNGAY, CURACAUTIN ",REGION DE LA ARAUCANIA,CURACAUTIN,EJECUCION,989900,2026,RS,2025-11-24,TRANSPORTE,METROS,2080,SECT
40060098-0,"MEJORAMIENTO AMPLIACIÓN SISTEMA APR LA VICTORIA ALTA, VILCUN (RES.DOH N°1012/2023)",REGION DE LA ARAUCANIA,VILCUN,EJECUCION,2411391,2026,,,RECURSOS HIDRICOS,NRO. DE ARRANQUES TOTALES,152,SECT
40081582-0,"MEJORAMIENTO ACCESOS LICEO BICENTENARIO DE HOTELERÍA Y TURISMO, PUCÓN",REGION DE LA ARAUCANIA,PUCON,EJECUCION,25000,2026,,,EDUCACIÓN,UNIDAD,1,SECT
30441475-0,"CONSTRUCCION SISTEMA DE AGUA POTABLE RURAL  JUAN COLIPE, TEMUCO.",REGION DE LA ARAUCANIA,TEMUCO,DISEÑO,200062,2026,RS,,RECURSOS HIDRICOS,NRO. DE ARRANQUES TOTALES,67,FNDR
30441475-0,"CONSTRUCCION SISTEMA DE AGUA POTABLE RURAL  JUAN COLIPE, TEMUCO.",REGION DE LA ARAUCANIA,TEMUCO,PREFACTIBILIDAD,105013,2026,RS,2026-03-27,RECURSOS HIDRICOS,NRO. DE ARRANQUES TOTALES,67,FNDR
40038954-0,"REPOSICION PUENTE SCHNEIDER Y ACCESOS EN RUTA S-689, GORBEA",REGION DE LA ARAUCANIA,GORBEA,EJECUCION,5316,2026,RS,2025-11-27,TRANSPORTE,METROS,35,SECT
40081592-0,CONSERVACION EMERGENCIA LICEO BICENTENARIO COMPLEJO EDUCACIONAL ANDRÉS ANTONIO,REGION DE LA ARAUCANIA,GORBEA,EJECUCION,160619,2026,,,EDUCACIÓN,METROS CUADRADOS,38975,SECT
30483464-0,"REPOSICION LICEO C -44 ALONSO DE ERCILLA Y ZUÃ¿IGA, ERCILLA",REGION DE LA ARAUCANIA,ERCILLA,DISEÑO,1075258,2026,FI,2026-06-26,EDUCACIÓN,METROS CUADRADOS,5847,FNDR
40079840-0,"CONSTRUCCION BAÑOS PUBLICOS Y JUEGOS INFANTILES EN PLAZA DE ARMAS, COMUNA LOS SAUCES",REGION DE LA ARAUCANIA,LOS SAUCES,DISEÑO,10000,2026,,,TURISMO Y COMERCIO,METROS CUADRADOS,75,SECT
40071165-0,"CONSTRUCCION SISTEMAS AGUAS COMUNITARIAS VICTORINA MILLABLANCA M., COMUNA DE VILCUN",REGION DE LA ARAUCANIA,,DISEÑO,175036,2026,,,RECURSOS HIDRICOS,METROS,2200,SECT
40071165-0,"CONSTRUCCION SISTEMAS AGUAS COMUNITARIAS VICTORINA MILLABLANCA M., COMUNA DE VILCUN",REGION DE LA ARAUCANIA,,EJECUCION,170989,2026,,,RECURSOS HIDRICOS,METROS,2200,SECT
40063931-0,"MEJORAMIENTO CAMINOS RURALES, ACCESO CEMENTERIO LIRCAY Y SECTOR QUIRIPIO,CARAHUE",REGION DE LA ARAUCANIA,CARAHUE,EJECUCION,120000,2026,,,TRANSPORTE,METROS,6840,FNDR
40069208-0,ADQUISICION DE EQUIPOS PARA IMPLEMENTAR LA CIRUGÍA ROBÓTICA EN EL HOSPITAL HHA DE TEMUCO,REGION DE LA ARAUCANIA,,EJECUCION,4408836,2027,,,SALUD,METROS CUADRADOS,20,FNDR
40049739-0,"CONSERVACION EDIFICIO CENTRO COMUNITARIO, COMUNA DE MELIPEUCO",REGION DE LA ARAUCANIA,MELIPEUCO,EJECUCION,400754,2026,,,MULTISECTORIAL,HABITANTE BENEFICIADO,7742,FNDR
40082052-0,REPOSICION EQUIPOS CRITICOS H. VICTORIA,REGION DE LA ARAUCANIA,VICTORIA,EJECUCION,730791,2026,,,SALUD,UNIDAD,5,FNDR
40081865-0,"REPOSICION AMBULANCIAS DE EMERGENCIA BÁSICA PARA CESFAM, COMUNA DE LOS SAUCES",REGION DE LA ARAUCANIA,LOS SAUCES,EJECUCION,327726,2026,,,SALUD,UNIDAD,2,MUNIC
40045287-0,"CONSTRUCCION CANCHA PASTO SINTETICO VILLA LOS LAGOS, COMUNA DE GALVARINO",REGION DE LA ARAUCANIA,GALVARINO,EJECUCION,92999,2026,,,DEPORTES,METROS CUADRADOS,462,FNDR
40080315-0,"ADQUISICION ADQUISICION DE UNA CLINICA VETERINARIA MOVIL, PARA LA COMUNA DE CHOLCHOL",REGION DE LA ARAUCANIA,CHOL CHOL,EJECUCION,600000,2026,,,MULTISECTORIAL,UNIDAD,1,FNDR
40035237-0,"HABILITACION DE EMERGENCIA OFICINAS DIDECO, COMUNA DE ERCILLA ",REGION DE LA ARAUCANIA,ERCILLA,EJECUCION,98000,2026,,,MULTISECTORIAL,METROS CUADRADOS,335,FNDR
40026906-0,"MEJORAMIENTO RUTA CRUCE S-52 (CANCURA) -BOLDO HUACHO - CRUCE S-482, NUEVA IMPERIAL",REGION DE LA ARAUCANIA,NUEVA IMPERIAL,EJECUCION,6476425,2026,RS,2025-12-02,TRANSPORTE,KILÓMETROS,11,SECT
40069586-0,CONSTRUCCION CENTROS DE CARGA RELUN Y ÑANCUL PARA EL SISTEMA DE TRANSPORTES  BUSES VILLARRICA,REGION DE LA ARAUCANIA,VILLARRICA,EJECUCION,7606173,2026,RS,2026-03-31,TRANSPORTE,METROS CUADRADOS,10440,EMPRE
40077659-0,ADQUISICION VEHICULOS PARA TRANSPORTE  DE PERSONAL APS,REGION DE LA ARAUCANIA,GORBEA,EJECUCION,154650,2026,,,SALUD,UNIDAD,200,FNDR
40080927-0,"ADQUISICION DE VEHiCULO de RESPUESTA ANTE SITUACIONES DE EMERGENCIA, comuna de TOLTen",REGION DE LA ARAUCANIA,TOLTEN,EJECUCION,137945,2026,,,SEGURIDAD PUBLICA,UNIDAD,1,FNDR
40082031-0,"MEJORAMIENTO y ampliación SISTEMA SANITARIO RURAL CATRICO, comuna de VILLARRICA",REGION DE LA ARAUCANIA,VILLARRICA,EJECUCION,4359602,2027,,,RECURSOS HIDRICOS,NRO. DE ARRANQUES TOTALES,258,SECT
40046938-0,"CONSERVACION DE CAMINOS VECINALES, COMUNA DE GORBEA",REGION DE LA ARAUCANIA,GORBEA,EJECUCION,75609,2026,,,TRANSPORTE,METROS,5317,FNDR
40005682-0,"REPOSICION CANCHA ESTADIO MUNICIPAL DE CAJON, VILCUN ",REGION DE LA ARAUCANIA,VILCUN,EJECUCION,807200,2026,RS,2026-01-09,DEPORTES,METROS CUADRADOS,8103,FNDR
40071057-0,"MEJORAMIENTO CAMINOS SECTORES STA EMA,RARIRUCA Y LAS QUILAS,COMUNA DE CURACAUTÍN",REGION DE LA ARAUCANIA,CURACAUTIN,EJECUCION,248549,2026,,,TRANSPORTE,METROS,9341,FNDR
40079389-0,"ADQUISICION CLINICA MEDICA MOVIL, COMUNA TEODORO SCHMIDT",REGION DE LA ARAUCANIA,TEODORO SCHMIDT,EJECUCION,246330,2026,,,SALUD,UNIDAD,1,FNDR
40080498-0,"REPOSICION DE PARADEROS Y REFUGIOS PEATONALES DIVERSOS SECTORES RURALES, COMUNA DE SAAVEDRA",REGION DE LA ARAUCANIA,,EJECUCION,175758,2026,,,TRANSPORTE,UNIDAD,20,FNDR
40052526-0,CONSTRUCCION CUARTEL SEGUNDA COMPAÑIA DE BOMBEROS DE LONCOCHE,REGION DE LA ARAUCANIA,LONCOCHE,EJECUCION,2073132,2026,,,SEGURIDAD PUBLICA,METROS CUADRADOS,595,FNDR
40070929-0,"CONSERVACION CAMINOS SECTOR RURAL QUILMER, COMUNA TEODORO SCHMIDT",REGION DE LA ARAUCANIA,TEODORO SCHMIDT,EJECUCION,299933,2026,,,TRANSPORTE,METROS,7213,FNDR
40066766-0,"CONSERVACION SSR NUEVA QUEULE, TOLTÉN, PROVINCIA DE CAUTÍN, REGIÓN DE LA ARAUCANIA",REGION DE LA ARAUCANIA,TOLTEN,EJECUCION,274838,2026,,,RECURSOS HIDRICOS,NRO. DE ARRANQUES NUEVOS,58,SECT
40072785-0,"CONSTRUCCION SALA CUNA Y JARDIN INFANTIL PARQUE VILLARRICA 15, VILLARRICA",REGION DE LA ARAUCANIA,VILLARRICA,DISEÑO,98154,2026,RS,2026-01-09,EDUCACIÓN,METROS CUADRADOS,670,SECT
40081968-0,CONSERVACION RED VIAL ADMINISTRACION DIRECTA REGION DE LA ARAUCANIA ,REGION DE LA ARAUCANIA,,EJECUCION,10963564,2027,,,TRANSPORTE,KILÓMETROS,1500,SECT
40080566-0,"NORMALIZACION PASOS PEATONALES, RESALTOS E INSTALACIÓN SEÑALETICA VIAL, COMUNA DE MELIPEUCO",REGION DE LA ARAUCANIA,MELIPEUCO,EJECUCION,220230,2026,,,TRANSPORTE,UNIDAD,113,FNDR
40055256-0,"AMPLIACION APR MOLONHUE ALTO Y BAJO, TEODORO SCHMIDT",REGION DE LA ARAUCANIA,TEODORO SCHMIDT,EJECUCION,113017,2026,,,RECURSOS HIDRICOS,NRO. DE ARRANQUES NUEVOS,10,FNDR
40077310-0,MEJORAMIENTO EMBARCADERO PUBLICO VILLARRICA,REGION DE LA ARAUCANIA,VILLARRICA,EJECUCION,3092996,2026,,,VIVIENDA Y DESARROLLO URBANO,METROS,400,SECT
40076286-0,"ADQUISICION Y REPOSICIÓN DE POOL DE MAQUINARIA PARA LA UNIDAD DE CAMINOS, COMUNA DE CARAHUE",REGION DE LA ARAUCANIA,CARAHUE,EJECUCION,1869414,2026,,,TRANSPORTE,UNIDAD,10,FNDR
40076286-0,"ADQUISICION Y REPOSICIÓN DE POOL DE MAQUINARIA PARA LA UNIDAD DE CAMINOS, COMUNA DE CARAHUE",REGION DE LA ARAUCANIA,CARAHUE,EJECUCION,1869414,2027,,,TRANSPORTE,UNIDAD,10,FNDR
40047517-0,CONSERVACION RED PRIMARIA DE AGUAS LLUVIAS REGION DE LA ARAUCANIA 2024 - 2025,REGION DE LA ARAUCANIA,,EJECUCION,1999040,2026,AD,2025-11-21,RECURSOS HIDRICOS,METROS,11190,SECT
40071215-0,CONSERVACION PASTO SINTÉTICO ESTADIO CURARREHUE,REGION DE LA ARAUCANIA,CURARREHUE,EJECUCION,348500,2026,,,DEPORTES,METROS CUADRADOS,130,FNDR
40060031-0,"MEJORAMIENTO AMPLIACIÓN SISTEMA DE APR ÑANCUL, VILLARRICA (RES.DOH N°1012/2023) ",REGION DE LA ARAUCANIA,VILLARRICA,EJECUCION,4263698,2026,,,RECURSOS HIDRICOS,NRO. DE ARRANQUES TOTALES,716,SECT
30043928-0,REPOSICION PUENTE MANCHURIA Y ACCESOS,REGION DE LA ARAUCANIA,CURACAUTIN,EJECUCION,4183748,2026,FI,2025-11-28,TRANSPORTE,METROS,65,SECT
30096602-0,INSTALACION SISTEMA DE AGUA POTABLE RURAL SECTOR RÍO NEGRO,REGION DE LA ARAUCANIA,CUNCO,EJECUCION,1759502,2026,OT,2026-06-15,RECURSOS HIDRICOS,NRO. DE ARRANQUES TOTALES,63,SECT
30122283-0,"MEJORAMIENTO CAMINO MAQUEHUE - ZANJA, PADRE LAS CASAS",REGION DE LA ARAUCANIA,PADRE LAS CASAS,EJECUCION,7609184,2026,RS,2026-01-07,TRANSPORTE,KILÓMETROS,22,FNDR
30487000-0,"REPOSICION 6° COMPAÑÍA DE BOMBEROS LOCALIDAD DE PÚA, VICTORIA",REGION DE LA ARAUCANIA,VICTORIA,DISEÑO,61560,2026,,,SEGURIDAD PUBLICA,METROS CUADRADOS,420,FNDR
30438575-0,"CONSERVACION PARQUE SANTA LUCIA, COLLIPULLI",REGION DE LA ARAUCANIA,COLLIPULLI,EJECUCION,3413931,2026,,,VIVIENDA Y DESARROLLO URBANO,METROS CUADRADOS,76267,SECT
30487011-0,REPOSICION CON RELOCALIZACION JUZGADO DE LETRAS Y GARANTIA  DE CURACAUTIN,REGION DE LA ARAUCANIA,CURACAUTIN,DISEÑO,838627,2026,RS,,JUSTICIA,METROS CUADRADOS,1872,SECT
40079637-0,"MEJORAMIENTO RUTA S-168 GALVARINO LA PIEDRA, GALVARINO",REGION DE LA ARAUCANIA,GALVARINO,EJECUCION,8011210,2026,RS,2026-06-23,TRANSPORTE,KILÓMETROS,7,SECT
40012931-0,"MEJORAMIENTO Y AMPLIACION APR SANTA MARIA  DE LLAIMA, MELIPEUCO",REGION DE LA ARAUCANIA,MELIPEUCO,EJECUCION,3940177,2026,,,RECURSOS HIDRICOS,NRO. DE ARRANQUES TOTALES,432,SECT
40081623-0,ADQUISICION DE VEHICULO PARA FORTALECER LA RESPUESTA ANTE SITUACIONES DE EMERGENCIAS ANGOL ,REGION DE LA ARAUCANIA,ANGOL,EJECUCION,114964,2026,,,MULTISECTORIAL,UNIDAD,1,FNDR
40080307-0,"ADQUISICION ADQUISICION DE UN  MAMOGRAFO, PARA LA COMUNA DE CHOLCHOL",REGION DE LA ARAUCANIA,CHOL CHOL,EJECUCION,600000,2026,,,SALUD,UNIDAD,1,FNDR
40048975-0,"REPOSICION VEREDAS CALLE BARROS ARANA ENTRE ESC. GUACOLDA Y  HOSPITAL (LADO SUR), LAUTARO",REGION DE LA ARAUCANIA,LAUTARO,EJECUCION,33730,2026,,,TRANSPORTE,METROS CUADRADOS,1003,FNDR
40070598-0,"REPARACION BACHES Y MEJORAMIENTO VIAL VARIAS CALZADAS URBANAS, LONCOCHE",REGION DE LA ARAUCANIA,LONCOCHE,EJECUCION,300000,2026,,,TRANSPORTE,METROS CUADRADOS,5599,FNDR
40070049-0,CONSERVACION PAVIMENTOS RURALES REGION DE LA ARAUCANÍA,REGION DE LA ARAUCANIA,,EJECUCION,11389258,2026,AD,2025-12-18,TRANSPORTE,KILÓMETROS,25,SECT
40081924-0,"MEJORAMIENTO SISTEMA SANITARIO RURAL ALLIPEN, FREIRE ",REGION DE LA ARAUCANIA,,EJECUCION,2497327,2026,,,RECURSOS HIDRICOS,NRO. DE ARRANQUES TOTALES,189,SECT
40082172-0,"CONSTRUCCION SISTEMA DE AGUA POTABLE RURAL JUAN COLIPE, TEMUCO",REGION DE LA ARAUCANIA,TEMUCO,DISEÑO,200061,2026,,,RECURSOS HIDRICOS,NRO. DE ARRANQUES NUEVOS,105,FNDR
40078040-0,"CONSERVACION POSTA SALUD RURAL DIDAICO, TRAIGUEN",REGION DE LA ARAUCANIA,TRAIGUEN,EJECUCION,350000,2026,,,SALUD,METROS CUADRADOS,351,SECT
40081021-0,"ADQUISICION VEHICULO ESPECIALIZADO UNIDAD DE EMERGENCIAS MUNICIPAL, PADRE LAS CASAS",REGION DE LA ARAUCANIA,PADRE LAS CASAS,EJECUCION,114954,2026,,,SEGURIDAD PUBLICA,UNIDAD,1,FNDR
40077160-0,"CONSERVACION DE LUMINARIAS Y SEÑLETICAS SECTOR BARRIO CORVI, CURACAUTÍN",REGION DE LA ARAUCANIA,CURACAUTIN,EJECUCION,86278,2026,,,VIVIENDA Y DESARROLLO URBANO,UNIDAD,108,SECT
40069605-0,"CONSERVACION SISTEMA SANITARIO RURAL VILLA CHIGUAYHUE,ANGOL",REGION DE LA ARAUCANIA,ANGOL,EJECUCION,590556,2026,,,RECURSOS HIDRICOS,NRO. DE ARRANQUES TOTALES,24,SECT
40079407-0,"CONSTRUCCION ELECTRIFICACION RURAL SECTOR ICALMA, CRUZACO Y OTROS, LONQUIMAY",REGION DE LA ARAUCANIA,LONQUIMAY,EJECUCION,721438,2026,,,ENERGIA,NÚMERO DE EMPALMES,49,FNDR
40078041-0,"CONSERVACION HOSPITAL DR. DINO STAGNO MACCIONI, TRAIGUÉN",REGION DE LA ARAUCANIA,,EJECUCION,1320000,2026,,,SALUD,METROS CUADRADOS,4500,SECT
40049166-0,"CONSTRUCCION CESFAM LONCOCHE, COMUNA DE LONCOCHE",REGION DE LA ARAUCANIA,,DISEÑO,255735,2026,,,SALUD,METROS CUADRADOS,2376,FNDR
40082566-0,ADQUISICION DE GENERADORES PARA CONTINUIDAD DE SERVICIO DE APRS Y CAMIONETA DE P,REGION DE LA ARAUCANIA,CUNCO,EJECUCION,155862,2026,,,SEGURIDAD PUBLICA,UNIDAD,4,FNDR
30105632-0,CONSTRUCCION BIBLIOTECA MUNICIPAL NUEVA IMPERIAL,REGION DE LA ARAUCANIA,NUEVA IMPERIAL,EJECUCION,124932,2026,RS,2026-07-20,"EDUCACION, CULTURA Y PATRIMONIO",METROS CUADRADOS,2561,FNDR
40076160-0,CONSERVACION ESCUELA MARIANO LATORRE VILLARRICA,REGION DE LA ARAUCANIA,VILLARRICA,EJECUCION,15465,2026,,,EDUCACIÓN,METROS CUADRADOS,28,SECT
40082605-0,"CONSTRUCCION CENTRO DE DIÁLISIS, COMUNA DE MELIPEUCO",REGION DE LA ARAUCANIA,MELIPEUCO,EJECUCION,345000,2026,,,SALUD,METROS CUADRADOS,500,FNDR
40077095-0,"ADQUISICION VEHÍCULOS ESPECIALES PARA TRANSPORTE CANINO, PDI REGIÓN DE LA ARAUCANÍA",REGION DE LA ARAUCANIA,,EJECUCION,146937,2026,,,SEGURIDAD PUBLICA,UNIDAD,2,FNDR
40080652-0,"CONSTRUCCION REFUGIOS PEATONALES DIFERENTES SECTORES, COMUNA DE FREIRE",REGION DE LA ARAUCANIA,FREIRE,EJECUCION,346201,2026,,,TRANSPORTE,METROS CUADRADOS,214,FNDR
40035001-0,"REPOSICION PARCIAL SISTEMA APR RAPAHUE Y AMPLIACIÓN A RAYEN LAFQUEN, CHOL CHOL ",REGION DE LA ARAUCANIA,CHOL CHOL,EJECUCION,791105,2026,,,RECURSOS HIDRICOS,NRO. DE ARRANQUES NUEVOS,129,SECT
40015138-0,MEJORAMIENTO CBI VICTORIA LAS CARDAS SELVA OSCURA,REGION DE LA ARAUCANIA,VICTORIA,EJECUCION,5657343,2026,RS,2025-11-27,TRANSPORTE,KILÓMETROS,23,SECT
40049397-0,"MEJORAMIENTO CBI PUENTE QUEPE CAIVICO LOS NOTROS, VILCUN",REGION DE LA ARAUCANIA,VILCUN,EJECUCION,7909203,2026,RS,2025-11-22,TRANSPORTE,KILÓMETROS,13,SECT
40081333-0,ADQUISICION VEHÍCULO PARA FORTALECER LA RESPUESTA ANTE SITUACIONES DE EMERGENCIA,REGION DE LA ARAUCANIA,PUCON,EJECUCION,114954,2026,,,SEGURIDAD PUBLICA,UNIDAD,1,FNDR
40075829-0,CONSTRUCCION PUNTO DE POSADA PARA HELICOPTEROS LONCOCHE,REGION DE LA ARAUCANIA,LONCOCHE,EJECUCION,744989,2026,RS,2025-11-19,TRANSPORTE,METROS CUADRADOS,3969,SECT
40024413-0,"INSTALACION SISTEMA DE AGUA POTABLE  CHIGUAICO, VILLARRICA",REGION DE LA ARAUCANIA,VILLARRICA,PREFACTIBILIDAD,283319,2026,FI,2026-05-20,RECURSOS HIDRICOS,NRO. DE ARRANQUES NUEVOS,385,FNDR
40038762-0,"MEJORAMIENTO COSTANERA PONIENTE ENTRE PUENTE VIEJO Y A. PINTO, LAUTARO",REGION DE LA ARAUCANIA,LAUTARO,DISEÑO,99646,2026,,,VIVIENDA Y DESARROLLO URBANO,METROS,800,FNDR
40070874-0,"REPOSICION CAMION RECOLECTOR PARA LA GESTION DE RSD, COMUNA DE LAUTARO",REGION DE LA ARAUCANIA,LAUTARO,EJECUCION,206332,2027,,,RECURSOS NATURALES Y MEDIO AMBIENTE,UNIDAD,100,FNDR
30484768-0,"CONSTRUCCION SISTEMA AGUA POTABLE RURAL MELIRREHUE Y LAS 500, GORBEA",REGION DE LA ARAUCANIA,GORBEA,EJECUCION,2736957,2026,RS,2026-07-01,RECURSOS HIDRICOS,NRO. DE ARRANQUES TOTALES,116,FNDR
40071564-0,"AMPLIACION Y HABILITACIÓN SISTEMA DE TELEVIGILANCIA, COMUNA DE LAUTARO",REGION DE LA ARAUCANIA,LAUTARO,EJECUCION,1160113,2026,,,SEGURIDAD PUBLICA,UNIDAD,86,FNDR
40036593-0,"REPOSICION JARDIN INFANTIL Y SALA CUNA CORAZON CONTENTO, LONCOCHE",REGION DE LA ARAUCANIA,LONCOCHE,EJECUCION,1706090,2026,FI,2026-08-26,EDUCACIÓN,METROS CUADRADOS,742,SECT
30463626-0,"INSTALACION SISTEMA APR MARIMENUCO ALTO, LONQUIMAY",REGION DE LA ARAUCANIA,LONQUIMAY,EJECUCION,1401324,2026,RS,2025-11-11,RECURSOS HIDRICOS,NRO. DE ARRANQUES NUEVOS,57,SECT
40060101-0,"MEJORAMIENTO AMPLIACIÓN SISTEMA APR REMOLINO MAQUEHUE, PADRE LAS CASAS (RES.DOH N°1012/2023)",REGION DE LA ARAUCANIA,PADRE LAS CASAS,EJECUCION,1813759,2026,,,RECURSOS HIDRICOS,NRO. DE ARRANQUES TOTALES,301,SECT
40018637-0,MEJORAMIENTO CBI IMPERIAL CARAHUE POR EL BAJO,REGION DE LA ARAUCANIA,,EJECUCION,6668283,2026,RS,2026-01-14,TRANSPORTE,KILÓMETROS,15,SECT
40078722-0,"REPOSICION VEREDAS CALLES GOROSTIAGA, LYNCH, RIQUELME Y URRUTIA, NUEVA IMPERIAL",REGION DE LA ARAUCANIA,NUEVA IMPERIAL,EJECUCION,120591,2026,,,VIVIENDA Y DESARROLLO URBANO,METROS CUADRADOS,2159,FNDR
40046849-0,CONSERVACION JARDIN  INFANTIL VOLCANES ,REGION DE LA ARAUCANIA,PADRE LAS CASAS,EJECUCION,200000,2026,,,"EDUCACION, CULTURA Y PATRIMONIO",METROS CUADRADOS,947,SECT
40074452-0,"CONSERVACION EMERGENCIA LICEO EMA ESPINOZA CORREA, LAUTARO",REGION DE LA ARAUCANIA,LAUTARO,EJECUCION,693664,2026,,,EDUCACIÓN,METROS CUADRADOS,3839,SECT
40078028-0,"REPOSICION de central de radios y equipos de comunicacion, para bomberos chol chol ",REGION DE LA ARAUCANIA,CHOL CHOL,EJECUCION,182082,2026,,,COMUNICACIONES,UNIDAD,211,FNDR
40081946-0,"CONSTRUCCION ELECTRIFICACION RURAL SECTOR VISTA HERMOSA Y LLIULLIUCURA, LAUTARO",REGION DE LA ARAUCANIA,LAUTARO,EJECUCION,983256,2026,,,ENERGIA,NÚMERO DE EMPALMES,58,FNDR
40032738-0,"MEJORAMIENTO ESPACIOS PÚBLICOS ZONA MONUMENTO HISTÓRICO LOCOMÓVILES, AVENIDA ERCILLA, CARAHUE",REGION DE LA ARAUCANIA,CARAHUE,EJECUCION,1164992,2026,RS,2026-06-23,VIVIENDA Y DESARROLLO URBANO,METROS CUADRADOS,8000,FNDR
40045987-0,"MEJORAMIENTO CANCHA DE FUTBOL COMPLEJO DEPORTIVO MUNICIPAL EL ROBLE, PUCÓN",REGION DE LA ARAUCANIA,PUCON,EJECUCION,1057774,2026,FI,2026-07-30,DEPORTES,METROS CUADRADOS,7000,FNDR
40031194-0,MEJORAMIENTO CBI VARIOS CAMINOS LA ARAUCANIA ETAPA 1,REGION DE LA ARAUCANIA,,DISEÑO,739409,2026,FI,2026-01-14,TRANSPORTE,KILÓMETROS,80,SECT
40059387-0,"CONSERVACION SSR VILLA LOS BOLDOS, COMUNA DE TOLTÉN,  REGIÓN DE LA ARAUCANÍA ",REGION DE LA ARAUCANIA,,EJECUCION,542701,2026,,,RECURSOS HIDRICOS,NRO. DE ARRANQUES TOTALES,322,SECT
40078010-0,"MEJORAMIENTO MULTICANCHA CACIQUE MARILUAN 4, VICTORIA",REGION DE LA ARAUCANIA,VICTORIA,EJECUCION,95922,2026,,,DEPORTES,METROS CUADRADOS,757,FNDR
40069632-0,CONSERVACION SSR Molco Bajo VILLARRICA ,REGION DE LA ARAUCANIA,VILLARRICA,EJECUCION,1017596,2026,,,RECURSOS HIDRICOS,NRO. DE ARRANQUES TOTALES,540,SECT
40082287-0,"CONSTRUCCION ELECTRIFICACION RURAL SECTOR MULITO, COLIHUINCA TORI Y OTROS, COLLIPULLI",REGION DE LA ARAUCANIA,COLLIPULLI,EJECUCION,1112027,2026,,,ENERGIA,NÚMERO DE EMPALMES,74,FNDR
40011169-0,CONSERVACION RED VIAL REGIÓN DE LA ARAUCANIA 2020,REGION DE LA ARAUCANIA,,EJECUCION,2724531,2026,,,TRANSPORTE,KILÓMETROS,100,SECT
40078600-0,"CONSERVACION ESCUELA LAS AMERICAS, PITRUFQUEN",REGION DE LA ARAUCANIA,PITRUFQUEN,EJECUCION,16000,2026,,,EDUCACIÓN,METROS CUADRADOS,112,SECT
40080744-0,ADQUISICION DE VEHÃ_x008d_CULO PARA FORTALECER SITUACIONES DE EMERGENCIA EN LA COMUNA DE PERQUENCO,REGION DE LA ARAUCANIA,PERQUENCO,EJECUCION,114954,2026,,,SEGURIDAD PUBLICA,UNIDAD,1,FNDR
40070967-0,CONSERVACION CUARTEL POLICIA DE INVESTIGACIONES LAUTARO,REGION DE LA ARAUCANIA,,EJECUCION,334092,2026,,,SEGURIDAD PUBLICA,METROS CUADRADOS,482,SECT
40075541-0,CONSTRUCCION PLAZA COMUY COMUNA DE PITRUFQUEN,REGION DE LA ARAUCANIA,PITRUFQUEN,EJECUCION,150000,2026,,,MULTISECTORIAL,METROS CUADRADOS,2136,FNDR
40080515-0,"MEJORAMIENTO ÁREA VERDE EL TRÉBOL DE LABRANZA, TEMUCO",REGION DE LA ARAUCANIA,,DISEÑO,20000,2026,,,VIVIENDA Y DESARROLLO URBANO,METROS CUADRADOS,2000,SECT
40052543-0,"REPOSICION DE EQUIPOS DE ALUMBRADO PUBLICO, COMUNA DE PITRUFQUEN",REGION DE LA ARAUCANIA,PITRUFQUEN,EJECUCION,1914453,2026,,,ENERGIA,UNIDAD,2696,FNDR
40065258-0,"REPOSICION PUENTE  MALALCHE, COMUNA DE CHOLCHOL",REGION DE LA ARAUCANIA,CHOL CHOL,EJECUCION,56344,2026,,,TRANSPORTE,METROS CUADRADOS,180,FNDR
30485668-0,"CONSTRUCCION CIRCUITO PATRIMONIAL, COLLIPULLI",REGION DE LA ARAUCANIA,COLLIPULLI,EJECUCION,6401453,2026,RS,2026-01-13,VIVIENDA Y DESARROLLO URBANO,METROS CUADRADOS,28234,FNDR
40038559-0,"REPOSICION SALA CUNA, JARDIN INFANTIL Y OTRAS DEPENDENCIAS DE APOYO HOSPITAL TRAIGUEN",REGION DE LA ARAUCANIA,TRAIGUEN,DISEÑO,68572,2026,RS,2026-01-15,SALUD,METROS CUADRADOS,635,SECT
40066390-0,"ADQUISICION Equipos y Equipamiento de Radiocomunicaciones para la PDI, La Araucania",REGION DE LA ARAUCANIA,,EJECUCION,4105500,2026,,,SEGURIDAD PUBLICA,UNIDAD,238,FNDR
40068159-0,"CONSTRUCCION PLAZA PLAZA WASHINGTON, NUEVA TOLTEN, COMUNA DE TOLTEN ",REGION DE LA ARAUCANIA,TOLTEN,EJECUCION,141631,2026,,,VIVIENDA Y DESARROLLO URBANO,METROS CUADRADOS,1587,SECT
40081087-0,MEJORAMIENTO VIAL CALLE HERNAN TRIZANO Y SECTOR NUEVO AMANECER ,REGION DE LA ARAUCANIA,PUREN,EJECUCION,26000,2026,,,VIVIENDA Y DESARROLLO URBANO,METROS CUADRADOS,3632,SECT
40078740-0,"CONSERVACION EMERGENCIA ESCUELA ESPECIAL TULIO MORA, PUREN",REGION DE LA ARAUCANIA,PUREN,EJECUCION,27500,2026,,,EDUCACIÓN,METROS CUADRADOS,831,SECT
40069633-0,"AMPLIACION Y MEJORAMIENTO SISTEMA APR EL CARDAL, NUEVA IMPERIAL ",REGION DE LA ARAUCANIA,NUEVA IMPERIAL,DISEÑO,54952,2026,,,RECURSOS HIDRICOS,NRO. DE ARRANQUES TOTALES,107,SECT
40069656-0,"REPOSICION SISTEMA APR PERQUENCO, PERQUENCO ",REGION DE LA ARAUCANIA,,PREFACTIBILIDAD,165269,2026,,,RECURSOS HIDRICOS,NRO. DE ARRANQUES TOTALES,1765,SECT
40001198-0,"CONSTRUCCION MERCADO MUNICIPAL, TROL TREN",REGION DE LA ARAUCANIA,TOLTEN,DISEÑO,62066,2026,,,TURISMO Y COMERCIO,METROS CUADRADOS,1501,FNDR
40037607-0,"REPOSICION ESTADIO VIEJO CARAHUE, COMUNA CARAHUE",REGION DE LA ARAUCANIA,CARAHUE,EJECUCION,2724837,2026,,2026-01-09,DEPORTES,METROS CUADRADOS,9875,FNDR
40046998-0,"MEJORAMIENTO CIRCULACION PEATONAL ENTRE PARADERO DE BUSES Y VILLA ESTACION, CARAHUE",REGION DE LA ARAUCANIA,CARAHUE,EJECUCION,146745,2026,,,VIVIENDA Y DESARROLLO URBANO,METROS CUADRADOS,448,FNDR
30130586-0,"CONSTRUCCION SISTEMA AGUA POTABLE RURAL PICHIQUEPE, P. LAS CASAS",REGION DE LA ARAUCANIA,PADRE LAS CASAS,EJECUCION,4237521,2026,RS,,RECURSOS HIDRICOS,NRO. DE ARRANQUES TOTALES,356,FNDR
30036236-0,"INSTALACION SISTEMA AGUA POTABLE RURAL LEFUN, VILLARRICA",REGION DE LA ARAUCANIA,VILLARRICA,EJECUCION,5160661,2026,RS,2026-03-16,RECURSOS HIDRICOS,NRO. DE ARRANQUES TOTALES,370,FNDR
40081024-0,ADQUISICION EQUIPOS TRATAMIENTO PATOLOGÍAS CUTÁNEAS SSAS,REGION DE LA ARAUCANIA,,EJECUCION,405790,2026,,,SALUD,UNIDAD,7,FNDR
40076264-0,"MEJORAMIENTO CAMINO PLAYA LINDA - LEFUN CONQUIL (S-12), VILLARRICA",REGION DE LA ARAUCANIA,VILLARRICA,EJECUCION,6112805,2026,RS,2026-03-10,TRANSPORTE,KILÓMETROS,6,SECT
40071175-0,REPOSICION ACERAS CALLE A. PRAT ENTRE BLANCO ENCALADA Y SCHMIDT DE VILCÚN,REGION DE LA ARAUCANIA,VILCUN,EJECUCION,337144,2026,,,VIVIENDA Y DESARROLLO URBANO,METROS CUADRADOS,4872,FNDR
40063248-0,"NORMALIZACION Y MEJORAMIENTO RUTAS PEATONALES, PROVINCIA DE CAUTÍN",REGION DE LA ARAUCANIA,,DISEÑO,579006,2026,RS,2025-12-05,TRANSPORTE,METROS CUADRADOS,44902,SECT
40068500-0,"CONSERVACION AREA DE JUEGOS INFANTILES ZONA ACCESO CERRO ÑIELOL, TEMUCO",REGION DE LA ARAUCANIA,TEMUCO,EJECUCION,295654,2026,,,VIVIENDA Y DESARROLLO URBANO,METROS CUADRADOS,1,SECT
40080643-0,CONSTRUCCION Y REPOSICIÓN DE REFUGIOS PEATONALES CON ILUMINACIÓN SOLAR ZONA LAFK,REGION DE LA ARAUCANIA,CARAHUE,EJECUCION,150000,2026,,,TRANSPORTE,UNIDAD,15,FNDR
40080706-0,"REPOSICION REFUGIOS PEATONALES, COMUNA DE VILCUN",REGION DE LA ARAUCANIA,VILCUN,EJECUCION,348750,2026,,,TRANSPORTE,UNIDAD,37,FNDR
40081089-0,MEJORAMIENTO DE ÁREA VERDE VILLA LAS ARAUCARIAS COMUNA DE PURÉN,REGION DE LA ARAUCANIA,PUREN,DISEÑO,27000,2026,,,VIVIENDA Y DESARROLLO URBANO,METROS CUADRADOS,595,SECT
40082148-0,REPOSICION EQUIPO ENDOSCOPIA. TEMUCO,REGION DE LA ARAUCANIA,TEMUCO,EJECUCION,363224,2026,,,SALUD,UNIDAD,2500,FNDR
30470444-0,"REPOSICION ESTACIONES COMUNITARIAS DE SALUD RURAL, COLLIPULLI",REGION DE LA ARAUCANIA,COLLIPULLI,EJECUCION,730470,2026,RS,2026-01-09,MULTISECTORIAL,METROS CUADRADOS,363,FNDR
40081863-0,"MEJORAMIENTO SISTEMA SANITARIO RURAL MALLIN DEL TREILE, LONQUIMAY",REGION DE LA ARAUCANIA,,EJECUCION,3308422,2026,,,RECURSOS HIDRICOS,NRO. DE ARRANQUES TOTALES,328,SECT
50002297-0,"CONSTRUCCION SALA DE PROCESOS DE APICULTORES, LONCOCHE",REGION DE LA ARAUCANIA,LONCOCHE,EJECUCION,337145,2026,,,TURISMO Y COMERCIO,METROS CUADRADOS,492,FNDR
40080125-0,"REPOSICION VEREDAS E INSTALACION DE LUMINARIAS AVDA. OHIGGINS, ENTRE MANUEL PLAZA Y LOS ROBLES, HUALPIN",REGION DE LA ARAUCANIA,TEODORO SCHMIDT,EJECUCION,153884,2026,,,TRANSPORTE,METROS CUADRADOS,457,FNDR
40070470-0,"MEJORAMIENTO AREAS VERDES LOCALIDAD LA BARRA, TOLTEN",REGION DE LA ARAUCANIA,TOLTEN,DISEÑO,40547,2026,,,VIVIENDA Y DESARROLLO URBANO,METROS CUADRADOS,1054,SECT
40016546-0,"MEJORAMIENTO CAMINO BASICO INTERMEDIO LAS HORTENSIAS QUECHEREHUE COLICO, COMUNA CUNCO",REGION DE LA ARAUCANIA,CUNCO,EJECUCION,7591096,2026,RS,2025-12-22,TRANSPORTE,KILÓMETROS,15,SECT
40079862-0,"CONSTRUCCION Y REPOSICIÓN DE PARADEROS RURALES Y URBANOS, RUTA S-199, RUTA S-95-T, RUTA S-91, II FAJA, VILLARRICA",REGION DE LA ARAUCANIA,VILLARRICA,EJECUCION,280673,2026,,,TRANSPORTE,UNIDAD,28,FNDR
40056898-0,CONSERVACION POR CAMINOS BASICOS PROVINCIA DE MALLECO 1 2023-2025 BUEN VIVIR ,REGION DE LA ARAUCANIA,,EJECUCION,18199678,2026,AD,2025-12-01,TRANSPORTE,KILÓMETROS,54,SECT
40081579-0,"CONSTRUCCION PISTA ATLETICA ESTADIO FISCAL OSVALDO MUÑOZ CARRILLO, PUCÓN",REGION DE LA ARAUCANIA,PUCON,EJECUCION,320000,2026,,,DEPORTES,METROS CUADRADOS,7000,FNDR
20160278-0,"CONSTRUCCION SISTEMA AGUA POTABLE RURAL STA CELIA,CAMARONES Y EL MANZANO, CARAHUE",REGION DE LA ARAUCANIA,CARAHUE,EJECUCION,10431896,2026,OT,2026-08-17,RECURSOS HIDRICOS,NRO. DE ARRANQUES TOTALES,388,FNDR
40076989-0,"MEJORAMIENTO  BARRIO JAVIERA CARRERA, ANGOL",REGION DE LA ARAUCANIA,ANGOL,EJECUCION,474391,2027,FI,,VIVIENDA Y DESARROLLO URBANO,METROS CUADRADOS,1,SECT
40076989-0,"MEJORAMIENTO  BARRIO JAVIERA CARRERA, ANGOL",REGION DE LA ARAUCANIA,ANGOL,EJECUCION,474390,2026,FI,2026-07-13,VIVIENDA Y DESARROLLO URBANO,METROS CUADRADOS,1,SECT
40080618-0,"MEJORAMIENTO BARRIO EL TRÉBOL DE LABRANZA, TEMUCO",REGION DE LA ARAUCANIA,TEMUCO,EJECUCION,500625,2027,,,VIVIENDA Y DESARROLLO URBANO,METROS CUADRADOS,2000,SECT
40027996-0,CONSERVACION  CAMINOS PLAN INDÍGENA REGIÓN DE LA ARAUCANIA 2020 PLAN DE RECUPERACION,REGION DE LA ARAUCANIA,,EJECUCION,7764514,2026,,,TRANSPORTE,KILÓMETROS,100,SECT
30486627-0,"MEJORAMIENTO BORDE COSTERO PUERTO DOMINGUEZ, LAGO BUDI",REGION DE LA ARAUCANIA,SAAVEDRA,PREFACTIBILIDAD,286953,2026,RS,2025-10-24,VIVIENDA Y DESARROLLO URBANO,METROS,1300,SECT
40069609-0,"CONSERVACION SISTEMA SANITARIO RURAL AMULEY, CARAHUE",REGION DE LA ARAUCANIA,CARAHUE,EJECUCION,531531,2026,,,RECURSOS HIDRICOS,NRO. DE ARRANQUES TOTALES,98,SECT
40078563-0,"MEJORAMIENTO Y REPOSICION MOBILIARIO CALLE PAC ENTRE  ACCESO PONIENTE Y CALLE GALVARINO, MELIPEUCO",REGION DE LA ARAUCANIA,MELIPEUCO,EJECUCION,108847,2026,,,VIVIENDA Y DESARROLLO URBANO,METROS,800,FNDR
40066710-0,"MEJORAMIENTO SSR HUINCACARA MOLCO ALTO,  VILLARRICA, PROV. CAUTIN , REG, DE LA ARAUCANÍA",REGION DE LA ARAUCANIA,VILLARRICA,EJECUCION,1551561,2026,,,RECURSOS HIDRICOS,METROS CUADRADOS,184,SECT
40030703-0,"REPOSICION Y RELOCALIZACIÓN PLANTA TRATAMIENTO AGUAS SERVIDAS PUA, VICTORIA",REGION DE LA ARAUCANIA,VICTORIA,EJECUCION,4032004,2026,FI,2026-01-12,RECURSOS HIDRICOS,NRO. UNIDADES DOMICILIARIAS,260,FNDR
40069702-0,"CONSTRUCCION CANCHA DE PASTO SINTETICO SECTOR LOLONCO, COMUNA DE PUREN",REGION DE LA ARAUCANIA,PUREN,EJECUCION,150000,2026,,,DEPORTES,METROS CUADRADOS,1520,FNDR
40075530-0,"MEJORAMIENTO PLAZA CIVICA DE QUEPE, COMUNA DE FREIRE",REGION DE LA ARAUCANIA,FREIRE,DISEÑO,41240,2026,,,VIVIENDA Y DESARROLLO URBANO,METROS CUADRADOS,11800,SECT
40082419-0,ADQUISICION DE GENERADORES PARA APRS COMUNA DE CUNCO,REGION DE LA ARAUCANIA,CUNCO,EJECUCION,42217,2026,,,SEGURIDAD PUBLICA,UNIDAD,3,FNDR
40070590-0,CONSERVACION ARCHIVO REGIONAL DE LA ARAUCANIA,REGION DE LA ARAUCANIA,TEMUCO,EJECUCION,997679,2026,AD,2026-05-25,CULTURA Y PATRIMONIO,METROS CUADRADOS,1329,SECT
